# Blender 5.1.0
# www.blender.org
mtllib Bevel2x2.mtl
o Cube
v 0.000000 0.000000 -1.000000
v 1.000000 0.000000 0.000000
v 0.000000 -1.000000 0.000000
v -1.000000 0.000000 0.000000
v 0.000000 0.000000 1.000000
v 0.000000 1.000000 0.000000
v 0.500000 0.000000 -1.000000
v -0.500000 0.000000 -1.000000
v 0.000000 -0.500000 -1.000000
v 0.000000 0.500000 -1.000000
v 1.000000 0.000000 0.500000
v 1.000000 0.000000 -0.500000
v 1.000000 -0.500000 0.000000
v 1.000000 0.500000 0.000000
v 0.000000 -1.000000 0.500000
v 0.000000 -1.000000 -0.500000
v -0.500000 -1.000000 0.000000
v 0.500000 -1.000000 0.000000
v -1.000000 0.000000 -0.500000
v -1.000000 0.000000 0.500000
v -1.000000 -0.500000 0.000000
v -1.000000 0.500000 0.000000
v -0.500000 0.000000 1.000000
v 0.500000 0.000000 1.000000
v 0.000000 -0.500000 1.000000
v 0.000000 0.500000 1.000000
v 0.000000 1.000000 0.500000
v 0.000000 1.000000 -0.500000
v 0.500000 1.000000 0.000000
v -0.500000 1.000000 0.000000
v -0.500000 1.000000 -0.500000
v 0.500000 1.000000 -0.500000
v 0.500000 1.000000 0.500000
v 0.500000 0.500000 1.000000
v 0.500000 -0.500000 1.000000
v -0.500000 -0.500000 1.000000
v -1.000000 0.500000 0.500000
v -1.000000 -0.500000 0.500000
v -1.000000 -0.500000 -0.500000
v 0.500000 -1.000000 -0.500000
v -0.500000 -1.000000 -0.500000
v -0.500000 -1.000000 0.500000
v 1.000000 0.500000 -0.500000
v 1.000000 -0.500000 -0.500000
v 1.000000 -0.500000 0.500000
v -0.500000 0.500000 -1.000000
v -0.500000 -0.500000 -1.000000
v 0.500000 -0.500000 -1.000000
v 0.500000 0.500000 -1.000000
v 1.000000 0.500000 0.500000
v 0.500000 -1.000000 0.500000
v -1.000000 0.500000 -0.500000
v -0.500000 0.500000 1.000000
v -0.500000 1.000000 0.500000
v 0.750000 0.000000 -1.000000
v -0.250000 0.000000 -1.000000
v 0.000000 -0.750000 -1.000000
v 0.000000 0.250000 -1.000000
v 1.000000 0.000000 0.750000
v 1.000000 0.000000 -0.250000
v 1.000000 -0.750000 0.000000
v 1.000000 0.250000 0.000000
v 0.000000 -1.000000 0.750000
v 0.000000 -1.000000 -0.250000
v -0.750000 -1.000000 0.000000
v 0.250000 -1.000000 0.000000
v -1.000000 0.000000 -0.750000
v -1.000000 0.000000 0.250000
v -1.000000 -0.750000 0.000000
v -1.000000 0.250000 0.000000
v -0.750000 0.000000 1.000000
v 0.250000 0.000000 1.000000
v 0.000000 -0.750000 1.000000
v 0.000000 0.250000 1.000000
v 0.000000 1.000000 0.750000
v 0.000000 1.000000 -0.250000
v 0.750000 1.000000 0.000000
v -0.250000 1.000000 0.000000
v 0.250000 0.000000 -1.000000
v -0.750000 0.000000 -1.000000
v 0.000000 -0.250000 -1.000000
v 0.000000 0.750000 -1.000000
v 1.000000 0.000000 0.250000
v 1.000000 0.000000 -0.750000
v 1.000000 -0.250000 0.000000
v 1.000000 0.750000 0.000000
v 0.000000 -1.000000 0.250000
v 0.000000 -1.000000 -0.750000
v -0.250000 -1.000000 0.000000
v 0.750000 -1.000000 0.000000
v -1.000000 0.000000 -0.250000
v -1.000000 0.000000 0.750000
v -1.000000 -0.250000 0.000000
v -1.000000 0.750000 0.000000
v -0.250000 0.000000 1.000000
v 0.750000 0.000000 1.000000
v 0.000000 -0.250000 1.000000
v 0.000000 0.750000 1.000000
v 0.000000 1.000000 0.250000
v 0.000000 1.000000 -0.750000
v 0.250000 1.000000 0.000000
v -0.750000 1.000000 0.000000
v -0.500000 1.000000 -0.250000
v -0.500000 1.000000 -0.750000
v -0.250000 1.000000 -0.500000
v -0.750000 1.000000 -0.500000
v 0.500000 1.000000 -0.250000
v 0.500000 1.000000 -0.750000
v 0.750000 1.000000 -0.500000
v 0.250000 1.000000 -0.500000
v 0.500000 1.000000 0.750000
v 0.500000 1.000000 0.250000
v 0.750000 1.000000 0.500000
v 0.250000 1.000000 0.500000
v 0.250000 0.500000 1.000000
v 0.750000 0.500000 1.000000
v 0.500000 0.250000 1.000000
v 0.500000 0.750000 1.000000
v 0.250000 -0.500000 1.000000
v 0.750000 -0.500000 1.000000
v 0.500000 -0.750000 1.000000
v 0.500000 -0.250000 1.000000
v -0.750000 -0.500000 1.000000
v -0.250000 -0.500000 1.000000
v -0.500000 -0.750000 1.000000
v -0.500000 -0.250000 1.000000
v -1.000000 0.500000 0.250000
v -1.000000 0.500000 0.750000
v -1.000000 0.250000 0.500000
v -1.000000 0.750000 0.500000
v -1.000000 -0.500000 0.250000
v -1.000000 -0.500000 0.750000
v -1.000000 -0.750000 0.500000
v -1.000000 -0.250000 0.500000
v -1.000000 -0.500000 -0.750000
v -1.000000 -0.500000 -0.250000
v -1.000000 -0.750000 -0.500000
v -1.000000 -0.250000 -0.500000
v 0.500000 -1.000000 -0.250000
v 0.500000 -1.000000 -0.750000
v 0.250000 -1.000000 -0.500000
v 0.750000 -1.000000 -0.500000
v -0.500000 -1.000000 -0.250000
v -0.500000 -1.000000 -0.750000
v -0.750000 -1.000000 -0.500000
v -0.250000 -1.000000 -0.500000
v -0.500000 -1.000000 0.750000
v -0.500000 -1.000000 0.250000
v -0.750000 -1.000000 0.500000
v -0.250000 -1.000000 0.500000
v 1.000000 0.500000 -0.250000
v 1.000000 0.500000 -0.750000
v 1.000000 0.250000 -0.500000
v 1.000000 0.750000 -0.500000
v 1.000000 -0.500000 -0.250000
v 1.000000 -0.500000 -0.750000
v 1.000000 -0.750000 -0.500000
v 1.000000 -0.250000 -0.500000
v 1.000000 -0.500000 0.750000
v 1.000000 -0.500000 0.250000
v 1.000000 -0.750000 0.500000
v 1.000000 -0.250000 0.500000
v -0.250000 0.500000 -1.000000
v -0.750000 0.500000 -1.000000
v -0.500000 0.250000 -1.000000
v -0.500000 0.750000 -1.000000
v -0.250000 -0.500000 -1.000000
v -0.750000 -0.500000 -1.000000
v -0.500000 -0.750000 -1.000000
v -0.500000 -0.250000 -1.000000
v 0.750000 -0.500000 -1.000000
v 0.250000 -0.500000 -1.000000
v 0.500000 -0.750000 -1.000000
v 0.500000 -0.250000 -1.000000
v 0.750000 0.500000 -1.000000
v 0.250000 0.500000 -1.000000
v 0.500000 0.250000 -1.000000
v 0.500000 0.750000 -1.000000
v 1.000000 0.500000 0.750000
v 1.000000 0.500000 0.250000
v 1.000000 0.250000 0.500000
v 1.000000 0.750000 0.500000
v 0.500000 -1.000000 0.750000
v 0.500000 -1.000000 0.250000
v 0.250000 -1.000000 0.500000
v 0.750000 -1.000000 0.500000
v -1.000000 0.500000 -0.750000
v -1.000000 0.500000 -0.250000
v -1.000000 0.250000 -0.500000
v -1.000000 0.750000 -0.500000
v -0.750000 0.500000 1.000000
v -0.250000 0.500000 1.000000
v -0.500000 0.250000 1.000000
v -0.500000 0.750000 1.000000
v -0.500000 1.000000 0.750000
v -0.500000 1.000000 0.250000
v -0.250000 1.000000 0.500000
v -0.750000 1.000000 0.500000
v -0.750000 1.000000 0.250000
v -0.250000 1.000000 0.250000
v -0.250000 1.000000 0.750000
v -0.250000 0.750000 1.000000
v -0.250000 0.250000 1.000000
v -0.750000 0.250000 1.000000
v -1.000000 0.750000 -0.250000
v -1.000000 0.250000 -0.250000
v -1.000000 0.250000 -0.750000
v 0.750000 -1.000000 0.250000
v 0.250000 -1.000000 0.250000
v 0.250000 -1.000000 0.750000
v 1.000000 0.750000 0.250000
v 1.000000 0.250000 0.250000
v 1.000000 0.250000 0.750000
v 0.250000 0.750000 -1.000000
v 0.250000 0.250000 -1.000000
v 0.750000 0.250000 -1.000000
v 0.250000 -0.250000 -1.000000
v 0.250000 -0.750000 -1.000000
v 0.750000 -0.750000 -1.000000
v -0.750000 -0.250000 -1.000000
v -0.750000 -0.750000 -1.000000
v -0.250000 -0.750000 -1.000000
v -0.750000 0.750000 -1.000000
v -0.750000 0.250000 -1.000000
v -0.250000 0.250000 -1.000000
v 1.000000 -0.250000 0.250000
v 1.000000 -0.750000 0.250000
v 1.000000 -0.750000 0.750000
v 1.000000 -0.250000 -0.750000
v 1.000000 -0.750000 -0.750000
v 1.000000 -0.750000 -0.250000
v 1.000000 0.750000 -0.750000
v 1.000000 0.250000 -0.750000
v 1.000000 0.250000 -0.250000
v -0.250000 -1.000000 0.250000
v -0.750000 -1.000000 0.250000
v -0.750000 -1.000000 0.750000
v -0.250000 -1.000000 -0.750000
v -0.750000 -1.000000 -0.750000
v -0.750000 -1.000000 -0.250000
v 0.750000 -1.000000 -0.750000
v 0.250000 -1.000000 -0.750000
v 0.250000 -1.000000 -0.250000
v -1.000000 -0.250000 -0.250000
v -1.000000 -0.750000 -0.250000
v -1.000000 -0.750000 -0.750000
v -1.000000 -0.250000 0.750000
v -1.000000 -0.750000 0.750000
v -1.000000 -0.750000 0.250000
v -1.000000 0.750000 0.750000
v -1.000000 0.250000 0.750000
v -1.000000 0.250000 0.250000
v -0.250000 -0.250000 1.000000
v -0.250000 -0.750000 1.000000
v -0.750000 -0.750000 1.000000
v 0.750000 -0.250000 1.000000
v 0.750000 -0.750000 1.000000
v 0.250000 -0.750000 1.000000
v 0.750000 0.750000 1.000000
v 0.750000 0.250000 1.000000
v 0.250000 0.250000 1.000000
v 0.250000 1.000000 0.250000
v 0.750000 1.000000 0.250000
v 0.750000 1.000000 0.750000
v 0.250000 1.000000 -0.750000
v 0.750000 1.000000 -0.750000
v 0.750000 1.000000 -0.250000
v -0.750000 1.000000 -0.750000
v -0.250000 1.000000 -0.750000
v -0.250000 1.000000 -0.250000
v -0.750000 1.000000 -0.250000
v 0.250000 1.000000 -0.250000
v 0.250000 1.000000 0.750000
v 0.250000 0.750000 1.000000
v 0.250000 -0.250000 1.000000
v -0.750000 -0.250000 1.000000
v -1.000000 0.750000 0.250000
v -1.000000 -0.250000 0.250000
v -1.000000 -0.250000 -0.750000
v 0.750000 -1.000000 -0.250000
v -0.250000 -1.000000 -0.250000
v -0.250000 -1.000000 0.750000
v 1.000000 0.750000 -0.250000
v 1.000000 -0.250000 -0.250000
v 1.000000 -0.250000 0.750000
v -0.250000 0.750000 -1.000000
v -0.250000 -0.250000 -1.000000
v 0.750000 -0.250000 -1.000000
v 0.750000 0.750000 -1.000000
v 1.000000 0.750000 0.750000
v 0.750000 -1.000000 0.750000
v -1.000000 0.750000 -0.750000
v -0.750000 0.750000 1.000000
v -0.750000 1.000000 0.750000
v 0.964401 1.000000 -0.964401
v 1.000000 0.964401 -0.964401
v 0.964401 0.964401 -1.000000
v 0.964401 -0.964401 -1.000000
v 1.000000 -0.964401 -0.964401
v 0.964401 -1.000000 -0.964401
v 0.964401 1.000000 0.964401
v 0.964401 0.964401 1.000000
v 1.000000 0.964401 0.964401
v 1.000000 -0.964401 0.964401
v 0.964401 -0.964401 1.000000
v 0.964401 -1.000000 0.964401
v -0.964401 1.000000 -0.964401
v -0.964401 0.964401 -1.000000
v -1.000000 0.964401 -0.964401
v -0.964401 -1.000000 -0.964401
v -1.000000 -0.964401 -0.964401
v -0.964401 -0.964401 -1.000000
v -1.000000 0.964401 0.964401
v -0.964401 0.964401 1.000000
v -0.964401 1.000000 0.964401
v -0.964401 -1.000000 0.964401
v -0.964401 -0.964401 1.000000
v -1.000000 -0.964401 0.964401
v -0.964401 -1.000000 0.000000
v -1.000000 -0.964401 0.000000
v 0.000000 -1.000000 -0.964401
v 0.000000 -0.964401 -1.000000
v 1.000000 0.000000 -0.964401
v 0.964401 0.000000 -1.000000
v -0.964401 0.000000 1.000000
v -1.000000 0.000000 0.964401
v 0.964401 0.000000 1.000000
v 1.000000 0.000000 0.964401
v -0.964401 0.000000 -1.000000
v -1.000000 0.000000 -0.964401
v 0.000000 1.000000 0.964401
v 0.000000 0.964401 1.000000
v 0.964401 1.000000 0.000000
v 1.000000 0.964401 0.000000
v 0.000000 -1.000000 0.964401
v 0.000000 -0.964401 1.000000
v -0.964401 1.000000 0.000000
v -1.000000 0.964401 0.000000
v 0.000000 1.000000 -0.964401
v 0.000000 0.964401 -1.000000
v 0.964401 -1.000000 0.000000
v 1.000000 -0.964401 0.000000
v -0.964401 -1.000000 0.500000
v -1.000000 -0.964401 0.500000
v -0.500000 -1.000000 -0.964401
v -0.500000 -0.964401 -1.000000
v 1.000000 -0.500000 -0.964401
v 0.964401 -0.500000 -1.000000
v -0.964401 0.500000 1.000000
v -1.000000 0.500000 0.964401
v 0.964401 -0.500000 1.000000
v 1.000000 -0.500000 0.964401
v -0.964401 -0.500000 -1.000000
v -1.000000 -0.500000 -0.964401
v -0.500000 1.000000 0.964401
v -0.500000 0.964401 1.000000
v 0.964401 1.000000 0.500000
v 1.000000 0.964401 0.500000
v 0.500000 -1.000000 0.964401
v 0.500000 -0.964401 1.000000
v -0.964401 1.000000 -0.500000
v -1.000000 0.964401 -0.500000
v 0.500000 1.000000 -0.964401
v 0.500000 0.964401 -1.000000
v 0.964401 -1.000000 -0.500000
v 1.000000 -0.964401 -0.500000
v -0.964401 -1.000000 -0.500000
v -1.000000 -0.964401 -0.500000
v 0.500000 -1.000000 -0.964401
v 0.500000 -0.964401 -1.000000
v 1.000000 0.500000 -0.964401
v 0.964401 0.500000 -1.000000
v -0.964401 -0.500000 1.000000
v -1.000000 -0.500000 0.964401
v 0.964401 0.500000 1.000000
v 1.000000 0.500000 0.964401
v -0.964401 0.500000 -1.000000
v -1.000000 0.500000 -0.964401
v 0.500000 1.000000 0.964401
v 0.500000 0.964401 1.000000
v 0.964401 1.000000 -0.500000
v 1.000000 0.964401 -0.500000
v -0.500000 -1.000000 0.964401
v -0.500000 -0.964401 1.000000
v -0.964401 1.000000 0.500000
v -1.000000 0.964401 0.500000
v -0.500000 1.000000 -0.964401
v -0.500000 0.964401 -1.000000
v 0.964401 -1.000000 0.500000
v 1.000000 -0.964401 0.500000
v -1.000000 -0.964401 0.750000
v -0.964401 -1.000000 0.750000
v -0.750000 -0.964401 -1.000000
v -0.750000 -1.000000 -0.964401
v 0.964401 -0.750000 -1.000000
v 1.000000 -0.750000 -0.964401
v -1.000000 0.750000 0.964401
v -0.964401 0.750000 1.000000
v 1.000000 -0.750000 0.964401
v 0.964401 -0.750000 1.000000
v -1.000000 -0.750000 -0.964401
v -0.964401 -0.750000 -1.000000
v -0.750000 0.964401 1.000000
v -0.750000 1.000000 0.964401
v 1.000000 0.964401 0.750000
v 0.964401 1.000000 0.750000
v 0.750000 -0.964401 1.000000
v 0.750000 -1.000000 0.964401
v -1.000000 0.964401 -0.750000
v -0.964401 1.000000 -0.750000
v 0.750000 0.964401 -1.000000
v 0.750000 1.000000 -0.964401
v 1.000000 -0.964401 -0.750000
v 0.964401 -1.000000 -0.750000
v -1.000000 -0.964401 -0.250000
v -0.964401 -1.000000 -0.250000
v 0.250000 -0.964401 -1.000000
v 0.250000 -1.000000 -0.964401
v 0.964401 0.250000 -1.000000
v 1.000000 0.250000 -0.964401
v -1.000000 -0.250000 0.964401
v -0.964401 -0.250000 1.000000
v 1.000000 0.250000 0.964401
v 0.964401 0.250000 1.000000
v -1.000000 0.250000 -0.964401
v -0.964401 0.250000 -1.000000
v 0.250000 0.964401 1.000000
v 0.250000 1.000000 0.964401
v 1.000000 0.964401 -0.250000
v 0.964401 1.000000 -0.250000
v -0.250000 -0.964401 1.000000
v -0.250000 -1.000000 0.964401
v -1.000000 0.964401 0.250000
v -0.964401 1.000000 0.250000
v -0.250000 0.964401 -1.000000
v -0.250000 1.000000 -0.964401
v 1.000000 -0.964401 0.250000
v 0.964401 -1.000000 0.250000
v -1.000000 -0.964401 0.250000
v -0.964401 -1.000000 0.250000
v -0.250000 -0.964401 -1.000000
v -0.250000 -1.000000 -0.964401
v 0.964401 -0.250000 -1.000000
v 1.000000 -0.250000 -0.964401
v -1.000000 0.250000 0.964401
v -0.964401 0.250000 1.000000
v 1.000000 -0.250000 0.964401
v 0.964401 -0.250000 1.000000
v -1.000000 -0.250000 -0.964401
v -0.964401 -0.250000 -1.000000
v -0.250000 0.964401 1.000000
v -0.250000 1.000000 0.964401
v 1.000000 0.964401 0.250000
v 0.964401 1.000000 0.250000
v 0.250000 -0.964401 1.000000
v 0.250000 -1.000000 0.964401
v -1.000000 0.964401 -0.250000
v -0.964401 1.000000 -0.250000
v 0.250000 0.964401 -1.000000
v 0.250000 1.000000 -0.964401
v 1.000000 -0.964401 -0.250000
v 0.964401 -1.000000 -0.250000
v -1.000000 -0.964401 -0.750000
v -0.964401 -1.000000 -0.750000
v 0.750000 -0.964401 -1.000000
v 0.750000 -1.000000 -0.964401
v 0.964401 0.750000 -1.000000
v 1.000000 0.750000 -0.964401
v -1.000000 -0.750000 0.964401
v -0.964401 -0.750000 1.000000
v 1.000000 0.750000 0.964401
v 0.964401 0.750000 1.000000
v -1.000000 0.750000 -0.964401
v -0.964401 0.750000 -1.000000
v 0.750000 0.964401 1.000000
v 0.750000 1.000000 0.964401
v 1.000000 0.964401 -0.750000
v 0.964401 1.000000 -0.750000
v -0.750000 -0.964401 1.000000
v -0.750000 -1.000000 0.964401
v -1.000000 0.964401 0.750000
v -0.964401 1.000000 0.750000
v -0.750000 0.964401 -1.000000
v -0.750000 1.000000 -0.964401
v 1.000000 -0.964401 0.750000
v 0.964401 -1.000000 0.750000
v -0.750000 1.000000 0.375000
v -0.750000 1.000000 0.125000
v -0.125000 1.000000 0.750000
v -0.375000 1.000000 0.750000
v -0.375000 0.750000 1.000000
v -0.125000 0.750000 1.000000
v -0.750000 0.125000 1.000000
v -0.750000 0.375000 1.000000
v -1.000000 0.750000 -0.375000
v -1.000000 0.750000 -0.125000
v -1.000000 0.125000 -0.750000
v -1.000000 0.375000 -0.750000
v 0.750000 -1.000000 0.375000
v 0.750000 -1.000000 0.125000
v 0.125000 -1.000000 0.750000
v 0.375000 -1.000000 0.750000
v 1.000000 0.750000 0.375000
v 1.000000 0.750000 0.125000
v 1.000000 0.125000 0.750000
v 1.000000 0.375000 0.750000
v 0.375000 0.750000 -1.000000
v 0.125000 0.750000 -1.000000
v 0.750000 0.125000 -1.000000
v 0.750000 0.375000 -1.000000
v 0.375000 -0.750000 -1.000000
v 0.125000 -0.750000 -1.000000
v 0.625000 -0.750000 -1.000000
v 0.750000 -0.625000 -1.000000
v -0.750000 -0.375000 -1.000000
v -0.750000 -0.125000 -1.000000
v -0.625000 -0.750000 -1.000000
v -0.750000 -0.625000 -1.000000
v -0.125000 -0.750000 -1.000000
v -0.375000 -0.750000 -1.000000
v -0.625000 0.750000 -1.000000
v -0.750000 0.625000 -1.000000
v -0.750000 0.125000 -1.000000
v -0.750000 0.375000 -1.000000
v 1.000000 -0.750000 0.375000
v 1.000000 -0.750000 0.125000
v 1.000000 -0.750000 0.625000
v 1.000000 -0.625000 0.750000
v 1.000000 -0.375000 -0.750000
v 1.000000 -0.125000 -0.750000
v 1.000000 -0.750000 -0.625000
v 1.000000 -0.625000 -0.750000
v 1.000000 -0.750000 -0.125000
v 1.000000 -0.750000 -0.375000
v 1.000000 0.750000 -0.625000
v 1.000000 0.625000 -0.750000
v 1.000000 0.125000 -0.750000
v 1.000000 0.375000 -0.750000
v -0.750000 -1.000000 0.375000
v -0.750000 -1.000000 0.125000
v -0.750000 -1.000000 0.625000
v -0.625000 -1.000000 0.750000
v -0.375000 -1.000000 -0.750000
v -0.125000 -1.000000 -0.750000
v -0.750000 -1.000000 -0.625000
v -0.625000 -1.000000 -0.750000
v -0.750000 -1.000000 -0.125000
v -0.750000 -1.000000 -0.375000
v 0.750000 -1.000000 -0.625000
v 0.625000 -1.000000 -0.750000
v 0.125000 -1.000000 -0.750000
v 0.375000 -1.000000 -0.750000
v -1.000000 -0.750000 -0.375000
v -1.000000 -0.750000 -0.125000
v -1.000000 -0.750000 -0.625000
v -1.000000 -0.625000 -0.750000
v -1.000000 -0.375000 0.750000
v -1.000000 -0.125000 0.750000
v -1.000000 -0.750000 0.625000
v -1.000000 -0.625000 0.750000
v -1.000000 -0.750000 0.125000
v -1.000000 -0.750000 0.375000
v -1.000000 0.750000 0.625000
v -1.000000 0.625000 0.750000
v -1.000000 0.125000 0.750000
v -1.000000 0.375000 0.750000
v -0.375000 -0.750000 1.000000
v -0.125000 -0.750000 1.000000
v -0.625000 -0.750000 1.000000
v -0.750000 -0.625000 1.000000
v 0.750000 -0.375000 1.000000
v 0.750000 -0.125000 1.000000
v 0.625000 -0.750000 1.000000
v 0.750000 -0.625000 1.000000
v 0.125000 -0.750000 1.000000
v 0.375000 -0.750000 1.000000
v 0.625000 0.750000 1.000000
v 0.750000 0.625000 1.000000
v 0.750000 0.125000 1.000000
v 0.750000 0.375000 1.000000
v 0.750000 1.000000 0.375000
v 0.750000 1.000000 0.125000
v 0.750000 1.000000 0.625000
v 0.625000 1.000000 0.750000
v 0.375000 1.000000 -0.750000
v 0.125000 1.000000 -0.750000
v 0.750000 1.000000 -0.625000
v 0.625000 1.000000 -0.750000
v 0.750000 1.000000 -0.125000
v 0.750000 1.000000 -0.375000
v -0.750000 1.000000 -0.625000
v -0.625000 1.000000 -0.750000
v -0.125000 1.000000 -0.750000
v -0.375000 1.000000 -0.750000
v -0.750000 1.000000 -0.125000
v -0.750000 1.000000 -0.375000
v 0.375000 1.000000 0.750000
v 0.125000 1.000000 0.750000
v 0.125000 0.750000 1.000000
v 0.375000 0.750000 1.000000
v -0.750000 -0.375000 1.000000
v -0.750000 -0.125000 1.000000
v -1.000000 0.750000 0.125000
v -1.000000 0.750000 0.375000
v -1.000000 -0.375000 -0.750000
v -1.000000 -0.125000 -0.750000
v 0.750000 -1.000000 -0.125000
v 0.750000 -1.000000 -0.375000
v -0.375000 -1.000000 0.750000
v -0.125000 -1.000000 0.750000
v 1.000000 0.750000 -0.125000
v 1.000000 0.750000 -0.375000
v 1.000000 -0.375000 0.750000
v 1.000000 -0.125000 0.750000
v -0.125000 0.750000 -1.000000
v -0.375000 0.750000 -1.000000
v 0.750000 -0.375000 -1.000000
v 0.750000 -0.125000 -1.000000
v 0.625000 0.750000 -1.000000
v 0.750000 0.625000 -1.000000
v 1.000000 0.750000 0.625000
v 1.000000 0.625000 0.750000
v 0.750000 -1.000000 0.625000
v 0.625000 -1.000000 0.750000
v -1.000000 0.750000 -0.625000
v -1.000000 0.625000 -0.750000
v -0.625000 0.750000 1.000000
v -0.750000 0.625000 1.000000
v -0.750000 1.000000 0.625000
v -0.625000 1.000000 0.750000
v 0.964401 0.982200 -0.982200
v 0.982200 0.982200 -0.964401
v 0.982200 0.964401 -0.982200
v 0.964401 -0.982200 -0.982200
v 0.982200 -0.964401 -0.982200
v 0.982200 -0.982200 -0.964401
v 0.982200 0.982200 0.964401
v 0.964401 0.982200 0.982200
v 0.982200 0.964401 0.982200
v 0.982200 -0.982200 0.964401
v 0.982200 -0.964401 0.982200
v 0.964401 -0.982200 0.982200
v -0.982200 0.982200 -0.964401
v -0.964401 0.982200 -0.982200
v -0.982200 0.964401 -0.982200
v -0.964401 -0.982200 -0.982200
v -0.982200 -0.982200 -0.964401
v -0.982200 -0.964401 -0.982200
v -0.982200 0.982200 0.964401
v -0.982200 0.964401 0.982200
v -0.964401 0.982200 0.982200
v -0.982200 -0.982200 0.964401
v -0.964401 -0.982200 0.982200
v -0.982200 -0.964401 0.982200
v -0.982200 -0.982200 0.750000
v -0.964401 -1.000000 0.857200
v -1.000000 -0.964401 0.857200
v -0.750000 -0.982200 -0.982200
v -0.857200 -1.000000 -0.964401
v -0.857200 -0.964401 -1.000000
v 0.982200 -0.750000 -0.982200
v 1.000000 -0.857200 -0.964401
v 0.964401 -0.857200 -1.000000
v -0.982200 0.750000 0.982200
v -0.964401 0.857200 1.000000
v -1.000000 0.857200 0.964401
v 0.982200 -0.750000 0.982200
v 0.964401 -0.857200 1.000000
v 1.000000 -0.857200 0.964401
v -0.982200 -0.750000 -0.982200
v -0.964401 -0.857200 -1.000000
v -1.000000 -0.857200 -0.964401
v -0.750000 0.982200 0.982200
v -0.857200 1.000000 0.964401
v -0.857200 0.964401 1.000000
v 0.982200 0.982200 0.750000
v 0.964401 1.000000 0.857200
v 1.000000 0.964401 0.857200
v 0.750000 -0.982200 0.982200
v 0.857200 -1.000000 0.964401
v 0.857200 -0.964401 1.000000
v -0.982200 0.982200 -0.750000
v -0.964401 1.000000 -0.857200
v -1.000000 0.964401 -0.857200
v 0.750000 0.982200 -0.982200
v 0.857200 1.000000 -0.964401
v 0.857200 0.964401 -1.000000
v 0.982200 -0.982200 -0.750000
v 0.964401 -1.000000 -0.857200
v 1.000000 -0.964401 -0.857200
v -0.982200 -0.982200 -0.250000
v -0.964401 -1.000000 -0.125000
v -0.982200 -0.982200 0.000000
v -1.000000 -0.964401 -0.125000
v 0.250000 -0.982200 -0.982200
v 0.125000 -1.000000 -0.964401
v 0.000000 -0.982200 -0.982200
v 0.125000 -0.964401 -1.000000
v 0.982200 0.250000 -0.982200
v 1.000000 0.125000 -0.964401
v 0.982200 0.000000 -0.982200
v 0.964401 0.125000 -1.000000
v -0.982200 -0.250000 0.982200
v -0.964401 -0.125000 1.000000
v -0.982200 0.000000 0.982200
v -1.000000 -0.125000 0.964401
v 0.982200 0.250000 0.982200
v 0.964401 0.125000 1.000000
v 0.982200 0.000000 0.982200
v 1.000000 0.125000 0.964401
v -0.982200 0.250000 -0.982200
v -0.964401 0.125000 -1.000000
v -0.982200 0.000000 -0.982200
v -1.000000 0.125000 -0.964401
v 0.250000 0.982200 0.982200
v 0.125000 1.000000 0.964401
v 0.000000 0.982200 0.982200
v 0.125000 0.964401 1.000000
v 0.982200 0.982200 -0.250000
v 0.964401 1.000000 -0.125000
v 0.982200 0.982200 0.000000
v 1.000000 0.964401 -0.125000
v -0.250000 -0.982200 0.982200
v -0.125000 -1.000000 0.964401
v 0.000000 -0.982200 0.982200
v -0.125000 -0.964401 1.000000
v -0.982200 0.982200 0.250000
v -0.964401 1.000000 0.125000
v -0.982200 0.982200 0.000000
v -1.000000 0.964401 0.125000
v -0.250000 0.982200 -0.982200
v -0.125000 1.000000 -0.964401
v 0.000000 0.982200 -0.982200
v -0.125000 0.964401 -1.000000
v 0.982200 -0.982200 0.250000
v 0.964401 -1.000000 0.125000
v 0.982200 -0.982200 0.000000
v 1.000000 -0.964401 0.125000
v -0.982200 -0.982200 0.250000
v -0.964401 -1.000000 0.375000
v -0.982200 -0.982200 0.500000
v -1.000000 -0.964401 0.375000
v -0.250000 -0.982200 -0.982200
v -0.375000 -1.000000 -0.964401
v -0.500000 -0.982200 -0.982200
v -0.375000 -0.964401 -1.000000
v 0.982200 -0.250000 -0.982200
v 1.000000 -0.375000 -0.964401
v 0.982200 -0.500000 -0.982200
v 0.964401 -0.375000 -1.000000
v -0.982200 0.250000 0.982200
v -0.964401 0.375000 1.000000
v -0.982200 0.500000 0.982200
v -1.000000 0.375000 0.964401
v 0.982200 -0.250000 0.982200
v 0.964401 -0.375000 1.000000
v 0.982200 -0.500000 0.982200
v 1.000000 -0.375000 0.964401
v -0.982200 -0.250000 -0.982200
v -0.964401 -0.375000 -1.000000
v -0.982200 -0.500000 -0.982200
v -1.000000 -0.375000 -0.964401
v -0.250000 0.982200 0.982200
v -0.375000 1.000000 0.964401
v -0.500000 0.982200 0.982200
v -0.375000 0.964401 1.000000
v 0.982200 0.982200 0.250000
v 0.964401 1.000000 0.375000
v 0.982200 0.982200 0.500000
v 1.000000 0.964401 0.375000
v 0.250000 -0.982200 0.982200
v 0.375000 -1.000000 0.964401
v 0.500000 -0.982200 0.982200
v 0.375000 -0.964401 1.000000
v -0.982200 0.982200 -0.250000
v -0.964401 1.000000 -0.375000
v -0.982200 0.982200 -0.500000
v -1.000000 0.964401 -0.375000
v 0.250000 0.982200 -0.982200
v 0.375000 1.000000 -0.964401
v 0.500000 0.982200 -0.982200
v 0.375000 0.964401 -1.000000
v 0.982200 -0.982200 -0.250000
v 0.964401 -1.000000 -0.375000
v 0.982200 -0.982200 -0.500000
v 1.000000 -0.964401 -0.375000
v -0.982200 -0.982200 -0.750000
v -0.964401 -1.000000 -0.625000
v -0.982200 -0.982200 -0.500000
v -1.000000 -0.964401 -0.625000
v 0.750000 -0.982200 -0.982200
v 0.625000 -1.000000 -0.964401
v 0.500000 -0.982200 -0.982200
v 0.625000 -0.964401 -1.000000
v 0.982200 0.750000 -0.982200
v 1.000000 0.625000 -0.964401
v 0.982200 0.500000 -0.982200
v 0.964401 0.625000 -1.000000
v -0.982200 -0.750000 0.982200
v -0.964401 -0.625000 1.000000
v -0.982200 -0.500000 0.982200
v -1.000000 -0.625000 0.964401
v 0.982200 0.750000 0.982200
v 0.964401 0.625000 1.000000
v 0.982200 0.500000 0.982200
v 1.000000 0.625000 0.964401
v -0.982200 0.750000 -0.982200
v -0.964401 0.625000 -1.000000
v -0.982200 0.500000 -0.982200
v -1.000000 0.625000 -0.964401
v 0.750000 0.982200 0.982200
v 0.625000 1.000000 0.964401
v 0.500000 0.982200 0.982200
v 0.625000 0.964401 1.000000
v 0.982200 0.982200 -0.750000
v 0.964401 1.000000 -0.625000
v 0.982200 0.982200 -0.500000
v 1.000000 0.964401 -0.625000
v -0.750000 -0.982200 0.982200
v -0.625000 -1.000000 0.964401
v -0.500000 -0.982200 0.982200
v -0.625000 -0.964401 1.000000
v -0.982200 0.982200 0.750000
v -0.964401 1.000000 0.625000
v -0.982200 0.982200 0.500000
v -1.000000 0.964401 0.625000
v -0.750000 0.982200 -0.982200
v -0.625000 1.000000 -0.964401
v -0.500000 0.982200 -0.982200
v -0.625000 0.964401 -1.000000
v 0.982200 -0.982200 0.750000
v 0.964401 -1.000000 0.625000
v 0.982200 -0.982200 0.500000
v 1.000000 -0.964401 0.625000
v -0.964401 -1.000000 0.625000
v -1.000000 -0.964401 0.625000
v -0.625000 -1.000000 -0.964401
v -0.625000 -0.964401 -1.000000
v 1.000000 -0.625000 -0.964401
v 0.964401 -0.625000 -1.000000
v -0.964401 0.625000 1.000000
v -1.000000 0.625000 0.964401
v 0.964401 -0.625000 1.000000
v 1.000000 -0.625000 0.964401
v -0.964401 -0.625000 -1.000000
v -1.000000 -0.625000 -0.964401
v -0.625000 1.000000 0.964401
v -0.625000 0.964401 1.000000
v 0.964401 1.000000 0.625000
v 1.000000 0.964401 0.625000
v 0.625000 -1.000000 0.964401
v 0.625000 -0.964401 1.000000
v -0.964401 1.000000 -0.625000
v -1.000000 0.964401 -0.625000
v 0.625000 1.000000 -0.964401
v 0.625000 0.964401 -1.000000
v 0.964401 -1.000000 -0.625000
v 1.000000 -0.964401 -0.625000
v -0.964401 -1.000000 -0.375000
v -1.000000 -0.964401 -0.375000
v 0.375000 -1.000000 -0.964401
v 0.375000 -0.964401 -1.000000
v 1.000000 0.375000 -0.964401
v 0.964401 0.375000 -1.000000
v -0.964401 -0.375000 1.000000
v -1.000000 -0.375000 0.964401
v 0.964401 0.375000 1.000000
v 1.000000 0.375000 0.964401
v -0.964401 0.375000 -1.000000
v -1.000000 0.375000 -0.964401
v 0.375000 1.000000 0.964401
v 0.375000 0.964401 1.000000
v 0.964401 1.000000 -0.375000
v 1.000000 0.964401 -0.375000
v -0.375000 -1.000000 0.964401
v -0.375000 -0.964401 1.000000
v -0.964401 1.000000 0.375000
v -1.000000 0.964401 0.375000
v -0.375000 1.000000 -0.964401
v -0.375000 0.964401 -1.000000
v 0.964401 -1.000000 0.375000
v 1.000000 -0.964401 0.375000
v -0.964401 -1.000000 0.125000
v -1.000000 -0.964401 0.125000
v -0.125000 -1.000000 -0.964401
v -0.125000 -0.964401 -1.000000
v 1.000000 -0.125000 -0.964401
v 0.964401 -0.125000 -1.000000
v -0.964401 0.125000 1.000000
v -1.000000 0.125000 0.964401
v 0.964401 -0.125000 1.000000
v 1.000000 -0.125000 0.964401
v -0.964401 -0.125000 -1.000000
v -1.000000 -0.125000 -0.964401
v -0.125000 1.000000 0.964401
v -0.125000 0.964401 1.000000
v 0.964401 1.000000 0.125000
v 1.000000 0.964401 0.125000
v 0.125000 -1.000000 0.964401
v 0.125000 -0.964401 1.000000
v -0.964401 1.000000 -0.125000
v -1.000000 0.964401 -0.125000
v 0.125000 1.000000 -0.964401
v 0.125000 0.964401 -1.000000
v 0.964401 -1.000000 -0.125000
v 1.000000 -0.964401 -0.125000
v -0.964401 -1.000000 -0.857200
v -1.000000 -0.964401 -0.857200
v 0.857200 -1.000000 -0.964401
v 0.857200 -0.964401 -1.000000
v 1.000000 0.857200 -0.964401
v 0.964401 0.857200 -1.000000
v -0.964401 -0.857200 1.000000
v -1.000000 -0.857200 0.964401
v 0.964401 0.857200 1.000000
v 1.000000 0.857200 0.964401
v -0.964401 0.857200 -1.000000
v -1.000000 0.857200 -0.964401
v 0.857200 1.000000 0.964401
v 0.857200 0.964401 1.000000
v 0.964401 1.000000 -0.857200
v 1.000000 0.964401 -0.857200
v -0.857200 -1.000000 0.964401
v -0.857200 -0.964401 1.000000
v -0.964401 1.000000 0.857200
v -1.000000 0.964401 0.857200
v -0.857200 1.000000 -0.964401
v -0.857200 0.964401 -1.000000
v 0.964401 -1.000000 0.857200
v 1.000000 -0.964401 0.857200
v 0.750000 1.000000 -0.857200
v 0.857200 1.000000 -0.750000
v 0.857200 0.750000 -1.000000
v 0.750000 0.857200 -1.000000
v 1.000000 0.750000 -0.857200
v 1.000000 0.857200 -0.750000
v 1.000000 -0.750000 -0.857200
v 1.000000 -0.857200 -0.750000
v 0.750000 -1.000000 -0.857200
v 0.857200 -1.000000 -0.750000
v 0.750000 -0.857200 -1.000000
v 0.857200 -0.750000 -1.000000
v 0.857200 1.000000 0.750000
v 0.750000 1.000000 0.857200
v 1.000000 0.750000 0.857200
v 1.000000 0.857200 0.750000
v 0.857200 0.750000 1.000000
v 0.750000 0.857200 1.000000
v 0.857200 -0.750000 1.000000
v 0.750000 -0.857200 1.000000
v 0.750000 -1.000000 0.857200
v 0.857200 -1.000000 0.750000
v 1.000000 -0.857200 0.750000
v 1.000000 -0.750000 0.857200
v -0.750000 1.000000 -0.857200
v -0.857200 1.000000 -0.750000
v -1.000000 0.750000 -0.857200
v -1.000000 0.857200 -0.750000
v -0.857200 0.750000 -1.000000
v -0.750000 0.857200 -1.000000
v -0.750000 -1.000000 -0.857200
v -0.857200 -1.000000 -0.750000
v -0.857200 -0.750000 -1.000000
v -0.750000 -0.857200 -1.000000
v -1.000000 -0.857200 -0.750000
v -1.000000 -0.750000 -0.857200
v -1.000000 0.750000 0.857200
v -1.000000 0.857200 0.750000
v -0.857200 0.750000 1.000000
v -0.750000 0.857200 1.000000
v -0.750000 1.000000 0.857200
v -0.857200 1.000000 0.750000
v -1.000000 -0.750000 0.857200
v -1.000000 -0.857200 0.750000
v -0.750000 -0.857200 1.000000
v -0.857200 -0.750000 1.000000
v -0.857200 -1.000000 0.750000
v -0.750000 -1.000000 0.857200
v -1.000000 -0.857200 0.000000
v -1.000000 -0.857200 -0.250000
v -1.000000 -0.857200 0.250000
v -0.857200 -1.000000 -0.250000
v -0.857200 -1.000000 0.000000
v -0.857200 -1.000000 0.250000
v 0.000000 -1.000000 -0.857200
v 0.250000 -1.000000 -0.857200
v 0.000000 -0.857200 -1.000000
v 0.250000 -0.857200 -1.000000
v -0.250000 -0.857200 -1.000000
v -0.250000 -1.000000 -0.857200
v 1.000000 0.000000 -0.857200
v 1.000000 0.250000 -0.857200
v 0.857200 0.000000 -1.000000
v 0.857200 0.250000 -1.000000
v 0.857200 -0.250000 -1.000000
v 1.000000 -0.250000 -0.857200
v -1.000000 -0.250000 0.857200
v -1.000000 0.000000 0.857200
v -0.857200 -0.250000 1.000000
v -0.857200 0.000000 1.000000
v -0.857200 0.250000 1.000000
v -1.000000 0.250000 0.857200
v 0.857200 0.000000 1.000000
v 0.857200 0.250000 1.000000
v 1.000000 0.000000 0.857200
v 1.000000 0.250000 0.857200
v 1.000000 -0.250000 0.857200
v 0.857200 -0.250000 1.000000
v -0.857200 0.000000 -1.000000
v -0.857200 0.250000 -1.000000
v -1.000000 0.000000 -0.857200
v -1.000000 0.250000 -0.857200
v -1.000000 -0.250000 -0.857200
v -0.857200 -0.250000 -1.000000
v 0.250000 1.000000 0.857200
v 0.000000 1.000000 0.857200
v -0.250000 1.000000 0.857200
v 0.000000 0.857200 1.000000
v -0.250000 0.857200 1.000000
v 0.250000 0.857200 1.000000
v 0.857200 1.000000 -0.250000
v 0.857200 1.000000 0.000000
v 0.857200 1.000000 0.250000
v 1.000000 0.857200 0.000000
v 1.000000 0.857200 0.250000
v 1.000000 0.857200 -0.250000
v 0.000000 -0.857200 1.000000
v -0.250000 -0.857200 1.000000
v 0.250000 -0.857200 1.000000
v -0.250000 -1.000000 0.857200
v 0.000000 -1.000000 0.857200
v 0.250000 -1.000000 0.857200
v -0.857200 1.000000 0.000000
v -0.857200 1.000000 0.250000
v -1.000000 0.857200 0.000000
v -1.000000 0.857200 -0.250000
v -1.000000 0.857200 0.250000
v -0.857200 1.000000 -0.250000
v 0.000000 1.000000 -0.857200
v -0.250000 1.000000 -0.857200
v 0.000000 0.857200 -1.000000
v 0.250000 0.857200 -1.000000
v -0.250000 0.857200 -1.000000
v 0.250000 1.000000 -0.857200
v 1.000000 -0.857200 0.000000
v 1.000000 -0.857200 0.250000
v 1.000000 -0.857200 -0.250000
v 0.857200 -1.000000 -0.250000
v 0.857200 -1.000000 0.000000
v 0.857200 -1.000000 0.250000
v -1.000000 -0.857200 0.500000
v -0.857200 -1.000000 0.500000
v -0.500000 -1.000000 -0.857200
v -0.500000 -0.857200 -1.000000
v 0.857200 -0.500000 -1.000000
v 1.000000 -0.500000 -0.857200
v -1.000000 0.500000 0.857200
v -0.857200 0.500000 1.000000
v 1.000000 -0.500000 0.857200
v 0.857200 -0.500000 1.000000
v -1.000000 -0.500000 -0.857200
v -0.857200 -0.500000 -1.000000
v -0.500000 1.000000 0.857200
v -0.500000 0.857200 1.000000
v 0.857200 1.000000 0.500000
v 1.000000 0.857200 0.500000
v 0.500000 -0.857200 1.000000
v 0.500000 -1.000000 0.857200
v -0.857200 1.000000 -0.500000
v -1.000000 0.857200 -0.500000
v 0.500000 1.000000 -0.857200
v 0.500000 0.857200 -1.000000
v 0.857200 -1.000000 -0.500000
v 1.000000 -0.857200 -0.500000
v -1.000000 -0.857200 -0.500000
v -0.857200 -1.000000 -0.500000
v 0.500000 -1.000000 -0.857200
v 0.500000 -0.857200 -1.000000
v 0.857200 0.500000 -1.000000
v 1.000000 0.500000 -0.857200
v -1.000000 -0.500000 0.857200
v -0.857200 -0.500000 1.000000
v 1.000000 0.500000 0.857200
v 0.857200 0.500000 1.000000
v -1.000000 0.500000 -0.857200
v -0.857200 0.500000 -1.000000
v 0.500000 0.857200 1.000000
v 0.500000 1.000000 0.857200
v 0.857200 1.000000 -0.500000
v 1.000000 0.857200 -0.500000
v -0.500000 -0.857200 1.000000
v -0.500000 -1.000000 0.857200
v -0.857200 1.000000 0.500000
v -1.000000 0.857200 0.500000
v -0.500000 1.000000 -0.857200
v -0.500000 0.857200 -1.000000
v 0.857200 -1.000000 0.500000
v 1.000000 -0.857200 0.500000
v 0.857200 -1.000000 0.375000
v 1.000000 -0.857200 0.375000
v 1.000000 -0.857200 0.625000
v 0.857200 -1.000000 0.625000
v -0.625000 0.857200 -1.000000
v -0.375000 1.000000 -0.857200
v -0.375000 0.857200 -1.000000
v -0.625000 1.000000 -0.857200
v -0.857200 1.000000 0.375000
v -1.000000 0.857200 0.625000
v -1.000000 0.857200 0.375000
v -0.857200 1.000000 0.625000
v -0.625000 -1.000000 0.857200
v -0.375000 -0.857200 1.000000
v -0.375000 -1.000000 0.857200
v -0.625000 -0.857200 1.000000
v 1.000000 0.857200 -0.625000
v 1.000000 0.857200 -0.375000
v 0.857200 1.000000 -0.375000
v 0.857200 1.000000 -0.625000
v 0.375000 0.857200 1.000000
v 0.375000 1.000000 0.857200
v 0.625000 1.000000 0.857200
v 0.625000 0.857200 1.000000
v -0.857200 0.625000 -1.000000
v -0.857200 0.375000 -1.000000
v -1.000000 0.375000 -0.857200
v -1.000000 0.625000 -0.857200
v 0.857200 0.625000 1.000000
v 0.857200 0.375000 1.000000
v 1.000000 0.375000 0.857200
v 1.000000 0.625000 0.857200
v -1.000000 -0.375000 0.857200
v -0.857200 -0.375000 1.000000
v -0.857200 -0.625000 1.000000
v -1.000000 -0.625000 0.857200
v 1.000000 0.625000 -0.857200
v 1.000000 0.375000 -0.857200
v 0.857200 0.375000 -1.000000
v 0.857200 0.625000 -1.000000
v 0.375000 -1.000000 -0.857200
v 0.375000 -0.857200 -1.000000
v 0.625000 -0.857200 -1.000000
v 0.625000 -1.000000 -0.857200
v -0.857200 -1.000000 -0.625000
v -1.000000 -0.857200 -0.375000
v -0.857200 -1.000000 -0.375000
v -1.000000 -0.857200 -0.625000
v 0.857200 -1.000000 -0.625000
v 1.000000 -0.857200 -0.625000
v 1.000000 -0.857200 -0.375000
v 0.857200 -1.000000 -0.375000
v 0.375000 0.857200 -1.000000
v 0.625000 1.000000 -0.857200
v 0.625000 0.857200 -1.000000
v 0.375000 1.000000 -0.857200
v -1.000000 0.857200 -0.375000
v -0.857200 1.000000 -0.625000
v -1.000000 0.857200 -0.625000
v -0.857200 1.000000 -0.375000
v 0.375000 -1.000000 0.857200
v 0.625000 -0.857200 1.000000
v 0.625000 -1.000000 0.857200
v 0.375000 -0.857200 1.000000
v 1.000000 0.857200 0.375000
v 1.000000 0.857200 0.625000
v 0.857200 1.000000 0.625000
v 0.857200 1.000000 0.375000
v -0.375000 0.857200 1.000000
v -0.625000 0.857200 1.000000
v -0.625000 1.000000 0.857200
v -0.375000 1.000000 0.857200
v -0.857200 -0.375000 -1.000000
v -0.857200 -0.625000 -1.000000
v -1.000000 -0.625000 -0.857200
v -1.000000 -0.375000 -0.857200
v 0.857200 -0.375000 1.000000
v 0.857200 -0.625000 1.000000
v 1.000000 -0.625000 0.857200
v 1.000000 -0.375000 0.857200
v -1.000000 0.625000 0.857200
v -0.857200 0.625000 1.000000
v -0.857200 0.375000 1.000000
v -1.000000 0.375000 0.857200
v 1.000000 -0.375000 -0.857200
v 1.000000 -0.625000 -0.857200
v 0.857200 -0.625000 -1.000000
v 0.857200 -0.375000 -1.000000
v -0.625000 -1.000000 -0.857200
v -0.625000 -0.857200 -1.000000
v -0.375000 -0.857200 -1.000000
v -0.375000 -1.000000 -0.857200
v -0.857200 -1.000000 0.375000
v -1.000000 -0.857200 0.625000
v -0.857200 -1.000000 0.625000
v -1.000000 -0.857200 0.375000
v 0.857200 -1.000000 0.125000
v 0.857200 -1.000000 -0.125000
v 1.000000 -0.857200 -0.125000
v 1.000000 -0.857200 0.125000
v 0.125000 1.000000 -0.857200
v -0.125000 0.857200 -1.000000
v 0.125000 0.857200 -1.000000
v -0.125000 1.000000 -0.857200
v -0.857200 1.000000 -0.125000
v -1.000000 0.857200 0.125000
v -1.000000 0.857200 -0.125000
v -0.857200 1.000000 0.125000
v 0.125000 -1.000000 0.857200
v -0.125000 -1.000000 0.857200
v 0.125000 -0.857200 1.000000
v -0.125000 -0.857200 1.000000
v 1.000000 0.857200 -0.125000
v 1.000000 0.857200 0.125000
v 0.857200 1.000000 0.125000
v 0.857200 1.000000 -0.125000
v 0.125000 0.857200 1.000000
v -0.125000 0.857200 1.000000
v -0.125000 1.000000 0.857200
v 0.125000 1.000000 0.857200
v -0.857200 -0.125000 -1.000000
v -1.000000 -0.125000 -0.857200
v -1.000000 0.125000 -0.857200
v -0.857200 0.125000 -1.000000
v 0.857200 -0.125000 1.000000
v 1.000000 -0.125000 0.857200
v 1.000000 0.125000 0.857200
v 0.857200 0.125000 1.000000
v -1.000000 0.125000 0.857200
v -0.857200 0.125000 1.000000
v -0.857200 -0.125000 1.000000
v -1.000000 -0.125000 0.857200
v 1.000000 -0.125000 -0.857200
v 0.857200 -0.125000 -1.000000
v 0.857200 0.125000 -1.000000
v 1.000000 0.125000 -0.857200
v -0.125000 -1.000000 -0.857200
v -0.125000 -0.857200 -1.000000
v 0.125000 -0.857200 -1.000000
v 0.125000 -1.000000 -0.857200
v -0.857200 -1.000000 0.125000
v -0.857200 -1.000000 -0.125000
v -1.000000 -0.857200 0.125000
v -1.000000 -0.857200 -0.125000
v -0.857200 -1.000000 0.857200
v -0.857200 -0.857200 1.000000
v -1.000000 -0.857200 0.857200
v -0.857200 1.000000 0.857200
v -0.857200 0.857200 1.000000
v -1.000000 0.857200 0.857200
v -1.000000 -0.857200 -0.857200
v -0.857200 -0.857200 -1.000000
v -0.857200 -1.000000 -0.857200
v -0.857200 0.857200 -1.000000
v -1.000000 0.857200 -0.857200
v -0.857200 1.000000 -0.857200
v 1.000000 -0.857200 0.857200
v 0.857200 -1.000000 0.857200
v 0.857200 -0.857200 1.000000
v 0.857200 0.857200 1.000000
v 1.000000 0.857200 0.857200
v 0.857200 1.000000 0.857200
v 0.857200 -0.857200 -1.000000
v 0.857200 -1.000000 -0.857200
v 1.000000 -0.857200 -0.857200
v 1.000000 0.857200 -0.857200
v 0.857200 0.857200 -1.000000
v 0.857200 1.000000 -0.857200
v 0.982200 -0.982200 0.857200
v -0.857200 0.982200 -0.982200
v -0.982200 0.982200 0.857200
v -0.857200 -0.982200 0.982200
v 0.982200 0.982200 -0.857200
v 0.857200 0.982200 0.982200
v -0.982200 0.857200 -0.982200
v 0.982200 0.857200 0.982200
v -0.982200 -0.857200 0.982200
v 0.982200 0.857200 -0.982200
v 0.857200 -0.982200 -0.982200
v -0.982200 -0.982200 -0.857200
v 0.982200 -0.982200 -0.125000
v 0.125000 0.982200 -0.982200
v -0.982200 0.982200 -0.125000
v 0.125000 -0.982200 0.982200
v 0.982200 0.982200 0.125000
v -0.125000 0.982200 0.982200
v -0.982200 -0.125000 -0.982200
v 0.982200 -0.125000 0.982200
v -0.982200 0.125000 0.982200
v 0.982200 -0.125000 -0.982200
v -0.125000 -0.982200 -0.982200
v -0.982200 -0.982200 0.125000
v 0.982200 -0.982200 0.375000
v -0.375000 0.982200 -0.982200
v -0.982200 0.982200 0.375000
v -0.375000 -0.982200 0.982200
v 0.982200 0.982200 -0.375000
v 0.375000 0.982200 0.982200
v -0.982200 0.375000 -0.982200
v 0.982200 0.375000 0.982200
v -0.982200 -0.375000 0.982200
v 0.982200 0.375000 -0.982200
v 0.375000 -0.982200 -0.982200
v -0.982200 -0.982200 -0.375000
v 0.982200 -0.982200 -0.625000
v 0.625000 0.982200 -0.982200
v -0.982200 0.982200 -0.625000
v 0.625000 -0.982200 0.982200
v 0.982200 0.982200 0.625000
v -0.625000 0.982200 0.982200
v -0.982200 -0.625000 -0.982200
v 0.982200 -0.625000 0.982200
v -0.982200 0.625000 0.982200
v 0.982200 -0.625000 -0.982200
v -0.625000 -0.982200 -0.982200
v -0.982200 -0.982200 0.625000
v 0.982200 -0.982200 0.625000
v -0.625000 0.982200 -0.982200
v -0.982200 0.982200 0.625000
v -0.625000 -0.982200 0.982200
v 0.982200 0.982200 -0.625000
v 0.625000 0.982200 0.982200
v -0.982200 0.625000 -0.982200
v 0.982200 0.625000 0.982200
v -0.982200 -0.625000 0.982200
v 0.982200 0.625000 -0.982200
v 0.625000 -0.982200 -0.982200
v -0.982200 -0.982200 -0.625000
v 0.982200 -0.982200 -0.375000
v 0.375000 0.982200 -0.982200
v -0.982200 0.982200 -0.375000
v 0.375000 -0.982200 0.982200
v 0.982200 0.982200 0.375000
v -0.375000 0.982200 0.982200
v -0.982200 -0.375000 -0.982200
v 0.982200 -0.375000 0.982200
v -0.982200 0.375000 0.982200
v 0.982200 -0.375000 -0.982200
v -0.375000 -0.982200 -0.982200
v -0.982200 -0.982200 0.375000
v 0.982200 -0.982200 0.125000
v -0.125000 0.982200 -0.982200
v -0.982200 0.982200 0.125000
v -0.125000 -0.982200 0.982200
v 0.982200 0.982200 -0.125000
v 0.125000 0.982200 0.982200
v -0.982200 0.125000 -0.982200
v 0.982200 0.125000 0.982200
v -0.982200 -0.125000 0.982200
v 0.982200 0.125000 -0.982200
v 0.125000 -0.982200 -0.982200
v -0.982200 -0.982200 -0.125000
v 0.982200 -0.982200 -0.857200
v 0.857200 0.982200 -0.982200
v -0.982200 0.982200 -0.857200
v 0.857200 -0.982200 0.982200
v 0.982200 0.982200 0.857200
v -0.857200 0.982200 0.982200
v -0.982200 -0.857200 -0.982200
v 0.982200 -0.857200 0.982200
v -0.982200 0.857200 0.982200
v 0.982200 -0.857200 -0.982200
v -0.857200 -0.982200 -0.982200
v -0.982200 -0.982200 0.857200
v -0.750000 1.000000 0.437500
v -0.750000 1.000000 0.187500
v -0.062500 1.000000 0.750000
v -0.312500 1.000000 0.750000
v -0.437500 0.750000 1.000000
v -0.187500 0.750000 1.000000
v -0.750000 0.062500 1.000000
v -0.750000 0.312500 1.000000
v -1.000000 0.750000 -0.437500
v -1.000000 0.750000 -0.187500
v -1.000000 0.062500 -0.750000
v -1.000000 0.312500 -0.750000
v 0.750000 -1.000000 0.437500
v 0.750000 -1.000000 0.187500
v 0.062500 -1.000000 0.750000
v 0.312500 -1.000000 0.750000
v 1.000000 0.750000 0.437500
v 1.000000 0.750000 0.187500
v 1.000000 0.062500 0.750000
v 1.000000 0.312500 0.750000
v 0.437500 0.750000 -1.000000
v 0.187500 0.750000 -1.000000
v 0.750000 0.062500 -1.000000
v 0.750000 0.312500 -1.000000
v 0.437500 -0.750000 -1.000000
v 0.187500 -0.750000 -1.000000
v 0.687500 -0.750000 -1.000000
v 0.750000 -0.687500 -1.000000
v -0.750000 -0.437500 -1.000000
v -0.750000 -0.187500 -1.000000
v -0.562500 -0.750000 -1.000000
v -0.750000 -0.687500 -1.000000
v -0.062500 -0.750000 -1.000000
v -0.312500 -0.750000 -1.000000
v -0.562500 0.750000 -1.000000
v -0.750000 0.562500 -1.000000
v -0.750000 0.062500 -1.000000
v -0.750000 0.312500 -1.000000
v 1.000000 -0.750000 0.437500
v 1.000000 -0.750000 0.187500
v 1.000000 -0.750000 0.687500
v 1.000000 -0.687500 0.750000
v 1.000000 -0.437500 -0.750000
v 1.000000 -0.187500 -0.750000
v 1.000000 -0.750000 -0.562500
v 1.000000 -0.687500 -0.750000
v 1.000000 -0.750000 -0.062500
v 1.000000 -0.750000 -0.312500
v 1.000000 0.750000 -0.562500
v 1.000000 0.562500 -0.750000
v 1.000000 0.062500 -0.750000
v 1.000000 0.312500 -0.750000
v -0.750000 -1.000000 0.437500
v -0.750000 -1.000000 0.187500
v -0.750000 -1.000000 0.687500
v -0.687500 -1.000000 0.750000
v -0.437500 -1.000000 -0.750000
v -0.187500 -1.000000 -0.750000
v -0.750000 -1.000000 -0.562500
v -0.687500 -1.000000 -0.750000
v -0.750000 -1.000000 -0.062500
v -0.750000 -1.000000 -0.312500
v 0.750000 -1.000000 -0.562500
v 0.562500 -1.000000 -0.750000
v 0.062500 -1.000000 -0.750000
v 0.312500 -1.000000 -0.750000
v -1.000000 -0.750000 -0.437500
v -1.000000 -0.750000 -0.187500
v -1.000000 -0.750000 -0.687500
v -1.000000 -0.687500 -0.750000
v -1.000000 -0.437500 0.750000
v -1.000000 -0.187500 0.750000
v -1.000000 -0.750000 0.562500
v -1.000000 -0.687500 0.750000
v -1.000000 -0.750000 0.062500
v -1.000000 -0.750000 0.312500
v -1.000000 0.750000 0.562500
v -1.000000 0.562500 0.750000
v -1.000000 0.062500 0.750000
v -1.000000 0.312500 0.750000
v -0.437500 -0.750000 1.000000
v -0.187500 -0.750000 1.000000
v -0.687500 -0.750000 1.000000
v -0.750000 -0.687500 1.000000
v 0.750000 -0.437500 1.000000
v 0.750000 -0.187500 1.000000
v 0.562500 -0.750000 1.000000
v 0.750000 -0.687500 1.000000
v 0.062500 -0.750000 1.000000
v 0.312500 -0.750000 1.000000
v 0.562500 0.750000 1.000000
v 0.750000 0.562500 1.000000
v 0.750000 0.062500 1.000000
v 0.750000 0.312500 1.000000
v 0.750000 1.000000 0.437500
v 0.750000 1.000000 0.187500
v 0.750000 1.000000 0.687500
v 0.687500 1.000000 0.750000
v 0.437500 1.000000 -0.750000
v 0.187500 1.000000 -0.750000
v 0.750000 1.000000 -0.562500
v 0.687500 1.000000 -0.750000
v 0.750000 1.000000 -0.062500
v 0.750000 1.000000 -0.312500
v -0.750000 1.000000 -0.562500
v -0.562500 1.000000 -0.750000
v -0.062500 1.000000 -0.750000
v -0.312500 1.000000 -0.750000
v -0.750000 1.000000 -0.062500
v -0.750000 1.000000 -0.312500
v 0.437500 1.000000 0.750000
v 0.187500 1.000000 0.750000
v 0.062500 0.750000 1.000000
v 0.312500 0.750000 1.000000
v -0.750000 -0.437500 1.000000
v -0.750000 -0.187500 1.000000
v -1.000000 0.750000 0.062500
v -1.000000 0.750000 0.312500
v -1.000000 -0.437500 -0.750000
v -1.000000 -0.187500 -0.750000
v 0.750000 -1.000000 -0.062500
v 0.750000 -1.000000 -0.312500
v -0.437500 -1.000000 0.750000
v -0.187500 -1.000000 0.750000
v 1.000000 0.750000 -0.062500
v 1.000000 0.750000 -0.312500
v 1.000000 -0.437500 0.750000
v 1.000000 -0.187500 0.750000
v -0.062500 0.750000 -1.000000
v -0.312500 0.750000 -1.000000
v 0.750000 -0.437500 -1.000000
v 0.750000 -0.187500 -1.000000
v 0.687500 0.750000 -1.000000
v 0.750000 0.562500 -1.000000
v 1.000000 0.750000 0.687500
v 1.000000 0.562500 0.750000
v 0.750000 -1.000000 0.687500
v 0.562500 -1.000000 0.750000
v -1.000000 0.750000 -0.687500
v -1.000000 0.562500 -0.750000
v -0.687500 0.750000 1.000000
v -0.750000 0.562500 1.000000
v -0.750000 1.000000 0.687500
v -0.562500 1.000000 0.750000
v 0.964401 0.991100 -0.973301
v 0.991100 0.973301 -0.964401
v 0.973301 0.964401 -0.991100
v 0.964401 -0.973301 -0.991100
v 0.991100 -0.964401 -0.973301
v 0.973301 -0.991100 -0.964401
v 0.973301 0.991100 0.964401
v 0.964401 0.973301 0.991100
v 0.991100 0.964401 0.973301
v 0.991100 -0.973301 0.964401
v 0.973301 -0.964401 0.991100
v 0.964401 -0.991100 0.973301
v -0.973301 0.991100 -0.964401
v -0.964401 0.973301 -0.991100
v -0.991100 0.964401 -0.973301
v -0.964401 -0.991100 -0.973301
v -0.991100 -0.973301 -0.964401
v -0.973301 -0.964401 -0.991100
v -0.991100 0.973301 0.964401
v -0.973301 0.964401 0.991100
v -0.964401 0.991100 0.973301
v -0.973301 -0.991100 0.964401
v -0.964401 -0.973301 0.991100
v -0.991100 -0.964401 0.973301
v -0.973301 -0.991100 0.750000
v -0.964401 -1.000000 0.910801
v -1.000000 -0.964401 0.803600
v -0.750000 -0.991100 -0.973301
v -0.910801 -1.000000 -0.964401
v -0.803600 -0.964401 -1.000000
v 0.991100 -0.750000 -0.973301
v 1.000000 -0.910801 -0.964401
v 0.964401 -0.803600 -1.000000
v -0.973301 0.750000 0.991100
v -0.964401 0.910801 1.000000
v -1.000000 0.803600 0.964401
v 0.973301 -0.750000 0.991100
v 0.964401 -0.910801 1.000000
v 1.000000 -0.803600 0.964401
v -0.973301 -0.750000 -0.991100
v -0.964401 -0.910801 -1.000000
v -1.000000 -0.803600 -0.964401
v -0.750000 0.991100 0.973301
v -0.910801 1.000000 0.964401
v -0.803600 0.964401 1.000000
v 0.973301 0.991100 0.750000
v 0.964401 1.000000 0.910801
v 1.000000 0.964401 0.803600
v 0.750000 -0.991100 0.973301
v 0.910801 -1.000000 0.964401
v 0.803600 -0.964401 1.000000
v -0.973301 0.991100 -0.750000
v -0.964401 1.000000 -0.910801
v -1.000000 0.964401 -0.803600
v 0.750000 0.991100 -0.973301
v 0.910801 1.000000 -0.964401
v 0.803600 0.964401 -1.000000
v 0.973301 -0.991100 -0.750000
v 0.964401 -1.000000 -0.910801
v 1.000000 -0.964401 -0.803600
v -0.973301 -0.991100 -0.250000
v -0.964401 -1.000000 -0.062500
v -0.991100 -0.973301 0.000000
v -1.000000 -0.964401 -0.187500
v 0.250000 -0.991100 -0.973301
v 0.062500 -1.000000 -0.964401
v 0.000000 -0.973301 -0.991100
v 0.187500 -0.964401 -1.000000
v 0.991100 0.250000 -0.973301
v 1.000000 0.062500 -0.964401
v 0.973301 0.000000 -0.991100
v 0.964401 0.187500 -1.000000
v -0.973301 -0.250000 0.991100
v -0.964401 -0.062500 1.000000
v -0.991100 0.000000 0.973301
v -1.000000 -0.187500 0.964401
v 0.973301 0.250000 0.991100
v 0.964401 0.062500 1.000000
v 0.991100 0.000000 0.973301
v 1.000000 0.187500 0.964401
v -0.973301 0.250000 -0.991100
v -0.964401 0.062500 -1.000000
v -0.991100 0.000000 -0.973301
v -1.000000 0.187500 -0.964401
v 0.250000 0.991100 0.973301
v 0.062500 1.000000 0.964401
v 0.000000 0.973301 0.991100
v 0.187500 0.964401 1.000000
v 0.973301 0.991100 -0.250000
v 0.964401 1.000000 -0.062500
v 0.991100 0.973301 0.000000
v 1.000000 0.964401 -0.187500
v -0.250000 -0.991100 0.973301
v -0.062500 -1.000000 0.964401
v 0.000000 -0.973301 0.991100
v -0.187500 -0.964401 1.000000
v -0.973301 0.991100 0.250000
v -0.964401 1.000000 0.062500
v -0.991100 0.973301 0.000000
v -1.000000 0.964401 0.187500
v -0.250000 0.991100 -0.973301
v -0.062500 1.000000 -0.964401
v 0.000000 0.973301 -0.991100
v -0.187500 0.964401 -1.000000
v 0.973301 -0.991100 0.250000
v 0.964401 -1.000000 0.062500
v 0.991100 -0.973301 0.000000
v 1.000000 -0.964401 0.187500
v -0.973301 -0.991100 0.250000
v -0.964401 -1.000000 0.437500
v -0.991100 -0.973301 0.500000
v -1.000000 -0.964401 0.312500
v -0.250000 -0.991100 -0.973301
v -0.437500 -1.000000 -0.964401
v -0.500000 -0.973301 -0.991100
v -0.312500 -0.964401 -1.000000
v 0.991100 -0.250000 -0.973301
v 1.000000 -0.437500 -0.964401
v 0.973301 -0.500000 -0.991100
v 0.964401 -0.312500 -1.000000
v -0.973301 0.250000 0.991100
v -0.964401 0.437500 1.000000
v -0.991100 0.500000 0.973301
v -1.000000 0.312500 0.964401
v 0.973301 -0.250000 0.991100
v 0.964401 -0.437500 1.000000
v 0.991100 -0.500000 0.973301
v 1.000000 -0.312500 0.964401
v -0.973301 -0.250000 -0.991100
v -0.964401 -0.437500 -1.000000
v -0.991100 -0.500000 -0.973301
v -1.000000 -0.312500 -0.964401
v -0.250000 0.991100 0.973301
v -0.437500 1.000000 0.964401
v -0.500000 0.973301 0.991100
v -0.312500 0.964401 1.000000
v 0.973301 0.991100 0.250000
v 0.964401 1.000000 0.437500
v 0.991100 0.973301 0.500000
v 1.000000 0.964401 0.312500
v 0.250000 -0.991100 0.973301
v 0.437500 -1.000000 0.964401
v 0.500000 -0.973301 0.991100
v 0.312500 -0.964401 1.000000
v -0.973301 0.991100 -0.250000
v -0.964401 1.000000 -0.437500
v -0.991100 0.973301 -0.500000
v -1.000000 0.964401 -0.312500
v 0.250000 0.991100 -0.973301
v 0.437500 1.000000 -0.964401
v 0.500000 0.973301 -0.991100
v 0.312500 0.964401 -1.000000
v 0.973301 -0.991100 -0.250000
v 0.964401 -1.000000 -0.437500
v 0.991100 -0.973301 -0.500000
v 1.000000 -0.964401 -0.312500
v -0.973301 -0.991100 -0.750000
v -0.964401 -1.000000 -0.562500
v -0.991100 -0.973301 -0.500000
v -1.000000 -0.964401 -0.687500
v 0.750000 -0.991100 -0.973301
v 0.562500 -1.000000 -0.964401
v 0.500000 -0.973301 -0.991100
v 0.687500 -0.964401 -1.000000
v 0.991100 0.750000 -0.973301
v 1.000000 0.562500 -0.964401
v 0.973301 0.500000 -0.991100
v 0.964401 0.687500 -1.000000
v -0.973301 -0.750000 0.991100
v -0.964401 -0.562500 1.000000
v -0.991100 -0.500000 0.973301
v -1.000000 -0.687500 0.964401
v 0.973301 0.750000 0.991100
v 0.964401 0.562500 1.000000
v 0.991100 0.500000 0.973301
v 1.000000 0.687500 0.964401
v -0.973301 0.750000 -0.991100
v -0.964401 0.562500 -1.000000
v -0.991100 0.500000 -0.973301
v -1.000000 0.687500 -0.964401
v 0.750000 0.991100 0.973301
v 0.562500 1.000000 0.964401
v 0.500000 0.973301 0.991100
v 0.687500 0.964401 1.000000
v 0.973301 0.991100 -0.750000
v 0.964401 1.000000 -0.562500
v 0.991100 0.973301 -0.500000
v 1.000000 0.964401 -0.687500
v -0.750000 -0.991100 0.973301
v -0.562500 -1.000000 0.964401
v -0.500000 -0.973301 0.991100
v -0.687500 -0.964401 1.000000
v -0.973301 0.991100 0.750000
v -0.964401 1.000000 0.562500
v -0.991100 0.973301 0.500000
v -1.000000 0.964401 0.687500
v -0.750000 0.991100 -0.973301
v -0.562500 1.000000 -0.964401
v -0.500000 0.973301 -0.991100
v -0.687500 0.964401 -1.000000
v 0.973301 -0.991100 0.750000
v 0.964401 -1.000000 0.562500
v 0.991100 -0.973301 0.500000
v 1.000000 -0.964401 0.687500
v -0.964401 -1.000000 0.687500
v -1.000000 -0.964401 0.562500
v -0.687500 -1.000000 -0.964401
v -0.562500 -0.964401 -1.000000
v 1.000000 -0.687500 -0.964401
v 0.964401 -0.562500 -1.000000
v -0.964401 0.687500 1.000000
v -1.000000 0.562500 0.964401
v 0.964401 -0.687500 1.000000
v 1.000000 -0.562500 0.964401
v -0.964401 -0.687500 -1.000000
v -1.000000 -0.562500 -0.964401
v -0.687500 1.000000 0.964401
v -0.562500 0.964401 1.000000
v 0.964401 1.000000 0.687500
v 1.000000 0.964401 0.562500
v 0.687500 -1.000000 0.964401
v 0.562500 -0.964401 1.000000
v -0.964401 1.000000 -0.687500
v -1.000000 0.964401 -0.562500
v 0.687500 1.000000 -0.964401
v 0.562500 0.964401 -1.000000
v 0.964401 -1.000000 -0.687500
v 1.000000 -0.964401 -0.562500
v -0.964401 -1.000000 -0.312500
v -1.000000 -0.964401 -0.437500
v 0.312500 -1.000000 -0.964401
v 0.437500 -0.964401 -1.000000
v 1.000000 0.312500 -0.964401
v 0.964401 0.437500 -1.000000
v -0.964401 -0.312500 1.000000
v -1.000000 -0.437500 0.964401
v 0.964401 0.312500 1.000000
v 1.000000 0.437500 0.964401
v -0.964401 0.312500 -1.000000
v -1.000000 0.437500 -0.964401
v 0.312500 1.000000 0.964401
v 0.437500 0.964401 1.000000
v 0.964401 1.000000 -0.312500
v 1.000000 0.964401 -0.437500
v -0.312500 -1.000000 0.964401
v -0.437500 -0.964401 1.000000
v -0.964401 1.000000 0.312500
v -1.000000 0.964401 0.437500
v -0.312500 1.000000 -0.964401
v -0.437500 0.964401 -1.000000
v 0.964401 -1.000000 0.312500
v 1.000000 -0.964401 0.437500
v -0.964401 -1.000000 0.187500
v -1.000000 -0.964401 0.062500
v -0.187500 -1.000000 -0.964401
v -0.062500 -0.964401 -1.000000
v 1.000000 -0.187500 -0.964401
v 0.964401 -0.062500 -1.000000
v -0.964401 0.187500 1.000000
v -1.000000 0.062500 0.964401
v 0.964401 -0.187500 1.000000
v 1.000000 -0.062500 0.964401
v -0.964401 -0.187500 -1.000000
v -1.000000 -0.062500 -0.964401
v -0.187500 1.000000 0.964401
v -0.062500 0.964401 1.000000
v 0.964401 1.000000 0.187500
v 1.000000 0.964401 0.062500
v 0.187500 -1.000000 0.964401
v 0.062500 -0.964401 1.000000
v -0.964401 1.000000 -0.187500
v -1.000000 0.964401 -0.062500
v 0.187500 1.000000 -0.964401
v 0.062500 0.964401 -1.000000
v 0.964401 -1.000000 -0.187500
v 1.000000 -0.964401 -0.062500
v -0.964401 -1.000000 -0.803600
v -1.000000 -0.964401 -0.910801
v 0.803600 -1.000000 -0.964401
v 0.910801 -0.964401 -1.000000
v 1.000000 0.803600 -0.964401
v 0.964401 0.910801 -1.000000
v -0.964401 -0.803600 1.000000
v -1.000000 -0.910801 0.964401
v 0.964401 0.803600 1.000000
v 1.000000 0.910801 0.964401
v -0.964401 0.803600 -1.000000
v -1.000000 0.910801 -0.964401
v 0.803600 1.000000 0.964401
v 0.910801 0.964401 1.000000
v 0.964401 1.000000 -0.803600
v 1.000000 0.964401 -0.910801
v -0.803600 -1.000000 0.964401
v -0.910801 -0.964401 1.000000
v -0.964401 1.000000 0.803600
v -1.000000 0.964401 0.910801
v -0.803600 1.000000 -0.964401
v -0.910801 0.964401 -1.000000
v 0.964401 -1.000000 0.803600
v 1.000000 -0.964401 0.910801
v 0.750000 1.000000 -0.803600
v 0.910801 1.000000 -0.750000
v 0.803600 0.750000 -1.000000
v 0.750000 0.910801 -1.000000
v 1.000000 0.750000 -0.910801
v 1.000000 0.803600 -0.750000
v 1.000000 -0.750000 -0.803600
v 1.000000 -0.910801 -0.750000
v 0.750000 -1.000000 -0.910801
v 0.803600 -1.000000 -0.750000
v 0.750000 -0.803600 -1.000000
v 0.910801 -0.750000 -1.000000
v 0.803600 1.000000 0.750000
v 0.750000 1.000000 0.910801
v 1.000000 0.750000 0.803600
v 1.000000 0.910801 0.750000
v 0.910801 0.750000 1.000000
v 0.750000 0.803600 1.000000
v 0.803600 -0.750000 1.000000
v 0.750000 -0.910801 1.000000
v 0.750000 -1.000000 0.803600
v 0.910801 -1.000000 0.750000
v 1.000000 -0.803600 0.750000
v 1.000000 -0.750000 0.910801
v -0.750000 1.000000 -0.910801
v -0.803600 1.000000 -0.750000
v -1.000000 0.750000 -0.803600
v -1.000000 0.910801 -0.750000
v -0.910801 0.750000 -1.000000
v -0.750000 0.803600 -1.000000
v -0.750000 -1.000000 -0.803600
v -0.910801 -1.000000 -0.750000
v -0.803600 -0.750000 -1.000000
v -0.750000 -0.910801 -1.000000
v -1.000000 -0.803600 -0.750000
v -1.000000 -0.750000 -0.910801
v -1.000000 0.750000 0.910801
v -1.000000 0.803600 0.750000
v -0.803600 0.750000 1.000000
v -0.750000 0.910801 1.000000
v -0.750000 1.000000 0.803600
v -0.910801 1.000000 0.750000
v -1.000000 -0.750000 0.803600
v -1.000000 -0.910801 0.750000
v -0.750000 -0.803600 1.000000
v -0.910801 -0.750000 1.000000
v -0.803600 -1.000000 0.750000
v -0.750000 -1.000000 0.910801
v -1.000000 -0.803600 0.000000
v -1.000000 -0.910801 -0.250000
v -1.000000 -0.803600 0.250000
v -0.803600 -1.000000 -0.250000
v -0.910801 -1.000000 0.000000
v -0.910801 -1.000000 0.250000
v 0.000000 -1.000000 -0.910801
v 0.250000 -1.000000 -0.803600
v 0.000000 -0.803600 -1.000000
v 0.250000 -0.910801 -1.000000
v -0.250000 -0.803600 -1.000000
v -0.250000 -1.000000 -0.910801
v 1.000000 0.000000 -0.910801
v 1.000000 0.250000 -0.803600
v 0.803600 0.000000 -1.000000
v 0.910801 0.250000 -1.000000
v 0.803600 -0.250000 -1.000000
v 1.000000 -0.250000 -0.910801
v -1.000000 -0.250000 0.910801
v -1.000000 0.000000 0.803600
v -0.803600 -0.250000 1.000000
v -0.910801 0.000000 1.000000
v -0.910801 0.250000 1.000000
v -1.000000 0.250000 0.803600
v 0.910801 0.000000 1.000000
v 0.803600 0.250000 1.000000
v 1.000000 0.000000 0.803600
v 1.000000 0.250000 0.910801
v 1.000000 -0.250000 0.803600
v 0.910801 -0.250000 1.000000
v -0.910801 0.000000 -1.000000
v -0.803600 0.250000 -1.000000
v -1.000000 0.000000 -0.803600
v -1.000000 0.250000 -0.910801
v -1.000000 -0.250000 -0.803600
v -0.910801 -0.250000 -1.000000
v 0.250000 1.000000 0.803600
v 0.000000 1.000000 0.910801
v -0.250000 1.000000 0.910801
v 0.000000 0.910801 1.000000
v -0.250000 0.803600 1.000000
v 0.250000 0.910801 1.000000
v 0.803600 1.000000 -0.250000
v 0.910801 1.000000 0.000000
v 0.910801 1.000000 0.250000
v 1.000000 0.910801 0.000000
v 1.000000 0.803600 0.250000
v 1.000000 0.910801 -0.250000
v 0.000000 -0.803600 1.000000
v -0.250000 -0.910801 1.000000
v 0.250000 -0.803600 1.000000
v -0.250000 -1.000000 0.803600
v 0.000000 -1.000000 0.910801
v 0.250000 -1.000000 0.910801
v -0.910801 1.000000 0.000000
v -0.803600 1.000000 0.250000
v -1.000000 0.910801 0.000000
v -1.000000 0.803600 -0.250000
v -1.000000 0.910801 0.250000
v -0.910801 1.000000 -0.250000
v 0.000000 1.000000 -0.910801
v -0.250000 1.000000 -0.803600
v 0.000000 0.910801 -1.000000
v 0.250000 0.803600 -1.000000
v -0.250000 0.910801 -1.000000
v 0.250000 1.000000 -0.910801
v 1.000000 -0.803600 0.000000
v 1.000000 -0.910801 0.250000
v 1.000000 -0.803600 -0.250000
v 0.910801 -1.000000 -0.250000
v 0.803600 -1.000000 0.000000
v 0.803600 -1.000000 0.250000
v -1.000000 -0.803600 0.500000
v -0.803600 -1.000000 0.500000
v -0.500000 -1.000000 -0.910801
v -0.500000 -0.803600 -1.000000
v 0.803600 -0.500000 -1.000000
v 1.000000 -0.500000 -0.803600
v -1.000000 0.500000 0.803600
v -0.910801 0.500000 1.000000
v 1.000000 -0.500000 0.803600
v 0.803600 -0.500000 1.000000
v -1.000000 -0.500000 -0.803600
v -0.803600 -0.500000 -1.000000
v -0.500000 1.000000 0.910801
v -0.500000 0.910801 1.000000
v 0.910801 1.000000 0.500000
v 1.000000 0.910801 0.500000
v 0.500000 -0.803600 1.000000
v 0.500000 -1.000000 0.803600
v -0.910801 1.000000 -0.500000
v -1.000000 0.910801 -0.500000
v 0.500000 1.000000 -0.910801
v 0.500000 0.910801 -1.000000
v 0.910801 -1.000000 -0.500000
v 1.000000 -0.803600 -0.500000
v -1.000000 -0.803600 -0.500000
v -0.803600 -1.000000 -0.500000
v 0.500000 -1.000000 -0.910801
v 0.500000 -0.803600 -1.000000
v 0.803600 0.500000 -1.000000
v 1.000000 0.500000 -0.803600
v -1.000000 -0.500000 0.803600
v -0.910801 -0.500000 1.000000
v 1.000000 0.500000 0.803600
v 0.803600 0.500000 1.000000
v -1.000000 0.500000 -0.803600
v -0.803600 0.500000 -1.000000
v 0.500000 0.803600 1.000000
v 0.500000 1.000000 0.910801
v 0.910801 1.000000 -0.500000
v 1.000000 0.910801 -0.500000
v -0.500000 -0.803600 1.000000
v -0.500000 -1.000000 0.803600
v -0.910801 1.000000 0.500000
v -1.000000 0.910801 0.500000
v -0.500000 1.000000 -0.910801
v -0.500000 0.910801 -1.000000
v 0.910801 -1.000000 0.500000
v 1.000000 -0.803600 0.500000
v -0.750000 1.000000 0.312500
v -0.750000 1.000000 0.062500
v -0.187500 1.000000 0.750000
v -0.437500 1.000000 0.750000
v -0.312500 0.750000 1.000000
v -0.062500 0.750000 1.000000
v -0.750000 0.187500 1.000000
v -0.750000 0.437500 1.000000
v -1.000000 0.750000 -0.312500
v -1.000000 0.750000 -0.062500
v -1.000000 0.187500 -0.750000
v -1.000000 0.437500 -0.750000
v 0.750000 -1.000000 0.312500
v 0.750000 -1.000000 0.062500
v 0.187500 -1.000000 0.750000
v 0.437500 -1.000000 0.750000
v 1.000000 0.750000 0.312500
v 1.000000 0.750000 0.062500
v 1.000000 0.187500 0.750000
v 1.000000 0.437500 0.750000
v 0.312500 0.750000 -1.000000
v 0.062500 0.750000 -1.000000
v 0.750000 0.187500 -1.000000
v 0.750000 0.437500 -1.000000
v 0.312500 -0.750000 -1.000000
v 0.062500 -0.750000 -1.000000
v 0.562500 -0.750000 -1.000000
v 0.750000 -0.562500 -1.000000
v -0.750000 -0.312500 -1.000000
v -0.750000 -0.062500 -1.000000
v -0.687500 -0.750000 -1.000000
v -0.750000 -0.562500 -1.000000
v -0.187500 -0.750000 -1.000000
v -0.437500 -0.750000 -1.000000
v -0.687500 0.750000 -1.000000
v -0.750000 0.687500 -1.000000
v -0.750000 0.187500 -1.000000
v -0.750000 0.437500 -1.000000
v 1.000000 -0.750000 0.312500
v 1.000000 -0.750000 0.062500
v 1.000000 -0.750000 0.562500
v 1.000000 -0.562500 0.750000
v 1.000000 -0.312500 -0.750000
v 1.000000 -0.062500 -0.750000
v 1.000000 -0.750000 -0.687500
v 1.000000 -0.562500 -0.750000
v 1.000000 -0.750000 -0.187500
v 1.000000 -0.750000 -0.437500
v 1.000000 0.750000 -0.687500
v 1.000000 0.687500 -0.750000
v 1.000000 0.187500 -0.750000
v 1.000000 0.437500 -0.750000
v -0.750000 -1.000000 0.312500
v -0.750000 -1.000000 0.062500
v -0.750000 -1.000000 0.562500
v -0.562500 -1.000000 0.750000
v -0.312500 -1.000000 -0.750000
v -0.062500 -1.000000 -0.750000
v -0.750000 -1.000000 -0.687500
v -0.562500 -1.000000 -0.750000
v -0.750000 -1.000000 -0.187500
v -0.750000 -1.000000 -0.437500
v 0.750000 -1.000000 -0.687500
v 0.687500 -1.000000 -0.750000
v 0.187500 -1.000000 -0.750000
v 0.437500 -1.000000 -0.750000
v -1.000000 -0.750000 -0.312500
v -1.000000 -0.750000 -0.062500
v -1.000000 -0.750000 -0.562500
v -1.000000 -0.562500 -0.750000
v -1.000000 -0.312500 0.750000
v -1.000000 -0.062500 0.750000
v -1.000000 -0.750000 0.687500
v -1.000000 -0.562500 0.750000
v -1.000000 -0.750000 0.187500
v -1.000000 -0.750000 0.437500
v -1.000000 0.750000 0.687500
v -1.000000 0.687500 0.750000
v -1.000000 0.187500 0.750000
v -1.000000 0.437500 0.750000
v -0.312500 -0.750000 1.000000
v -0.062500 -0.750000 1.000000
v -0.562500 -0.750000 1.000000
v -0.750000 -0.562500 1.000000
v 0.750000 -0.312500 1.000000
v 0.750000 -0.062500 1.000000
v 0.687500 -0.750000 1.000000
v 0.750000 -0.562500 1.000000
v 0.187500 -0.750000 1.000000
v 0.437500 -0.750000 1.000000
v 0.687500 0.750000 1.000000
v 0.750000 0.687500 1.000000
v 0.750000 0.187500 1.000000
v 0.750000 0.437500 1.000000
v 0.750000 1.000000 0.312500
v 0.750000 1.000000 0.062500
v 0.750000 1.000000 0.562500
v 0.562500 1.000000 0.750000
v 0.312500 1.000000 -0.750000
v 0.062500 1.000000 -0.750000
v 0.750000 1.000000 -0.687500
v 0.562500 1.000000 -0.750000
v 0.750000 1.000000 -0.187500
v 0.750000 1.000000 -0.437500
v -0.750000 1.000000 -0.687500
v -0.687500 1.000000 -0.750000
v -0.187500 1.000000 -0.750000
v -0.437500 1.000000 -0.750000
v -0.750000 1.000000 -0.187500
v -0.750000 1.000000 -0.437500
v 0.312500 1.000000 0.750000
v 0.062500 1.000000 0.750000
v 0.187500 0.750000 1.000000
v 0.437500 0.750000 1.000000
v -0.750000 -0.312500 1.000000
v -0.750000 -0.062500 1.000000
v -1.000000 0.750000 0.187500
v -1.000000 0.750000 0.437500
v -1.000000 -0.312500 -0.750000
v -1.000000 -0.062500 -0.750000
v 0.750000 -1.000000 -0.187500
v 0.750000 -1.000000 -0.437500
v -0.312500 -1.000000 0.750000
v -0.062500 -1.000000 0.750000
v 1.000000 0.750000 -0.187500
v 1.000000 0.750000 -0.437500
v 1.000000 -0.312500 0.750000
v 1.000000 -0.062500 0.750000
v -0.187500 0.750000 -1.000000
v -0.437500 0.750000 -1.000000
v 0.750000 -0.312500 -1.000000
v 0.750000 -0.062500 -1.000000
v 0.562500 0.750000 -1.000000
v 0.750000 0.687500 -1.000000
v 1.000000 0.750000 0.562500
v 1.000000 0.687500 0.750000
v 0.750000 -1.000000 0.562500
v 0.687500 -1.000000 0.750000
v -1.000000 0.750000 -0.562500
v -1.000000 0.687500 -0.750000
v -0.562500 0.750000 1.000000
v -0.750000 0.687500 1.000000
v -0.750000 1.000000 0.562500
v -0.687500 1.000000 0.750000
v 0.964401 0.973301 -0.991100
v 0.973301 0.991100 -0.964401
v 0.991100 0.964401 -0.973301
v 0.964401 -0.991100 -0.973301
v 0.973301 -0.964401 -0.991100
v 0.991100 -0.973301 -0.964401
v 0.991100 0.973301 0.964401
v 0.964401 0.991100 0.973301
v 0.973301 0.964401 0.991100
v 0.973301 -0.991100 0.964401
v 0.991100 -0.964401 0.973301
v 0.964401 -0.973301 0.991100
v -0.991100 0.973301 -0.964401
v -0.964401 0.991100 -0.973301
v -0.973301 0.964401 -0.991100
v -0.964401 -0.973301 -0.991100
v -0.973301 -0.991100 -0.964401
v -0.991100 -0.964401 -0.973301
v -0.973301 0.991100 0.964401
v -0.991100 0.964401 0.973301
v -0.964401 0.973301 0.991100
v -0.991100 -0.973301 0.964401
v -0.964401 -0.991100 0.973301
v -0.973301 -0.964401 0.991100
v -0.991100 -0.973301 0.750000
v -0.964401 -1.000000 0.803600
v -1.000000 -0.964401 0.910801
v -0.750000 -0.973301 -0.991100
v -0.803600 -1.000000 -0.964401
v -0.910801 -0.964401 -1.000000
v 0.973301 -0.750000 -0.991100
v 1.000000 -0.803600 -0.964401
v 0.964401 -0.910801 -1.000000
v -0.991100 0.750000 0.973301
v -0.964401 0.803600 1.000000
v -1.000000 0.910801 0.964401
v 0.991100 -0.750000 0.973301
v 0.964401 -0.803600 1.000000
v 1.000000 -0.910801 0.964401
v -0.991100 -0.750000 -0.973301
v -0.964401 -0.803600 -1.000000
v -1.000000 -0.910801 -0.964401
v -0.750000 0.973301 0.991100
v -0.803600 1.000000 0.964401
v -0.910801 0.964401 1.000000
v 0.991100 0.973301 0.750000
v 0.964401 1.000000 0.803600
v 1.000000 0.964401 0.910801
v 0.750000 -0.973301 0.991100
v 0.803600 -1.000000 0.964401
v 0.910801 -0.964401 1.000000
v -0.991100 0.973301 -0.750000
v -0.964401 1.000000 -0.803600
v -1.000000 0.964401 -0.910801
v 0.750000 0.973301 -0.991100
v 0.803600 1.000000 -0.964401
v 0.910801 0.964401 -1.000000
v 0.991100 -0.973301 -0.750000
v 0.964401 -1.000000 -0.803600
v 1.000000 -0.964401 -0.910801
v -0.991100 -0.973301 -0.250000
v -0.964401 -1.000000 -0.187500
v -0.973301 -0.991100 0.000000
v -1.000000 -0.964401 -0.062500
v 0.250000 -0.973301 -0.991100
v 0.187500 -1.000000 -0.964401
v 0.000000 -0.991100 -0.973301
v 0.062500 -0.964401 -1.000000
v 0.973301 0.250000 -0.991100
v 1.000000 0.187500 -0.964401
v 0.991100 0.000000 -0.973301
v 0.964401 0.062500 -1.000000
v -0.991100 -0.250000 0.973301
v -0.964401 -0.187500 1.000000
v -0.973301 0.000000 0.991100
v -1.000000 -0.062500 0.964401
v 0.991100 0.250000 0.973301
v 0.964401 0.187500 1.000000
v 0.973301 0.000000 0.991100
v 1.000000 0.062500 0.964401
v -0.991100 0.250000 -0.973301
v -0.964401 0.187500 -1.000000
v -0.973301 0.000000 -0.991100
v -1.000000 0.062500 -0.964401
v 0.250000 0.973301 0.991100
v 0.187500 1.000000 0.964401
v 0.000000 0.991100 0.973301
v 0.062500 0.964401 1.000000
v 0.991100 0.973301 -0.250000
v 0.964401 1.000000 -0.187500
v 0.973301 0.991100 0.000000
v 1.000000 0.964401 -0.062500
v -0.250000 -0.973301 0.991100
v -0.187500 -1.000000 0.964401
v 0.000000 -0.991100 0.973301
v -0.062500 -0.964401 1.000000
v -0.991100 0.973301 0.250000
v -0.964401 1.000000 0.187500
v -0.973301 0.991100 0.000000
v -1.000000 0.964401 0.062500
v -0.250000 0.973301 -0.991100
v -0.187500 1.000000 -0.964401
v 0.000000 0.991100 -0.973301
v -0.062500 0.964401 -1.000000
v 0.991100 -0.973301 0.250000
v 0.964401 -1.000000 0.187500
v 0.973301 -0.991100 0.000000
v 1.000000 -0.964401 0.062500
v -0.991100 -0.973301 0.250000
v -0.964401 -1.000000 0.312500
v -0.973301 -0.991100 0.500000
v -1.000000 -0.964401 0.437500
v -0.250000 -0.973301 -0.991100
v -0.312500 -1.000000 -0.964401
v -0.500000 -0.991100 -0.973301
v -0.437500 -0.964401 -1.000000
v 0.973301 -0.250000 -0.991100
v 1.000000 -0.312500 -0.964401
v 0.991100 -0.500000 -0.973301
v 0.964401 -0.437500 -1.000000
v -0.991100 0.250000 0.973301
v -0.964401 0.312500 1.000000
v -0.973301 0.500000 0.991100
v -1.000000 0.437500 0.964401
v 0.991100 -0.250000 0.973301
v 0.964401 -0.312500 1.000000
v 0.973301 -0.500000 0.991100
v 1.000000 -0.437500 0.964401
v -0.991100 -0.250000 -0.973301
v -0.964401 -0.312500 -1.000000
v -0.973301 -0.500000 -0.991100
v -1.000000 -0.437500 -0.964401
v -0.250000 0.973301 0.991100
v -0.312500 1.000000 0.964401
v -0.500000 0.991100 0.973301
v -0.437500 0.964401 1.000000
v 0.991100 0.973301 0.250000
v 0.964401 1.000000 0.312500
v 0.973301 0.991100 0.500000
v 1.000000 0.964401 0.437500
v 0.250000 -0.973301 0.991100
v 0.312500 -1.000000 0.964401
v 0.500000 -0.991100 0.973301
v 0.437500 -0.964401 1.000000
v -0.991100 0.973301 -0.250000
v -0.964401 1.000000 -0.312500
v -0.973301 0.991100 -0.500000
v -1.000000 0.964401 -0.437500
v 0.250000 0.973301 -0.991100
v 0.312500 1.000000 -0.964401
v 0.500000 0.991100 -0.973301
v 0.437500 0.964401 -1.000000
v 0.991100 -0.973301 -0.250000
v 0.964401 -1.000000 -0.312500
v 0.973301 -0.991100 -0.500000
v 1.000000 -0.964401 -0.437500
v -0.991100 -0.973301 -0.750000
v -0.964401 -1.000000 -0.687500
v -0.973301 -0.991100 -0.500000
v -1.000000 -0.964401 -0.562500
v 0.750000 -0.973301 -0.991100
v 0.687500 -1.000000 -0.964401
v 0.500000 -0.991100 -0.973301
v 0.562500 -0.964401 -1.000000
v 0.973301 0.750000 -0.991100
v 1.000000 0.687500 -0.964401
v 0.991100 0.500000 -0.973301
v 0.964401 0.562500 -1.000000
v -0.991100 -0.750000 0.973301
v -0.964401 -0.687500 1.000000
v -0.973301 -0.500000 0.991100
v -1.000000 -0.562500 0.964401
v 0.991100 0.750000 0.973301
v 0.964401 0.687500 1.000000
v 0.973301 0.500000 0.991100
v 1.000000 0.562500 0.964401
v -0.991100 0.750000 -0.973301
v -0.964401 0.687500 -1.000000
v -0.973301 0.500000 -0.991100
v -1.000000 0.562500 -0.964401
v 0.750000 0.973301 0.991100
v 0.687500 1.000000 0.964401
v 0.500000 0.991100 0.973301
v 0.562500 0.964401 1.000000
v 0.991100 0.973301 -0.750000
v 0.964401 1.000000 -0.687500
v 0.973301 0.991100 -0.500000
v 1.000000 0.964401 -0.562500
v -0.750000 -0.973301 0.991100
v -0.687500 -1.000000 0.964401
v -0.500000 -0.991100 0.973301
v -0.562500 -0.964401 1.000000
v -0.991100 0.973301 0.750000
v -0.964401 1.000000 0.687500
v -0.973301 0.991100 0.500000
v -1.000000 0.964401 0.562500
v -0.750000 0.973301 -0.991100
v -0.687500 1.000000 -0.964401
v -0.500000 0.991100 -0.973301
v -0.562500 0.964401 -1.000000
v 0.991100 -0.973301 0.750000
v 0.964401 -1.000000 0.687500
v 0.973301 -0.991100 0.500000
v 1.000000 -0.964401 0.562500
v -0.964401 -1.000000 0.562500
v -1.000000 -0.964401 0.687500
v -0.562500 -1.000000 -0.964401
v -0.687500 -0.964401 -1.000000
v 1.000000 -0.562500 -0.964401
v 0.964401 -0.687500 -1.000000
v -0.964401 0.562500 1.000000
v -1.000000 0.687500 0.964401
v 0.964401 -0.562500 1.000000
v 1.000000 -0.687500 0.964401
v -0.964401 -0.562500 -1.000000
v -1.000000 -0.687500 -0.964401
v -0.562500 1.000000 0.964401
v -0.687500 0.964401 1.000000
v 0.964401 1.000000 0.562500
v 1.000000 0.964401 0.687500
v 0.562500 -1.000000 0.964401
v 0.687500 -0.964401 1.000000
v -0.964401 1.000000 -0.562500
v -1.000000 0.964401 -0.687500
v 0.562500 1.000000 -0.964401
v 0.687500 0.964401 -1.000000
v 0.964401 -1.000000 -0.562500
v 1.000000 -0.964401 -0.687500
v -0.964401 -1.000000 -0.437500
v -1.000000 -0.964401 -0.312500
v 0.437500 -1.000000 -0.964401
v 0.312500 -0.964401 -1.000000
v 1.000000 0.437500 -0.964401
v 0.964401 0.312500 -1.000000
v -0.964401 -0.437500 1.000000
v -1.000000 -0.312500 0.964401
v 0.964401 0.437500 1.000000
v 1.000000 0.312500 0.964401
v -0.964401 0.437500 -1.000000
v -1.000000 0.312500 -0.964401
v 0.437500 1.000000 0.964401
v 0.312500 0.964401 1.000000
v 0.964401 1.000000 -0.437500
v 1.000000 0.964401 -0.312500
v -0.437500 -1.000000 0.964401
v -0.312500 -0.964401 1.000000
v -0.964401 1.000000 0.437500
v -1.000000 0.964401 0.312500
v -0.437500 1.000000 -0.964401
v -0.312500 0.964401 -1.000000
v 0.964401 -1.000000 0.437500
v 1.000000 -0.964401 0.312500
v -0.964401 -1.000000 0.062500
v -1.000000 -0.964401 0.187500
v -0.062500 -1.000000 -0.964401
v -0.187500 -0.964401 -1.000000
v 1.000000 -0.062500 -0.964401
v 0.964401 -0.187500 -1.000000
v -0.964401 0.062500 1.000000
v -1.000000 0.187500 0.964401
v 0.964401 -0.062500 1.000000
v 1.000000 -0.187500 0.964401
v -0.964401 -0.062500 -1.000000
v -1.000000 -0.187500 -0.964401
v -0.062500 1.000000 0.964401
v -0.187500 0.964401 1.000000
v 0.964401 1.000000 0.062500
v 1.000000 0.964401 0.187500
v 0.062500 -1.000000 0.964401
v 0.187500 -0.964401 1.000000
v -0.964401 1.000000 -0.062500
v -1.000000 0.964401 -0.187500
v 0.062500 1.000000 -0.964401
v 0.187500 0.964401 -1.000000
v 0.964401 -1.000000 -0.062500
v 1.000000 -0.964401 -0.187500
v -0.964401 -1.000000 -0.910801
v -1.000000 -0.964401 -0.803600
v 0.910801 -1.000000 -0.964401
v 0.803600 -0.964401 -1.000000
v 1.000000 0.910801 -0.964401
v 0.964401 0.803600 -1.000000
v -0.964401 -0.910801 1.000000
v -1.000000 -0.803600 0.964401
v 0.964401 0.910801 1.000000
v 1.000000 0.803600 0.964401
v -0.964401 0.910801 -1.000000
v -1.000000 0.803600 -0.964401
v 0.910801 1.000000 0.964401
v 0.803600 0.964401 1.000000
v 0.964401 1.000000 -0.910801
v 1.000000 0.964401 -0.803600
v -0.910801 -1.000000 0.964401
v -0.803600 -0.964401 1.000000
v -0.964401 1.000000 0.910801
v -1.000000 0.964401 0.803600
v -0.910801 1.000000 -0.964401
v -0.803600 0.964401 -1.000000
v 0.964401 -1.000000 0.910801
v 1.000000 -0.964401 0.803600
v 0.750000 1.000000 -0.910801
v 0.803600 1.000000 -0.750000
v 0.910801 0.750000 -1.000000
v 0.750000 0.803600 -1.000000
v 1.000000 0.750000 -0.803600
v 1.000000 0.910801 -0.750000
v 1.000000 -0.750000 -0.910801
v 1.000000 -0.803600 -0.750000
v 0.750000 -1.000000 -0.803600
v 0.910801 -1.000000 -0.750000
v 0.750000 -0.910801 -1.000000
v 0.803600 -0.750000 -1.000000
v 0.910801 1.000000 0.750000
v 0.750000 1.000000 0.803600
v 1.000000 0.750000 0.910801
v 1.000000 0.803600 0.750000
v 0.803600 0.750000 1.000000
v 0.750000 0.910801 1.000000
v 0.910801 -0.750000 1.000000
v 0.750000 -0.803600 1.000000
v 0.750000 -1.000000 0.910801
v 0.803600 -1.000000 0.750000
v 1.000000 -0.910801 0.750000
v 1.000000 -0.750000 0.803600
v -0.750000 1.000000 -0.803600
v -0.910801 1.000000 -0.750000
v -1.000000 0.750000 -0.910801
v -1.000000 0.803600 -0.750000
v -0.803600 0.750000 -1.000000
v -0.750000 0.910801 -1.000000
v -0.750000 -1.000000 -0.910801
v -0.803600 -1.000000 -0.750000
v -0.910801 -0.750000 -1.000000
v -0.750000 -0.803600 -1.000000
v -1.000000 -0.910801 -0.750000
v -1.000000 -0.750000 -0.803600
v -1.000000 0.750000 0.803600
v -1.000000 0.910801 0.750000
v -0.910801 0.750000 1.000000
v -0.750000 0.803600 1.000000
v -0.750000 1.000000 0.910801
v -0.803600 1.000000 0.750000
v -1.000000 -0.750000 0.910801
v -1.000000 -0.803600 0.750000
v -0.750000 -0.910801 1.000000
v -0.803600 -0.750000 1.000000
v -0.910801 -1.000000 0.750000
v -0.750000 -1.000000 0.803600
v -1.000000 -0.910801 0.000000
v -1.000000 -0.803600 -0.250000
v -1.000000 -0.910801 0.250000
v -0.910801 -1.000000 -0.250000
v -0.803600 -1.000000 0.000000
v -0.803600 -1.000000 0.250000
v 0.000000 -1.000000 -0.803600
v 0.250000 -1.000000 -0.910801
v 0.000000 -0.910801 -1.000000
v 0.250000 -0.803600 -1.000000
v -0.250000 -0.910801 -1.000000
v -0.250000 -1.000000 -0.803600
v 1.000000 0.000000 -0.803600
v 1.000000 0.250000 -0.910801
v 0.910801 0.000000 -1.000000
v 0.803600 0.250000 -1.000000
v 0.910801 -0.250000 -1.000000
v 1.000000 -0.250000 -0.803600
v -1.000000 -0.250000 0.803600
v -1.000000 0.000000 0.910801
v -0.910801 -0.250000 1.000000
v -0.803600 0.000000 1.000000
v -0.803600 0.250000 1.000000
v -1.000000 0.250000 0.910801
v 0.803600 0.000000 1.000000
v 0.910801 0.250000 1.000000
v 1.000000 0.000000 0.910801
v 1.000000 0.250000 0.803600
v 1.000000 -0.250000 0.910801
v 0.803600 -0.250000 1.000000
v -0.803600 0.000000 -1.000000
v -0.910801 0.250000 -1.000000
v -1.000000 0.000000 -0.910801
v -1.000000 0.250000 -0.803600
v -1.000000 -0.250000 -0.910801
v -0.803600 -0.250000 -1.000000
v 0.250000 1.000000 0.910801
v 0.000000 1.000000 0.803600
v -0.250000 1.000000 0.803600
v 0.000000 0.803600 1.000000
v -0.250000 0.910801 1.000000
v 0.250000 0.803600 1.000000
v 0.910801 1.000000 -0.250000
v 0.803600 1.000000 0.000000
v 0.803600 1.000000 0.250000
v 1.000000 0.803600 0.000000
v 1.000000 0.910801 0.250000
v 1.000000 0.803600 -0.250000
v 0.000000 -0.910801 1.000000
v -0.250000 -0.803600 1.000000
v 0.250000 -0.910801 1.000000
v -0.250000 -1.000000 0.910801
v 0.000000 -1.000000 0.803600
v 0.250000 -1.000000 0.803600
v -0.803600 1.000000 0.000000
v -0.910801 1.000000 0.250000
v -1.000000 0.803600 0.000000
v -1.000000 0.910801 -0.250000
v -1.000000 0.803600 0.250000
v -0.803600 1.000000 -0.250000
v 0.000000 1.000000 -0.803600
v -0.250000 1.000000 -0.910801
v 0.000000 0.803600 -1.000000
v 0.250000 0.910801 -1.000000
v -0.250000 0.803600 -1.000000
v 0.250000 1.000000 -0.803600
v 1.000000 -0.910801 0.000000
v 1.000000 -0.803600 0.250000
v 1.000000 -0.910801 -0.250000
v 0.803600 -1.000000 -0.250000
v 0.910801 -1.000000 0.000000
v 0.910801 -1.000000 0.250000
v -1.000000 -0.910801 0.500000
v -0.910801 -1.000000 0.500000
v -0.500000 -1.000000 -0.803600
v -0.500000 -0.910801 -1.000000
v 0.910801 -0.500000 -1.000000
v 1.000000 -0.500000 -0.910801
v -1.000000 0.500000 0.910801
v -0.803600 0.500000 1.000000
v 1.000000 -0.500000 0.910801
v 0.910801 -0.500000 1.000000
v -1.000000 -0.500000 -0.910801
v -0.910801 -0.500000 -1.000000
v -0.500000 1.000000 0.803600
v -0.500000 0.803600 1.000000
v 0.803600 1.000000 0.500000
v 1.000000 0.803600 0.500000
v 0.500000 -0.910801 1.000000
v 0.500000 -1.000000 0.910801
v -0.803600 1.000000 -0.500000
v -1.000000 0.803600 -0.500000
v 0.500000 1.000000 -0.803600
v 0.500000 0.803600 -1.000000
v 0.803600 -1.000000 -0.500000
v 1.000000 -0.910801 -0.500000
v -1.000000 -0.910801 -0.500000
v -0.910801 -1.000000 -0.500000
v 0.500000 -1.000000 -0.803600
v 0.500000 -0.910801 -1.000000
v 0.910801 0.500000 -1.000000
v 1.000000 0.500000 -0.910801
v -1.000000 -0.500000 0.910801
v -0.803600 -0.500000 1.000000
v 1.000000 0.500000 0.910801
v 0.910801 0.500000 1.000000
v -1.000000 0.500000 -0.910801
v -0.910801 0.500000 -1.000000
v 0.500000 0.910801 1.000000
v 0.500000 1.000000 0.803600
v 0.803600 1.000000 -0.500000
v 1.000000 0.803600 -0.500000
v -0.500000 -0.910801 1.000000
v -0.500000 -1.000000 0.910801
v -0.803600 1.000000 0.500000
v -1.000000 0.803600 0.500000
v -0.500000 1.000000 -0.803600
v -0.500000 0.803600 -1.000000
v 0.803600 -1.000000 0.500000
v 1.000000 -0.910801 0.500000
v 0.857200 -1.000000 0.437500
v 0.857200 -1.000000 0.312500
v 0.803600 -1.000000 0.375000
v 0.910801 -1.000000 0.375000
v 1.000000 -0.857200 0.437500
v 1.000000 -0.857200 0.312500
v 1.000000 -0.910801 0.375000
v 1.000000 -0.803600 0.375000
v 1.000000 -0.857200 0.687500
v 1.000000 -0.857200 0.562500
v 1.000000 -0.910801 0.625000
v 1.000000 -0.803600 0.625000
v 0.857200 -1.000000 0.687500
v 0.857200 -1.000000 0.562500
v 0.803600 -1.000000 0.625000
v 0.910801 -1.000000 0.625000
v -0.562500 0.857200 -1.000000
v -0.687500 0.857200 -1.000000
v -0.625000 0.803600 -1.000000
v -0.625000 0.910801 -1.000000
v -0.375000 1.000000 -0.803600
v -0.375000 1.000000 -0.910801
v -0.312500 1.000000 -0.857200
v -0.437500 1.000000 -0.857200
v -0.312500 0.857200 -1.000000
v -0.437500 0.857200 -1.000000
v -0.375000 0.803600 -1.000000
v -0.375000 0.910801 -1.000000
v -0.625000 1.000000 -0.803600
v -0.625000 1.000000 -0.910801
v -0.562500 1.000000 -0.857200
v -0.687500 1.000000 -0.857200
v -0.857200 1.000000 0.437500
v -0.857200 1.000000 0.312500
v -0.803600 1.000000 0.375000
v -0.910801 1.000000 0.375000
v -1.000000 0.857200 0.562500
v -1.000000 0.857200 0.687500
v -1.000000 0.803600 0.625000
v -1.000000 0.910801 0.625000
v -1.000000 0.857200 0.312500
v -1.000000 0.857200 0.437500
v -1.000000 0.803600 0.375000
v -1.000000 0.910801 0.375000
v -0.857200 1.000000 0.687500
v -0.857200 1.000000 0.562500
v -0.803600 1.000000 0.625000
v -0.910801 1.000000 0.625000
v -0.625000 -1.000000 0.910801
v -0.625000 -1.000000 0.803600
v -0.687500 -1.000000 0.857200
v -0.562500 -1.000000 0.857200
v -0.437500 -0.857200 1.000000
v -0.312500 -0.857200 1.000000
v -0.375000 -0.910801 1.000000
v -0.375000 -0.803600 1.000000
v -0.375000 -1.000000 0.910801
v -0.375000 -1.000000 0.803600
v -0.437500 -1.000000 0.857200
v -0.312500 -1.000000 0.857200
v -0.687500 -0.857200 1.000000
v -0.562500 -0.857200 1.000000
v -0.625000 -0.910801 1.000000
v -0.625000 -0.803600 1.000000
v 1.000000 0.857200 -0.562500
v 1.000000 0.857200 -0.687500
v 1.000000 0.803600 -0.625000
v 1.000000 0.910801 -0.625000
v 1.000000 0.857200 -0.312500
v 1.000000 0.857200 -0.437500
v 1.000000 0.803600 -0.375000
v 1.000000 0.910801 -0.375000
v 0.857200 1.000000 -0.312500
v 0.857200 1.000000 -0.437500
v 0.910801 1.000000 -0.375000
v 0.803600 1.000000 -0.375000
v 0.857200 1.000000 -0.562500
v 0.857200 1.000000 -0.687500
v 0.910801 1.000000 -0.625000
v 0.803600 1.000000 -0.625000
v 0.312500 0.857200 1.000000
v 0.437500 0.857200 1.000000
v 0.375000 0.803600 1.000000
v 0.375000 0.910801 1.000000
v 0.375000 1.000000 0.910801
v 0.375000 1.000000 0.803600
v 0.437500 1.000000 0.857200
v 0.312500 1.000000 0.857200
v 0.625000 1.000000 0.910801
v 0.625000 1.000000 0.803600
v 0.687500 1.000000 0.857200
v 0.562500 1.000000 0.857200
v 0.562500 0.857200 1.000000
v 0.687500 0.857200 1.000000
v 0.625000 0.803600 1.000000
v 0.625000 0.910801 1.000000
v -0.803600 0.625000 -1.000000
v -0.910801 0.625000 -1.000000
v -0.857200 0.562500 -1.000000
v -0.857200 0.687500 -1.000000
v -0.803600 0.375000 -1.000000
v -0.910801 0.375000 -1.000000
v -0.857200 0.312500 -1.000000
v -0.857200 0.437500 -1.000000
v -1.000000 0.375000 -0.910801
v -1.000000 0.375000 -0.803600
v -1.000000 0.312500 -0.857200
v -1.000000 0.437500 -0.857200
v -1.000000 0.625000 -0.910801
v -1.000000 0.625000 -0.803600
v -1.000000 0.562500 -0.857200
v -1.000000 0.687500 -0.857200
v 0.803600 0.625000 1.000000
v 0.910801 0.625000 1.000000
v 0.857200 0.562500 1.000000
v 0.857200 0.687500 1.000000
v 0.803600 0.375000 1.000000
v 0.910801 0.375000 1.000000
v 0.857200 0.312500 1.000000
v 0.857200 0.437500 1.000000
v 1.000000 0.375000 0.910801
v 1.000000 0.375000 0.803600
v 1.000000 0.312500 0.857200
v 1.000000 0.437500 0.857200
v 1.000000 0.625000 0.910801
v 1.000000 0.625000 0.803600
v 1.000000 0.562500 0.857200
v 1.000000 0.687500 0.857200
v -1.000000 -0.375000 0.803600
v -1.000000 -0.375000 0.910801
v -1.000000 -0.437500 0.857200
v -1.000000 -0.312500 0.857200
v -0.910801 -0.375000 1.000000
v -0.803600 -0.375000 1.000000
v -0.857200 -0.437500 1.000000
v -0.857200 -0.312500 1.000000
v -0.910801 -0.625000 1.000000
v -0.803600 -0.625000 1.000000
v -0.857200 -0.687500 1.000000
v -0.857200 -0.562500 1.000000
v -1.000000 -0.625000 0.803600
v -1.000000 -0.625000 0.910801
v -1.000000 -0.687500 0.857200
v -1.000000 -0.562500 0.857200
v 1.000000 0.625000 -0.803600
v 1.000000 0.625000 -0.910801
v 1.000000 0.562500 -0.857200
v 1.000000 0.687500 -0.857200
v 1.000000 0.375000 -0.803600
v 1.000000 0.375000 -0.910801
v 1.000000 0.312500 -0.857200
v 1.000000 0.437500 -0.857200
v 0.910801 0.375000 -1.000000
v 0.803600 0.375000 -1.000000
v 0.857200 0.312500 -1.000000
v 0.857200 0.437500 -1.000000
v 0.910801 0.625000 -1.000000
v 0.803600 0.625000 -1.000000
v 0.857200 0.562500 -1.000000
v 0.857200 0.687500 -1.000000
v 0.375000 -1.000000 -0.803600
v 0.375000 -1.000000 -0.910801
v 0.312500 -1.000000 -0.857200
v 0.437500 -1.000000 -0.857200
v 0.437500 -0.857200 -1.000000
v 0.312500 -0.857200 -1.000000
v 0.375000 -0.910801 -1.000000
v 0.375000 -0.803600 -1.000000
v 0.687500 -0.857200 -1.000000
v 0.562500 -0.857200 -1.000000
v 0.625000 -0.910801 -1.000000
v 0.625000 -0.803600 -1.000000
v 0.625000 -1.000000 -0.803600
v 0.625000 -1.000000 -0.910801
v 0.562500 -1.000000 -0.857200
v 0.687500 -1.000000 -0.857200
v -0.857200 -1.000000 -0.562500
v -0.857200 -1.000000 -0.687500
v -0.910801 -1.000000 -0.625000
v -0.803600 -1.000000 -0.625000
v -1.000000 -0.857200 -0.437500
v -1.000000 -0.857200 -0.312500
v -1.000000 -0.910801 -0.375000
v -1.000000 -0.803600 -0.375000
v -0.857200 -1.000000 -0.312500
v -0.857200 -1.000000 -0.437500
v -0.910801 -1.000000 -0.375000
v -0.803600 -1.000000 -0.375000
v -1.000000 -0.857200 -0.687500
v -1.000000 -0.857200 -0.562500
v -1.000000 -0.910801 -0.625000
v -1.000000 -0.803600 -0.625000
v 0.857200 -1.000000 -0.562500
v 0.857200 -1.000000 -0.687500
v 0.803600 -1.000000 -0.625000
v 0.910801 -1.000000 -0.625000
v 1.000000 -0.857200 -0.562500
v 1.000000 -0.857200 -0.687500
v 1.000000 -0.910801 -0.625000
v 1.000000 -0.803600 -0.625000
v 1.000000 -0.857200 -0.312500
v 1.000000 -0.857200 -0.437500
v 1.000000 -0.910801 -0.375000
v 1.000000 -0.803600 -0.375000
v 0.857200 -1.000000 -0.312500
v 0.857200 -1.000000 -0.437500
v 0.803600 -1.000000 -0.375000
v 0.910801 -1.000000 -0.375000
v 0.437500 0.857200 -1.000000
v 0.312500 0.857200 -1.000000
v 0.375000 0.803600 -1.000000
v 0.375000 0.910801 -1.000000
v 0.625000 1.000000 -0.803600
v 0.625000 1.000000 -0.910801
v 0.687500 1.000000 -0.857200
v 0.562500 1.000000 -0.857200
v 0.687500 0.857200 -1.000000
v 0.562500 0.857200 -1.000000
v 0.625000 0.803600 -1.000000
v 0.625000 0.910801 -1.000000
v 0.375000 1.000000 -0.803600
v 0.375000 1.000000 -0.910801
v 0.437500 1.000000 -0.857200
v 0.312500 1.000000 -0.857200
v -1.000000 0.857200 -0.437500
v -1.000000 0.857200 -0.312500
v -1.000000 0.803600 -0.375000
v -1.000000 0.910801 -0.375000
v -0.857200 1.000000 -0.562500
v -0.857200 1.000000 -0.687500
v -0.803600 1.000000 -0.625000
v -0.910801 1.000000 -0.625000
v -1.000000 0.857200 -0.687500
v -1.000000 0.857200 -0.562500
v -1.000000 0.803600 -0.625000
v -1.000000 0.910801 -0.625000
v -0.857200 1.000000 -0.312500
v -0.857200 1.000000 -0.437500
v -0.803600 1.000000 -0.375000
v -0.910801 1.000000 -0.375000
v 0.375000 -1.000000 0.910801
v 0.375000 -1.000000 0.803600
v 0.312500 -1.000000 0.857200
v 0.437500 -1.000000 0.857200
v 0.562500 -0.857200 1.000000
v 0.687500 -0.857200 1.000000
v 0.625000 -0.910801 1.000000
v 0.625000 -0.803600 1.000000
v 0.625000 -1.000000 0.910801
v 0.625000 -1.000000 0.803600
v 0.562500 -1.000000 0.857200
v 0.687500 -1.000000 0.857200
v 0.312500 -0.857200 1.000000
v 0.437500 -0.857200 1.000000
v 0.375000 -0.910801 1.000000
v 0.375000 -0.803600 1.000000
v 1.000000 0.857200 0.437500
v 1.000000 0.857200 0.312500
v 1.000000 0.803600 0.375000
v 1.000000 0.910801 0.375000
v 1.000000 0.857200 0.687500
v 1.000000 0.857200 0.562500
v 1.000000 0.803600 0.625000
v 1.000000 0.910801 0.625000
v 0.857200 1.000000 0.687500
v 0.857200 1.000000 0.562500
v 0.910801 1.000000 0.625000
v 0.803600 1.000000 0.625000
v 0.857200 1.000000 0.437500
v 0.857200 1.000000 0.312500
v 0.910801 1.000000 0.375000
v 0.803600 1.000000 0.375000
v -0.437500 0.857200 1.000000
v -0.312500 0.857200 1.000000
v -0.375000 0.803600 1.000000
v -0.375000 0.910801 1.000000
v -0.687500 0.857200 1.000000
v -0.562500 0.857200 1.000000
v -0.625000 0.803600 1.000000
v -0.625000 0.910801 1.000000
v -0.625000 1.000000 0.910801
v -0.625000 1.000000 0.803600
v -0.562500 1.000000 0.857200
v -0.687500 1.000000 0.857200
v -0.375000 1.000000 0.910801
v -0.375000 1.000000 0.803600
v -0.312500 1.000000 0.857200
v -0.437500 1.000000 0.857200
v -0.803600 -0.375000 -1.000000
v -0.910801 -0.375000 -1.000000
v -0.857200 -0.437500 -1.000000
v -0.857200 -0.312500 -1.000000
v -0.803600 -0.625000 -1.000000
v -0.910801 -0.625000 -1.000000
v -0.857200 -0.687500 -1.000000
v -0.857200 -0.562500 -1.000000
v -1.000000 -0.625000 -0.910801
v -1.000000 -0.625000 -0.803600
v -1.000000 -0.687500 -0.857200
v -1.000000 -0.562500 -0.857200
v -1.000000 -0.375000 -0.910801
v -1.000000 -0.375000 -0.803600
v -1.000000 -0.437500 -0.857200
v -1.000000 -0.312500 -0.857200
v 0.803600 -0.375000 1.000000
v 0.910801 -0.375000 1.000000
v 0.857200 -0.437500 1.000000
v 0.857200 -0.312500 1.000000
v 0.803600 -0.625000 1.000000
v 0.910801 -0.625000 1.000000
v 0.857200 -0.687500 1.000000
v 0.857200 -0.562500 1.000000
v 1.000000 -0.625000 0.910801
v 1.000000 -0.625000 0.803600
v 1.000000 -0.687500 0.857200
v 1.000000 -0.562500 0.857200
v 1.000000 -0.375000 0.910801
v 1.000000 -0.375000 0.803600
v 1.000000 -0.437500 0.857200
v 1.000000 -0.312500 0.857200
v -1.000000 0.625000 0.803600
v -1.000000 0.625000 0.910801
v -1.000000 0.562500 0.857200
v -1.000000 0.687500 0.857200
v -0.910801 0.625000 1.000000
v -0.803600 0.625000 1.000000
v -0.857200 0.562500 1.000000
v -0.857200 0.687500 1.000000
v -0.910801 0.375000 1.000000
v -0.803600 0.375000 1.000000
v -0.857200 0.312500 1.000000
v -0.857200 0.437500 1.000000
v -1.000000 0.375000 0.803600
v -1.000000 0.375000 0.910801
v -1.000000 0.312500 0.857200
v -1.000000 0.437500 0.857200
v 1.000000 -0.375000 -0.803600
v 1.000000 -0.375000 -0.910801
v 1.000000 -0.437500 -0.857200
v 1.000000 -0.312500 -0.857200
v 1.000000 -0.625000 -0.803600
v 1.000000 -0.625000 -0.910801
v 1.000000 -0.687500 -0.857200
v 1.000000 -0.562500 -0.857200
v 0.910801 -0.625000 -1.000000
v 0.803600 -0.625000 -1.000000
v 0.857200 -0.687500 -1.000000
v 0.857200 -0.562500 -1.000000
v 0.910801 -0.375000 -1.000000
v 0.803600 -0.375000 -1.000000
v 0.857200 -0.437500 -1.000000
v 0.857200 -0.312500 -1.000000
v -0.625000 -1.000000 -0.803600
v -0.625000 -1.000000 -0.910801
v -0.687500 -1.000000 -0.857200
v -0.562500 -1.000000 -0.857200
v -0.562500 -0.857200 -1.000000
v -0.687500 -0.857200 -1.000000
v -0.625000 -0.910801 -1.000000
v -0.625000 -0.803600 -1.000000
v -0.312500 -0.857200 -1.000000
v -0.437500 -0.857200 -1.000000
v -0.375000 -0.910801 -1.000000
v -0.375000 -0.803600 -1.000000
v -0.375000 -1.000000 -0.803600
v -0.375000 -1.000000 -0.910801
v -0.437500 -1.000000 -0.857200
v -0.312500 -1.000000 -0.857200
v -0.857200 -1.000000 0.437500
v -0.857200 -1.000000 0.312500
v -0.910801 -1.000000 0.375000
v -0.803600 -1.000000 0.375000
v -1.000000 -0.857200 0.562500
v -1.000000 -0.857200 0.687500
v -1.000000 -0.910801 0.625000
v -1.000000 -0.803600 0.625000
v -0.857200 -1.000000 0.687500
v -0.857200 -1.000000 0.562500
v -0.910801 -1.000000 0.625000
v -0.803600 -1.000000 0.625000
v -1.000000 -0.857200 0.312500
v -1.000000 -0.857200 0.437500
v -1.000000 -0.910801 0.375000
v -1.000000 -0.803600 0.375000
v 0.857200 -1.000000 0.187500
v 0.857200 -1.000000 0.062500
v 0.803600 -1.000000 0.125000
v 0.910801 -1.000000 0.125000
v 0.857200 -1.000000 -0.062500
v 0.857200 -1.000000 -0.187500
v 0.803600 -1.000000 -0.125000
v 0.910801 -1.000000 -0.125000
v 1.000000 -0.857200 -0.062500
v 1.000000 -0.857200 -0.187500
v 1.000000 -0.910801 -0.125000
v 1.000000 -0.803600 -0.125000
v 1.000000 -0.857200 0.187500
v 1.000000 -0.857200 0.062500
v 1.000000 -0.910801 0.125000
v 1.000000 -0.803600 0.125000
v 0.125000 1.000000 -0.803600
v 0.125000 1.000000 -0.910801
v 0.187500 1.000000 -0.857200
v 0.062500 1.000000 -0.857200
v -0.062500 0.857200 -1.000000
v -0.187500 0.857200 -1.000000
v -0.125000 0.803600 -1.000000
v -0.125000 0.910801 -1.000000
v 0.187500 0.857200 -1.000000
v 0.062500 0.857200 -1.000000
v 0.125000 0.803600 -1.000000
v 0.125000 0.910801 -1.000000
v -0.125000 1.000000 -0.803600
v -0.125000 1.000000 -0.910801
v -0.062500 1.000000 -0.857200
v -0.187500 1.000000 -0.857200
v -0.857200 1.000000 -0.062500
v -0.857200 1.000000 -0.187500
v -0.803600 1.000000 -0.125000
v -0.910801 1.000000 -0.125000
v -1.000000 0.857200 0.062500
v -1.000000 0.857200 0.187500
v -1.000000 0.803600 0.125000
v -1.000000 0.910801 0.125000
v -1.000000 0.857200 -0.187500
v -1.000000 0.857200 -0.062500
v -1.000000 0.803600 -0.125000
v -1.000000 0.910801 -0.125000
v -0.857200 1.000000 0.187500
v -0.857200 1.000000 0.062500
v -0.803600 1.000000 0.125000
v -0.910801 1.000000 0.125000
v 0.125000 -1.000000 0.910801
v 0.125000 -1.000000 0.803600
v 0.062500 -1.000000 0.857200
v 0.187500 -1.000000 0.857200
v -0.125000 -1.000000 0.910801
v -0.125000 -1.000000 0.803600
v -0.187500 -1.000000 0.857200
v -0.062500 -1.000000 0.857200
v 0.062500 -0.857200 1.000000
v 0.187500 -0.857200 1.000000
v 0.125000 -0.910801 1.000000
v 0.125000 -0.803600 1.000000
v -0.187500 -0.857200 1.000000
v -0.062500 -0.857200 1.000000
v -0.125000 -0.910801 1.000000
v -0.125000 -0.803600 1.000000
v 1.000000 0.857200 -0.062500
v 1.000000 0.857200 -0.187500
v 1.000000 0.803600 -0.125000
v 1.000000 0.910801 -0.125000
v 1.000000 0.857200 0.187500
v 1.000000 0.857200 0.062500
v 1.000000 0.803600 0.125000
v 1.000000 0.910801 0.125000
v 0.857200 1.000000 0.187500
v 0.857200 1.000000 0.062500
v 0.910801 1.000000 0.125000
v 0.803600 1.000000 0.125000
v 0.857200 1.000000 -0.062500
v 0.857200 1.000000 -0.187500
v 0.910801 1.000000 -0.125000
v 0.803600 1.000000 -0.125000
v 0.062500 0.857200 1.000000
v 0.187500 0.857200 1.000000
v 0.125000 0.803600 1.000000
v 0.125000 0.910801 1.000000
v -0.187500 0.857200 1.000000
v -0.062500 0.857200 1.000000
v -0.125000 0.803600 1.000000
v -0.125000 0.910801 1.000000
v -0.125000 1.000000 0.910801
v -0.125000 1.000000 0.803600
v -0.062500 1.000000 0.857200
v -0.187500 1.000000 0.857200
v 0.125000 1.000000 0.910801
v 0.125000 1.000000 0.803600
v 0.187500 1.000000 0.857200
v 0.062500 1.000000 0.857200
v -0.803600 -0.125000 -1.000000
v -0.910801 -0.125000 -1.000000
v -0.857200 -0.187500 -1.000000
v -0.857200 -0.062500 -1.000000
v -1.000000 -0.125000 -0.910801
v -1.000000 -0.125000 -0.803600
v -1.000000 -0.187500 -0.857200
v -1.000000 -0.062500 -0.857200
v -1.000000 0.125000 -0.910801
v -1.000000 0.125000 -0.803600
v -1.000000 0.062500 -0.857200
v -1.000000 0.187500 -0.857200
v -0.803600 0.125000 -1.000000
v -0.910801 0.125000 -1.000000
v -0.857200 0.062500 -1.000000
v -0.857200 0.187500 -1.000000
v 0.803600 -0.125000 1.000000
v 0.910801 -0.125000 1.000000
v 0.857200 -0.187500 1.000000
v 0.857200 -0.062500 1.000000
v 1.000000 -0.125000 0.910801
v 1.000000 -0.125000 0.803600
v 1.000000 -0.187500 0.857200
v 1.000000 -0.062500 0.857200
v 1.000000 0.125000 0.910801
v 1.000000 0.125000 0.803600
v 1.000000 0.062500 0.857200
v 1.000000 0.187500 0.857200
v 0.803600 0.125000 1.000000
v 0.910801 0.125000 1.000000
v 0.857200 0.062500 1.000000
v 0.857200 0.187500 1.000000
v -1.000000 0.125000 0.803600
v -1.000000 0.125000 0.910801
v -1.000000 0.062500 0.857200
v -1.000000 0.187500 0.857200
v -0.910801 0.125000 1.000000
v -0.803600 0.125000 1.000000
v -0.857200 0.062500 1.000000
v -0.857200 0.187500 1.000000
v -0.910801 -0.125000 1.000000
v -0.803600 -0.125000 1.000000
v -0.857200 -0.187500 1.000000
v -0.857200 -0.062500 1.000000
v -1.000000 -0.125000 0.803600
v -1.000000 -0.125000 0.910801
v -1.000000 -0.187500 0.857200
v -1.000000 -0.062500 0.857200
v 1.000000 -0.125000 -0.803600
v 1.000000 -0.125000 -0.910801
v 1.000000 -0.187500 -0.857200
v 1.000000 -0.062500 -0.857200
v 0.910801 -0.125000 -1.000000
v 0.803600 -0.125000 -1.000000
v 0.857200 -0.187500 -1.000000
v 0.857200 -0.062500 -1.000000
v 0.910801 0.125000 -1.000000
v 0.803600 0.125000 -1.000000
v 0.857200 0.062500 -1.000000
v 0.857200 0.187500 -1.000000
v 1.000000 0.125000 -0.803600
v 1.000000 0.125000 -0.910801
v 1.000000 0.062500 -0.857200
v 1.000000 0.187500 -0.857200
v -0.125000 -1.000000 -0.803600
v -0.125000 -1.000000 -0.910801
v -0.187500 -1.000000 -0.857200
v -0.062500 -1.000000 -0.857200
v -0.062500 -0.857200 -1.000000
v -0.187500 -0.857200 -1.000000
v -0.125000 -0.910801 -1.000000
v -0.125000 -0.803600 -1.000000
v 0.187500 -0.857200 -1.000000
v 0.062500 -0.857200 -1.000000
v 0.125000 -0.910801 -1.000000
v 0.125000 -0.803600 -1.000000
v 0.125000 -1.000000 -0.803600
v 0.125000 -1.000000 -0.910801
v 0.062500 -1.000000 -0.857200
v 0.187500 -1.000000 -0.857200
v -0.857200 -1.000000 0.187500
v -0.857200 -1.000000 0.062500
v -0.910801 -1.000000 0.125000
v -0.803600 -1.000000 0.125000
v -0.857200 -1.000000 -0.062500
v -0.857200 -1.000000 -0.187500
v -0.910801 -1.000000 -0.125000
v -0.803600 -1.000000 -0.125000
v -1.000000 -0.857200 0.062500
v -1.000000 -0.857200 0.187500
v -1.000000 -0.910801 0.125000
v -1.000000 -0.803600 0.125000
v -1.000000 -0.857200 -0.187500
v -1.000000 -0.857200 -0.062500
v -1.000000 -0.910801 -0.125000
v -1.000000 -0.803600 -0.125000
v -0.857200 -1.000000 0.910801
v -0.857200 -1.000000 0.803600
v -0.910801 -1.000000 0.857200
v -0.803600 -1.000000 0.857200
v -0.910801 -0.857200 1.000000
v -0.803600 -0.857200 1.000000
v -0.857200 -0.910801 1.000000
v -0.857200 -0.803600 1.000000
v -1.000000 -0.857200 0.803600
v -1.000000 -0.857200 0.910801
v -1.000000 -0.910801 0.857200
v -1.000000 -0.803600 0.857200
v -0.857200 1.000000 0.910801
v -0.857200 1.000000 0.803600
v -0.803600 1.000000 0.857200
v -0.910801 1.000000 0.857200
v -0.910801 0.857200 1.000000
v -0.803600 0.857200 1.000000
v -0.857200 0.803600 1.000000
v -0.857200 0.910801 1.000000
v -1.000000 0.857200 0.803600
v -1.000000 0.857200 0.910801
v -1.000000 0.803600 0.857200
v -1.000000 0.910801 0.857200
v -1.000000 -0.857200 -0.910801
v -1.000000 -0.857200 -0.803600
v -1.000000 -0.910801 -0.857200
v -1.000000 -0.803600 -0.857200
v -0.803600 -0.857200 -1.000000
v -0.910801 -0.857200 -1.000000
v -0.857200 -0.910801 -1.000000
v -0.857200 -0.803600 -1.000000
v -0.857200 -1.000000 -0.803600
v -0.857200 -1.000000 -0.910801
v -0.910801 -1.000000 -0.857200
v -0.803600 -1.000000 -0.857200
v -0.803600 0.857200 -1.000000
v -0.910801 0.857200 -1.000000
v -0.857200 0.803600 -1.000000
v -0.857200 0.910801 -1.000000
v -1.000000 0.857200 -0.910801
v -1.000000 0.857200 -0.803600
v -1.000000 0.803600 -0.857200
v -1.000000 0.910801 -0.857200
v -0.857200 1.000000 -0.803600
v -0.857200 1.000000 -0.910801
v -0.803600 1.000000 -0.857200
v -0.910801 1.000000 -0.857200
v 1.000000 -0.857200 0.910801
v 1.000000 -0.857200 0.803600
v 1.000000 -0.910801 0.857200
v 1.000000 -0.803600 0.857200
v 0.857200 -1.000000 0.910801
v 0.857200 -1.000000 0.803600
v 0.803600 -1.000000 0.857200
v 0.910801 -1.000000 0.857200
v 0.803600 -0.857200 1.000000
v 0.910801 -0.857200 1.000000
v 0.857200 -0.910801 1.000000
v 0.857200 -0.803600 1.000000
v 0.803600 0.857200 1.000000
v 0.910801 0.857200 1.000000
v 0.857200 0.803600 1.000000
v 0.857200 0.910801 1.000000
v 1.000000 0.857200 0.910801
v 1.000000 0.857200 0.803600
v 1.000000 0.803600 0.857200
v 1.000000 0.910801 0.857200
v 0.857200 1.000000 0.910801
v 0.857200 1.000000 0.803600
v 0.910801 1.000000 0.857200
v 0.803600 1.000000 0.857200
v 0.910801 -0.857200 -1.000000
v 0.803600 -0.857200 -1.000000
v 0.857200 -0.910801 -1.000000
v 0.857200 -0.803600 -1.000000
v 0.857200 -1.000000 -0.803600
v 0.857200 -1.000000 -0.910801
v 0.803600 -1.000000 -0.857200
v 0.910801 -1.000000 -0.857200
v 1.000000 -0.857200 -0.803600
v 1.000000 -0.857200 -0.910801
v 1.000000 -0.910801 -0.857200
v 1.000000 -0.803600 -0.857200
v 1.000000 0.857200 -0.803600
v 1.000000 0.857200 -0.910801
v 1.000000 0.803600 -0.857200
v 1.000000 0.910801 -0.857200
v 0.910801 0.857200 -1.000000
v 0.803600 0.857200 -1.000000
v 0.857200 0.803600 -1.000000
v 0.857200 0.910801 -1.000000
v 0.857200 1.000000 -0.803600
v 0.857200 1.000000 -0.910801
v 0.910801 1.000000 -0.857200
v 0.803600 1.000000 -0.857200
v 0.991100 -0.973301 0.857200
v 0.973301 -0.991100 0.857200
v 0.982200 -0.982200 0.910801
v 0.982200 -0.982200 0.803600
v -0.857200 0.973301 -0.991100
v -0.857200 0.991100 -0.973301
v -0.910801 0.982200 -0.982200
v -0.803600 0.982200 -0.982200
v -0.991100 0.973301 0.857200
v -0.973301 0.991100 0.857200
v -0.982200 0.982200 0.910801
v -0.982200 0.982200 0.803600
v -0.857200 -0.973301 0.991100
v -0.857200 -0.991100 0.973301
v -0.910801 -0.982200 0.982200
v -0.803600 -0.982200 0.982200
v 0.991100 0.973301 -0.857200
v 0.973301 0.991100 -0.857200
v 0.982200 0.982200 -0.910801
v 0.982200 0.982200 -0.803600
v 0.857200 0.973301 0.991100
v 0.857200 0.991100 0.973301
v 0.910801 0.982200 0.982200
v 0.803600 0.982200 0.982200
v -0.991100 0.857200 -0.973301
v -0.973301 0.857200 -0.991100
v -0.982200 0.910801 -0.982200
v -0.982200 0.803600 -0.982200
v 0.991100 0.857200 0.973301
v 0.973301 0.857200 0.991100
v 0.982200 0.910801 0.982200
v 0.982200 0.803600 0.982200
v -0.991100 -0.857200 0.973301
v -0.973301 -0.857200 0.991100
v -0.982200 -0.910801 0.982200
v -0.982200 -0.803600 0.982200
v 0.973301 0.857200 -0.991100
v 0.991100 0.857200 -0.973301
v 0.982200 0.910801 -0.982200
v 0.982200 0.803600 -0.982200
v 0.857200 -0.973301 -0.991100
v 0.857200 -0.991100 -0.973301
v 0.910801 -0.982200 -0.982200
v 0.803600 -0.982200 -0.982200
v -0.991100 -0.973301 -0.857200
v -0.973301 -0.991100 -0.857200
v -0.982200 -0.982200 -0.910801
v -0.982200 -0.982200 -0.803600
v 0.991100 -0.973301 -0.125000
v 0.973301 -0.991100 -0.125000
v 0.982200 -0.982200 -0.062500
v 0.982200 -0.982200 -0.187500
v 0.125000 0.973301 -0.991100
v 0.125000 0.991100 -0.973301
v 0.062500 0.982200 -0.982200
v 0.187500 0.982200 -0.982200
v -0.991100 0.973301 -0.125000
v -0.973301 0.991100 -0.125000
v -0.982200 0.982200 -0.062500
v -0.982200 0.982200 -0.187500
v 0.125000 -0.973301 0.991100
v 0.125000 -0.991100 0.973301
v 0.062500 -0.982200 0.982200
v 0.187500 -0.982200 0.982200
v 0.991100 0.973301 0.125000
v 0.973301 0.991100 0.125000
v 0.982200 0.982200 0.062500
v 0.982200 0.982200 0.187500
v -0.125000 0.973301 0.991100
v -0.125000 0.991100 0.973301
v -0.062500 0.982200 0.982200
v -0.187500 0.982200 0.982200
v -0.991100 -0.125000 -0.973301
v -0.973301 -0.125000 -0.991100
v -0.982200 -0.062500 -0.982200
v -0.982200 -0.187500 -0.982200
v 0.991100 -0.125000 0.973301
v 0.973301 -0.125000 0.991100
v 0.982200 -0.062500 0.982200
v 0.982200 -0.187500 0.982200
v -0.991100 0.125000 0.973301
v -0.973301 0.125000 0.991100
v -0.982200 0.062500 0.982200
v -0.982200 0.187500 0.982200
v 0.973301 -0.125000 -0.991100
v 0.991100 -0.125000 -0.973301
v 0.982200 -0.062500 -0.982200
v 0.982200 -0.187500 -0.982200
v -0.125000 -0.973301 -0.991100
v -0.125000 -0.991100 -0.973301
v -0.062500 -0.982200 -0.982200
v -0.187500 -0.982200 -0.982200
v -0.991100 -0.973301 0.125000
v -0.973301 -0.991100 0.125000
v -0.982200 -0.982200 0.062500
v -0.982200 -0.982200 0.187500
v 0.991100 -0.973301 0.375000
v 0.973301 -0.991100 0.375000
v 0.982200 -0.982200 0.437500
v 0.982200 -0.982200 0.312500
v -0.375000 0.973301 -0.991100
v -0.375000 0.991100 -0.973301
v -0.437500 0.982200 -0.982200
v -0.312500 0.982200 -0.982200
v -0.991100 0.973301 0.375000
v -0.973301 0.991100 0.375000
v -0.982200 0.982200 0.437500
v -0.982200 0.982200 0.312500
v -0.375000 -0.973301 0.991100
v -0.375000 -0.991100 0.973301
v -0.437500 -0.982200 0.982200
v -0.312500 -0.982200 0.982200
v 0.991100 0.973301 -0.375000
v 0.973301 0.991100 -0.375000
v 0.982200 0.982200 -0.437500
v 0.982200 0.982200 -0.312500
v 0.375000 0.973301 0.991100
v 0.375000 0.991100 0.973301
v 0.437500 0.982200 0.982200
v 0.312500 0.982200 0.982200
v -0.991100 0.375000 -0.973301
v -0.973301 0.375000 -0.991100
v -0.982200 0.437500 -0.982200
v -0.982200 0.312500 -0.982200
v 0.991100 0.375000 0.973301
v 0.973301 0.375000 0.991100
v 0.982200 0.437500 0.982200
v 0.982200 0.312500 0.982200
v -0.991100 -0.375000 0.973301
v -0.973301 -0.375000 0.991100
v -0.982200 -0.437500 0.982200
v -0.982200 -0.312500 0.982200
v 0.973301 0.375000 -0.991100
v 0.991100 0.375000 -0.973301
v 0.982200 0.437500 -0.982200
v 0.982200 0.312500 -0.982200
v 0.375000 -0.973301 -0.991100
v 0.375000 -0.991100 -0.973301
v 0.437500 -0.982200 -0.982200
v 0.312500 -0.982200 -0.982200
v -0.991100 -0.973301 -0.375000
v -0.973301 -0.991100 -0.375000
v -0.982200 -0.982200 -0.437500
v -0.982200 -0.982200 -0.312500
v 0.991100 -0.973301 -0.625000
v 0.973301 -0.991100 -0.625000
v 0.982200 -0.982200 -0.562500
v 0.982200 -0.982200 -0.687500
v 0.625000 0.973301 -0.991100
v 0.625000 0.991100 -0.973301
v 0.562500 0.982200 -0.982200
v 0.687500 0.982200 -0.982200
v -0.991100 0.973301 -0.625000
v -0.973301 0.991100 -0.625000
v -0.982200 0.982200 -0.562500
v -0.982200 0.982200 -0.687500
v 0.625000 -0.973301 0.991100
v 0.625000 -0.991100 0.973301
v 0.562500 -0.982200 0.982200
v 0.687500 -0.982200 0.982200
v 0.991100 0.973301 0.625000
v 0.973301 0.991100 0.625000
v 0.982200 0.982200 0.562500
v 0.982200 0.982200 0.687500
v -0.625000 0.973301 0.991100
v -0.625000 0.991100 0.973301
v -0.562500 0.982200 0.982200
v -0.687500 0.982200 0.982200
v -0.991100 -0.625000 -0.973301
v -0.973301 -0.625000 -0.991100
v -0.982200 -0.562500 -0.982200
v -0.982200 -0.687500 -0.982200
v 0.991100 -0.625000 0.973301
v 0.973301 -0.625000 0.991100
v 0.982200 -0.562500 0.982200
v 0.982200 -0.687500 0.982200
v -0.991100 0.625000 0.973301
v -0.973301 0.625000 0.991100
v -0.982200 0.562500 0.982200
v -0.982200 0.687500 0.982200
v 0.973301 -0.625000 -0.991100
v 0.991100 -0.625000 -0.973301
v 0.982200 -0.562500 -0.982200
v 0.982200 -0.687500 -0.982200
v -0.625000 -0.973301 -0.991100
v -0.625000 -0.991100 -0.973301
v -0.562500 -0.982200 -0.982200
v -0.687500 -0.982200 -0.982200
v -0.991100 -0.973301 0.625000
v -0.973301 -0.991100 0.625000
v -0.982200 -0.982200 0.562500
v -0.982200 -0.982200 0.687500
v 0.991100 -0.973301 0.625000
v 0.973301 -0.991100 0.625000
v 0.982200 -0.982200 0.687500
v 0.982200 -0.982200 0.562500
v -0.625000 0.973301 -0.991100
v -0.625000 0.991100 -0.973301
v -0.687500 0.982200 -0.982200
v -0.562500 0.982200 -0.982200
v -0.991100 0.973301 0.625000
v -0.973301 0.991100 0.625000
v -0.982200 0.982200 0.687500
v -0.982200 0.982200 0.562500
v -0.625000 -0.973301 0.991100
v -0.625000 -0.991100 0.973301
v -0.687500 -0.982200 0.982200
v -0.562500 -0.982200 0.982200
v 0.991100 0.973301 -0.625000
v 0.973301 0.991100 -0.625000
v 0.982200 0.982200 -0.687500
v 0.982200 0.982200 -0.562500
v 0.625000 0.973301 0.991100
v 0.625000 0.991100 0.973301
v 0.687500 0.982200 0.982200
v 0.562500 0.982200 0.982200
v -0.991100 0.625000 -0.973301
v -0.973301 0.625000 -0.991100
v -0.982200 0.687500 -0.982200
v -0.982200 0.562500 -0.982200
v 0.991100 0.625000 0.973301
v 0.973301 0.625000 0.991100
v 0.982200 0.687500 0.982200
v 0.982200 0.562500 0.982200
v -0.991100 -0.625000 0.973301
v -0.973301 -0.625000 0.991100
v -0.982200 -0.687500 0.982200
v -0.982200 -0.562500 0.982200
v 0.973301 0.625000 -0.991100
v 0.991100 0.625000 -0.973301
v 0.982200 0.687500 -0.982200
v 0.982200 0.562500 -0.982200
v 0.625000 -0.973301 -0.991100
v 0.625000 -0.991100 -0.973301
v 0.687500 -0.982200 -0.982200
v 0.562500 -0.982200 -0.982200
v -0.991100 -0.973301 -0.625000
v -0.973301 -0.991100 -0.625000
v -0.982200 -0.982200 -0.687500
v -0.982200 -0.982200 -0.562500
v 0.991100 -0.973301 -0.375000
v 0.973301 -0.991100 -0.375000
v 0.982200 -0.982200 -0.312500
v 0.982200 -0.982200 -0.437500
v 0.375000 0.973301 -0.991100
v 0.375000 0.991100 -0.973301
v 0.312500 0.982200 -0.982200
v 0.437500 0.982200 -0.982200
v -0.991100 0.973301 -0.375000
v -0.973301 0.991100 -0.375000
v -0.982200 0.982200 -0.312500
v -0.982200 0.982200 -0.437500
v 0.375000 -0.973301 0.991100
v 0.375000 -0.991100 0.973301
v 0.312500 -0.982200 0.982200
v 0.437500 -0.982200 0.982200
v 0.991100 0.973301 0.375000
v 0.973301 0.991100 0.375000
v 0.982200 0.982200 0.312500
v 0.982200 0.982200 0.437500
v -0.375000 0.973301 0.991100
v -0.375000 0.991100 0.973301
v -0.312500 0.982200 0.982200
v -0.437500 0.982200 0.982200
v -0.991100 -0.375000 -0.973301
v -0.973301 -0.375000 -0.991100
v -0.982200 -0.312500 -0.982200
v -0.982200 -0.437500 -0.982200
v 0.991100 -0.375000 0.973301
v 0.973301 -0.375000 0.991100
v 0.982200 -0.312500 0.982200
v 0.982200 -0.437500 0.982200
v -0.991100 0.375000 0.973301
v -0.973301 0.375000 0.991100
v -0.982200 0.312500 0.982200
v -0.982200 0.437500 0.982200
v 0.973301 -0.375000 -0.991100
v 0.991100 -0.375000 -0.973301
v 0.982200 -0.312500 -0.982200
v 0.982200 -0.437500 -0.982200
v -0.375000 -0.973301 -0.991100
v -0.375000 -0.991100 -0.973301
v -0.312500 -0.982200 -0.982200
v -0.437500 -0.982200 -0.982200
v -0.991100 -0.973301 0.375000
v -0.973301 -0.991100 0.375000
v -0.982200 -0.982200 0.312500
v -0.982200 -0.982200 0.437500
v 0.991100 -0.973301 0.125000
v 0.973301 -0.991100 0.125000
v 0.982200 -0.982200 0.187500
v 0.982200 -0.982200 0.062500
v -0.125000 0.973301 -0.991100
v -0.125000 0.991100 -0.973301
v -0.187500 0.982200 -0.982200
v -0.062500 0.982200 -0.982200
v -0.991100 0.973301 0.125000
v -0.973301 0.991100 0.125000
v -0.982200 0.982200 0.187500
v -0.982200 0.982200 0.062500
v -0.125000 -0.973301 0.991100
v -0.125000 -0.991100 0.973301
v -0.187500 -0.982200 0.982200
v -0.062500 -0.982200 0.982200
v 0.991100 0.973301 -0.125000
v 0.973301 0.991100 -0.125000
v 0.982200 0.982200 -0.187500
v 0.982200 0.982200 -0.062500
v 0.125000 0.973301 0.991100
v 0.125000 0.991100 0.973301
v 0.187500 0.982200 0.982200
v 0.062500 0.982200 0.982200
v -0.991100 0.125000 -0.973301
v -0.973301 0.125000 -0.991100
v -0.982200 0.187500 -0.982200
v -0.982200 0.062500 -0.982200
v 0.991100 0.125000 0.973301
v 0.973301 0.125000 0.991100
v 0.982200 0.187500 0.982200
v 0.982200 0.062500 0.982200
v -0.991100 -0.125000 0.973301
v -0.973301 -0.125000 0.991100
v -0.982200 -0.187500 0.982200
v -0.982200 -0.062500 0.982200
v 0.973301 0.125000 -0.991100
v 0.991100 0.125000 -0.973301
v 0.982200 0.187500 -0.982200
v 0.982200 0.062500 -0.982200
v 0.125000 -0.973301 -0.991100
v 0.125000 -0.991100 -0.973301
v 0.187500 -0.982200 -0.982200
v 0.062500 -0.982200 -0.982200
v -0.991100 -0.973301 -0.125000
v -0.973301 -0.991100 -0.125000
v -0.982200 -0.982200 -0.187500
v -0.982200 -0.982200 -0.062500
v 0.991100 -0.973301 -0.857200
v 0.973301 -0.991100 -0.857200
v 0.982200 -0.982200 -0.803600
v 0.982200 -0.982200 -0.910801
v 0.857200 0.973301 -0.991100
v 0.857200 0.991100 -0.973301
v 0.803600 0.982200 -0.982200
v 0.910801 0.982200 -0.982200
v -0.991100 0.973301 -0.857200
v -0.973301 0.991100 -0.857200
v -0.982200 0.982200 -0.803600
v -0.982200 0.982200 -0.910801
v 0.857200 -0.973301 0.991100
v 0.857200 -0.991100 0.973301
v 0.803600 -0.982200 0.982200
v 0.910801 -0.982200 0.982200
v 0.991100 0.973301 0.857200
v 0.973301 0.991100 0.857200
v 0.982200 0.982200 0.803600
v 0.982200 0.982200 0.910801
v -0.857200 0.973301 0.991100
v -0.857200 0.991100 0.973301
v -0.803600 0.982200 0.982200
v -0.910801 0.982200 0.982200
v -0.991100 -0.857200 -0.973301
v -0.973301 -0.857200 -0.991100
v -0.982200 -0.803600 -0.982200
v -0.982200 -0.910801 -0.982200
v 0.991100 -0.857200 0.973301
v 0.973301 -0.857200 0.991100
v 0.982200 -0.803600 0.982200
v 0.982200 -0.910801 0.982200
v -0.991100 0.857200 0.973301
v -0.973301 0.857200 0.991100
v -0.982200 0.803600 0.982200
v -0.982200 0.910801 0.982200
v 0.973301 -0.857200 -0.991100
v 0.991100 -0.857200 -0.973301
v 0.982200 -0.803600 -0.982200
v 0.982200 -0.910801 -0.982200
v -0.857200 -0.973301 -0.991100
v -0.857200 -0.991100 -0.973301
v -0.803600 -0.982200 -0.982200
v -0.910801 -0.982200 -0.982200
v -0.991100 -0.973301 0.857200
v -0.973301 -0.991100 0.857200
v -0.982200 -0.982200 0.803600
v -0.982200 -0.982200 0.910801
v -0.982200 -0.973301 0.973301
v -0.973301 -0.982200 0.973301
v -0.973301 -0.973301 0.982200
v -0.973301 0.982200 0.973301
v -0.982200 0.973301 0.973301
v -0.973301 0.973301 0.982200
v -0.973301 -0.973301 -0.982200
v -0.973301 -0.982200 -0.973301
v -0.982200 -0.973301 -0.973301
v -0.982200 0.973301 -0.973301
v -0.973301 0.982200 -0.973301
v -0.973301 0.973301 -0.982200
v 0.973301 -0.982200 0.973301
v 0.982200 -0.973301 0.973301
v 0.973301 -0.973301 0.982200
v 0.982200 0.973301 0.973301
v 0.973301 0.982200 0.973301
v 0.973301 0.973301 0.982200
v 0.973301 -0.982200 -0.973301
v 0.973301 -0.973301 -0.982200
v 0.982200 -0.973301 -0.973301
v 0.973301 0.973301 -0.982200
v 0.973301 0.982200 -0.973301
v 0.982200 0.973301 -0.973301
v -0.687500 1.000000 0.687500
v -0.687500 0.687500 1.000000
v -1.000000 0.687500 -0.687500
v 0.687500 -1.000000 0.687500
v 1.000000 0.687500 0.687500
v 0.687500 0.687500 -1.000000
v -0.687500 1.000000 -0.687500
v 0.687500 1.000000 0.687500
v 0.687500 0.687500 1.000000
v -0.687500 -0.687500 1.000000
v -1.000000 0.687500 0.687500
v -1.000000 -0.687500 -0.687500
v 0.687500 -1.000000 -0.687500
v -0.687500 -1.000000 0.687500
v 1.000000 0.687500 -0.687500
v 1.000000 -0.687500 0.687500
v -0.687500 0.687500 -1.000000
v 0.687500 -0.687500 -1.000000
v -0.687500 -0.687500 -1.000000
v 1.000000 -0.687500 -0.687500
v -0.687500 -1.000000 -0.687500
v -1.000000 -0.687500 0.687500
v 0.687500 -0.687500 1.000000
v 0.687500 1.000000 -0.687500
v -0.973301 -0.991100 0.910801
v -0.973301 -0.991100 0.803600
v -0.991100 -0.973301 0.803600
v -0.910801 -0.991100 -0.973301
v -0.803600 -0.991100 -0.973301
v -0.803600 -0.973301 -0.991100
v 0.991100 -0.910801 -0.973301
v 0.991100 -0.803600 -0.973301
v 0.973301 -0.803600 -0.991100
v -0.973301 0.910801 0.991100
v -0.973301 0.803600 0.991100
v -0.991100 0.803600 0.973301
v 0.973301 -0.910801 0.991100
v 0.973301 -0.803600 0.991100
v 0.991100 -0.803600 0.973301
v -0.973301 -0.910801 -0.991100
v -0.973301 -0.803600 -0.991100
v -0.991100 -0.803600 -0.973301
v -0.910801 0.991100 0.973301
v -0.803600 0.991100 0.973301
v -0.803600 0.973301 0.991100
v 0.973301 0.991100 0.910801
v 0.973301 0.991100 0.803600
v 0.991100 0.973301 0.803600
v 0.910801 -0.991100 0.973301
v 0.803600 -0.991100 0.973301
v 0.803600 -0.973301 0.991100
v -0.973301 0.991100 -0.910801
v -0.973301 0.991100 -0.803600
v -0.991100 0.973301 -0.803600
v 0.910801 0.991100 -0.973301
v 0.803600 0.991100 -0.973301
v 0.803600 0.973301 -0.991100
v 0.973301 -0.991100 -0.910801
v 0.973301 -0.991100 -0.803600
v 0.991100 -0.973301 -0.803600
v -0.973301 -0.991100 -0.062500
v -0.973301 -0.991100 -0.187500
v -0.991100 -0.973301 -0.187500
v 0.062500 -0.991100 -0.973301
v 0.187500 -0.991100 -0.973301
v 0.187500 -0.973301 -0.991100
v 0.991100 0.062500 -0.973301
v 0.991100 0.187500 -0.973301
v 0.973301 0.187500 -0.991100
v -0.973301 -0.062500 0.991100
v -0.973301 -0.187500 0.991100
v -0.991100 -0.187500 0.973301
v 0.973301 0.062500 0.991100
v 0.973301 0.187500 0.991100
v 0.991100 0.187500 0.973301
v -0.973301 0.062500 -0.991100
v -0.973301 0.187500 -0.991100
v -0.991100 0.187500 -0.973301
v 0.062500 0.991100 0.973301
v 0.187500 0.991100 0.973301
v 0.187500 0.973301 0.991100
v 0.973301 0.991100 -0.062500
v 0.973301 0.991100 -0.187500
v 0.991100 0.973301 -0.187500
v -0.062500 -0.991100 0.973301
v -0.187500 -0.991100 0.973301
v -0.187500 -0.973301 0.991100
v -0.973301 0.991100 0.062500
v -0.973301 0.991100 0.187500
v -0.991100 0.973301 0.187500
v -0.062500 0.991100 -0.973301
v -0.187500 0.991100 -0.973301
v -0.187500 0.973301 -0.991100
v 0.973301 -0.991100 0.062500
v 0.973301 -0.991100 0.187500
v 0.991100 -0.973301 0.187500
v -0.973301 -0.991100 0.437500
v -0.973301 -0.991100 0.312500
v -0.991100 -0.973301 0.312500
v -0.437500 -0.991100 -0.973301
v -0.312500 -0.991100 -0.973301
v -0.312500 -0.973301 -0.991100
v 0.991100 -0.437500 -0.973301
v 0.991100 -0.312500 -0.973301
v 0.973301 -0.312500 -0.991100
v -0.973301 0.437500 0.991100
v -0.973301 0.312500 0.991100
v -0.991100 0.312500 0.973301
v 0.973301 -0.437500 0.991100
v 0.973301 -0.312500 0.991100
v 0.991100 -0.312500 0.973301
v -0.973301 -0.437500 -0.991100
v -0.973301 -0.312500 -0.991100
v -0.991100 -0.312500 -0.973301
v -0.437500 0.991100 0.973301
v -0.312500 0.991100 0.973301
v -0.312500 0.973301 0.991100
v 0.973301 0.991100 0.437500
v 0.973301 0.991100 0.312500
v 0.991100 0.973301 0.312500
v 0.437500 -0.991100 0.973301
v 0.312500 -0.991100 0.973301
v 0.312500 -0.973301 0.991100
v -0.973301 0.991100 -0.437500
v -0.973301 0.991100 -0.312500
v -0.991100 0.973301 -0.312500
v 0.437500 0.991100 -0.973301
v 0.312500 0.991100 -0.973301
v 0.312500 0.973301 -0.991100
v 0.973301 -0.991100 -0.437500
v 0.973301 -0.991100 -0.312500
v 0.991100 -0.973301 -0.312500
v -0.973301 -0.991100 -0.562500
v -0.973301 -0.991100 -0.687500
v -0.991100 -0.973301 -0.687500
v 0.562500 -0.991100 -0.973301
v 0.687500 -0.991100 -0.973301
v 0.687500 -0.973301 -0.991100
v 0.991100 0.562500 -0.973301
v 0.991100 0.687500 -0.973301
v 0.973301 0.687500 -0.991100
v -0.973301 -0.562500 0.991100
v -0.973301 -0.687500 0.991100
v -0.991100 -0.687500 0.973301
v 0.973301 0.562500 0.991100
v 0.973301 0.687500 0.991100
v 0.991100 0.687500 0.973301
v -0.973301 0.562500 -0.991100
v -0.973301 0.687500 -0.991100
v -0.991100 0.687500 -0.973301
v 0.562500 0.991100 0.973301
v 0.687500 0.991100 0.973301
v 0.687500 0.973301 0.991100
v 0.973301 0.991100 -0.562500
v 0.973301 0.991100 -0.687500
v 0.991100 0.973301 -0.687500
v -0.562500 -0.991100 0.973301
v -0.687500 -0.991100 0.973301
v -0.687500 -0.973301 0.991100
v -0.973301 0.991100 0.562500
v -0.973301 0.991100 0.687500
v -0.991100 0.973301 0.687500
v -0.562500 0.991100 -0.973301
v -0.687500 0.991100 -0.973301
v -0.687500 0.973301 -0.991100
v 0.973301 -0.991100 0.562500
v 0.973301 -0.991100 0.687500
v 0.991100 -0.973301 0.687500
v -0.973301 -0.991100 0.687500
v -0.973301 -0.991100 0.562500
v -0.991100 -0.973301 0.562500
v -0.687500 -0.991100 -0.973301
v -0.562500 -0.991100 -0.973301
v -0.562500 -0.973301 -0.991100
v 0.991100 -0.687500 -0.973301
v 0.991100 -0.562500 -0.973301
v 0.973301 -0.562500 -0.991100
v -0.973301 0.687500 0.991100
v -0.973301 0.562500 0.991100
v -0.991100 0.562500 0.973301
v 0.973301 -0.687500 0.991100
v 0.973301 -0.562500 0.991100
v 0.991100 -0.562500 0.973301
v -0.973301 -0.687500 -0.991100
v -0.973301 -0.562500 -0.991100
v -0.991100 -0.562500 -0.973301
v -0.687500 0.991100 0.973301
v -0.562500 0.991100 0.973301
v -0.562500 0.973301 0.991100
v 0.973301 0.991100 0.687500
v 0.973301 0.991100 0.562500
v 0.991100 0.973301 0.562500
v 0.687500 -0.991100 0.973301
v 0.562500 -0.991100 0.973301
v 0.562500 -0.973301 0.991100
v -0.973301 0.991100 -0.687500
v -0.973301 0.991100 -0.562500
v -0.991100 0.973301 -0.562500
v 0.687500 0.991100 -0.973301
v 0.562500 0.991100 -0.973301
v 0.562500 0.973301 -0.991100
v 0.973301 -0.991100 -0.687500
v 0.973301 -0.991100 -0.562500
v 0.991100 -0.973301 -0.562500
v -0.973301 -0.991100 -0.312500
v -0.973301 -0.991100 -0.437500
v -0.991100 -0.973301 -0.437500
v 0.312500 -0.991100 -0.973301
v 0.437500 -0.991100 -0.973301
v 0.437500 -0.973301 -0.991100
v 0.991100 0.312500 -0.973301
v 0.991100 0.437500 -0.973301
v 0.973301 0.437500 -0.991100
v -0.973301 -0.312500 0.991100
v -0.973301 -0.437500 0.991100
v -0.991100 -0.437500 0.973301
v 0.973301 0.312500 0.991100
v 0.973301 0.437500 0.991100
v 0.991100 0.437500 0.973301
v -0.973301 0.312500 -0.991100
v -0.973301 0.437500 -0.991100
v -0.991100 0.437500 -0.973301
v 0.312500 0.991100 0.973301
v 0.437500 0.991100 0.973301
v 0.437500 0.973301 0.991100
v 0.973301 0.991100 -0.312500
v 0.973301 0.991100 -0.437500
v 0.991100 0.973301 -0.437500
v -0.312500 -0.991100 0.973301
v -0.437500 -0.991100 0.973301
v -0.437500 -0.973301 0.991100
v -0.973301 0.991100 0.312500
v -0.973301 0.991100 0.437500
v -0.991100 0.973301 0.437500
v -0.312500 0.991100 -0.973301
v -0.437500 0.991100 -0.973301
v -0.437500 0.973301 -0.991100
v 0.973301 -0.991100 0.312500
v 0.973301 -0.991100 0.437500
v 0.991100 -0.973301 0.437500
v -0.973301 -0.991100 0.187500
v -0.973301 -0.991100 0.062500
v -0.991100 -0.973301 0.062500
v -0.187500 -0.991100 -0.973301
v -0.062500 -0.991100 -0.973301
v -0.062500 -0.973301 -0.991100
v 0.991100 -0.187500 -0.973301
v 0.991100 -0.062500 -0.973301
v 0.973301 -0.062500 -0.991100
v -0.973301 0.187500 0.991100
v -0.973301 0.062500 0.991100
v -0.991100 0.062500 0.973301
v 0.973301 -0.187500 0.991100
v 0.973301 -0.062500 0.991100
v 0.991100 -0.062500 0.973301
v -0.973301 -0.187500 -0.991100
v -0.973301 -0.062500 -0.991100
v -0.991100 -0.062500 -0.973301
v -0.187500 0.991100 0.973301
v -0.062500 0.991100 0.973301
v -0.062500 0.973301 0.991100
v 0.973301 0.991100 0.187500
v 0.973301 0.991100 0.062500
v 0.991100 0.973301 0.062500
v 0.187500 -0.991100 0.973301
v 0.062500 -0.991100 0.973301
v 0.062500 -0.973301 0.991100
v -0.973301 0.991100 -0.187500
v -0.973301 0.991100 -0.062500
v -0.991100 0.973301 -0.062500
v 0.187500 0.991100 -0.973301
v 0.062500 0.991100 -0.973301
v 0.062500 0.973301 -0.991100
v 0.973301 -0.991100 -0.187500
v 0.973301 -0.991100 -0.062500
v 0.991100 -0.973301 -0.062500
v -0.973301 -0.991100 -0.803600
v -0.973301 -0.991100 -0.910801
v -0.991100 -0.973301 -0.910801
v 0.803600 -0.991100 -0.973301
v 0.910801 -0.991100 -0.973301
v 0.910801 -0.973301 -0.991100
v 0.991100 0.803600 -0.973301
v 0.991100 0.910801 -0.973301
v 0.973301 0.910801 -0.991100
v -0.973301 -0.803600 0.991100
v -0.973301 -0.910801 0.991100
v -0.991100 -0.910801 0.973301
v 0.973301 0.803600 0.991100
v 0.973301 0.910801 0.991100
v 0.991100 0.910801 0.973301
v -0.973301 0.803600 -0.991100
v -0.973301 0.910801 -0.991100
v -0.991100 0.910801 -0.973301
v 0.803600 0.991100 0.973301
v 0.910801 0.991100 0.973301
v 0.910801 0.973301 0.991100
v 0.973301 0.991100 -0.803600
v 0.973301 0.991100 -0.910801
v 0.991100 0.973301 -0.910801
v -0.803600 -0.991100 0.973301
v -0.910801 -0.991100 0.973301
v -0.910801 -0.973301 0.991100
v -0.973301 0.991100 0.803600
v -0.973301 0.991100 0.910801
v -0.991100 0.973301 0.910801
v -0.803600 0.991100 -0.973301
v -0.910801 0.991100 -0.973301
v -0.910801 0.973301 -0.991100
v 0.973301 -0.991100 0.803600
v 0.973301 -0.991100 0.910801
v 0.991100 -0.973301 0.910801
v 0.803600 1.000000 -0.910801
v 0.910801 1.000000 -0.910801
v 0.910801 1.000000 -0.803600
v 0.803600 0.910801 -1.000000
v 0.803600 0.803600 -1.000000
v 0.910801 0.803600 -1.000000
v 1.000000 0.910801 -0.910801
v 1.000000 0.803600 -0.910801
v 1.000000 0.803600 -0.803600
v 1.000000 -0.803600 -0.910801
v 1.000000 -0.910801 -0.910801
v 1.000000 -0.910801 -0.803600
v 0.910801 -1.000000 -0.910801
v 0.803600 -1.000000 -0.910801
v 0.803600 -1.000000 -0.803600
v 0.803600 -0.803600 -1.000000
v 0.803600 -0.910801 -1.000000
v 0.910801 -0.910801 -1.000000
v 0.803600 1.000000 0.803600
v 0.910801 1.000000 0.803600
v 0.910801 1.000000 0.910801
v 1.000000 0.910801 0.803600
v 1.000000 0.803600 0.803600
v 1.000000 0.803600 0.910801
v 0.910801 0.910801 1.000000
v 0.910801 0.803600 1.000000
v 0.803600 0.803600 1.000000
v 0.910801 -0.803600 1.000000
v 0.910801 -0.910801 1.000000
v 0.803600 -0.910801 1.000000
v 0.910801 -1.000000 0.803600
v 0.803600 -1.000000 0.803600
v 0.803600 -1.000000 0.910801
v 1.000000 -0.803600 0.803600
v 1.000000 -0.910801 0.803600
v 1.000000 -0.910801 0.910801
v -0.910801 1.000000 -0.910801
v -0.803600 1.000000 -0.910801
v -0.803600 1.000000 -0.803600
v -1.000000 0.910801 -0.803600
v -1.000000 0.803600 -0.803600
v -1.000000 0.803600 -0.910801
v -0.910801 0.910801 -1.000000
v -0.910801 0.803600 -1.000000
v -0.803600 0.803600 -1.000000
v -0.803600 -1.000000 -0.910801
v -0.910801 -1.000000 -0.910801
v -0.910801 -1.000000 -0.803600
v -0.910801 -0.803600 -1.000000
v -0.910801 -0.910801 -1.000000
v -0.803600 -0.910801 -1.000000
v -1.000000 -0.803600 -0.803600
v -1.000000 -0.910801 -0.803600
v -1.000000 -0.910801 -0.910801
v -1.000000 0.910801 0.910801
v -1.000000 0.803600 0.910801
v -1.000000 0.803600 0.803600
v -0.803600 0.910801 1.000000
v -0.803600 0.803600 1.000000
v -0.910801 0.803600 1.000000
v -0.910801 1.000000 0.803600
v -0.803600 1.000000 0.803600
v -0.803600 1.000000 0.910801
v -1.000000 -0.803600 0.910801
v -1.000000 -0.910801 0.910801
v -1.000000 -0.910801 0.803600
v -0.803600 -0.803600 1.000000
v -0.803600 -0.910801 1.000000
v -0.910801 -0.910801 1.000000
v -0.803600 -1.000000 0.803600
v -0.910801 -1.000000 0.803600
v -0.910801 -1.000000 0.910801
v -1.000000 -0.803600 -0.062500
v -1.000000 -0.910801 -0.062500
v -1.000000 -0.910801 -0.187500
v -1.000000 -0.803600 0.187500
v -1.000000 -0.910801 0.187500
v -1.000000 -0.910801 0.062500
v -0.803600 -1.000000 -0.187500
v -0.910801 -1.000000 -0.187500
v -0.910801 -1.000000 -0.062500
v -0.803600 -1.000000 0.062500
v -0.910801 -1.000000 0.062500
v -0.910801 -1.000000 0.187500
v 0.187500 -1.000000 -0.910801
v 0.062500 -1.000000 -0.910801
v 0.062500 -1.000000 -0.803600
v 0.062500 -0.803600 -1.000000
v 0.062500 -0.910801 -1.000000
v 0.187500 -0.910801 -1.000000
v -0.187500 -0.803600 -1.000000
v -0.187500 -0.910801 -1.000000
v -0.062500 -0.910801 -1.000000
v -0.062500 -1.000000 -0.910801
v -0.187500 -1.000000 -0.910801
v -0.187500 -1.000000 -0.803600
v 1.000000 0.187500 -0.910801
v 1.000000 0.062500 -0.910801
v 1.000000 0.062500 -0.803600
v 0.803600 0.187500 -1.000000
v 0.803600 0.062500 -1.000000
v 0.910801 0.062500 -1.000000
v 0.803600 -0.062500 -1.000000
v 0.803600 -0.187500 -1.000000
v 0.910801 -0.187500 -1.000000
v 1.000000 -0.062500 -0.910801
v 1.000000 -0.187500 -0.910801
v 1.000000 -0.187500 -0.803600
v -1.000000 -0.062500 0.910801
v -1.000000 -0.187500 0.910801
v -1.000000 -0.187500 0.803600
v -0.803600 -0.062500 1.000000
v -0.803600 -0.187500 1.000000
v -0.910801 -0.187500 1.000000
v -0.803600 0.187500 1.000000
v -0.803600 0.062500 1.000000
v -0.910801 0.062500 1.000000
v -1.000000 0.187500 0.910801
v -1.000000 0.062500 0.910801
v -1.000000 0.062500 0.803600
v 0.910801 0.187500 1.000000
v 0.910801 0.062500 1.000000
v 0.803600 0.062500 1.000000
v 1.000000 0.187500 0.803600
v 1.000000 0.062500 0.803600
v 1.000000 0.062500 0.910801
v 1.000000 -0.062500 0.803600
v 1.000000 -0.187500 0.803600
v 1.000000 -0.187500 0.910801
v 0.910801 -0.062500 1.000000
v 0.910801 -0.187500 1.000000
v 0.803600 -0.187500 1.000000
v -0.910801 0.187500 -1.000000
v -0.910801 0.062500 -1.000000
v -0.803600 0.062500 -1.000000
v -1.000000 0.187500 -0.803600
v -1.000000 0.062500 -0.803600
v -1.000000 0.062500 -0.910801
v -1.000000 -0.062500 -0.803600
v -1.000000 -0.187500 -0.803600
v -1.000000 -0.187500 -0.910801
v -0.910801 -0.062500 -1.000000
v -0.910801 -0.187500 -1.000000
v -0.803600 -0.187500 -1.000000
v 0.062500 1.000000 0.803600
v 0.187500 1.000000 0.803600
v 0.187500 1.000000 0.910801
v -0.187500 1.000000 0.803600
v -0.062500 1.000000 0.803600
v -0.062500 1.000000 0.910801
v -0.062500 0.910801 1.000000
v -0.062500 0.803600 1.000000
v -0.187500 0.803600 1.000000
v 0.187500 0.910801 1.000000
v 0.187500 0.803600 1.000000
v 0.062500 0.803600 1.000000
v 0.803600 1.000000 -0.187500
v 0.910801 1.000000 -0.187500
v 0.910801 1.000000 -0.062500
v 0.803600 1.000000 0.062500
v 0.910801 1.000000 0.062500
v 0.910801 1.000000 0.187500
v 1.000000 0.910801 0.062500
v 1.000000 0.803600 0.062500
v 1.000000 0.803600 0.187500
v 1.000000 0.910801 -0.187500
v 1.000000 0.803600 -0.187500
v 1.000000 0.803600 -0.062500
v -0.062500 -0.803600 1.000000
v -0.062500 -0.910801 1.000000
v -0.187500 -0.910801 1.000000
v 0.187500 -0.803600 1.000000
v 0.187500 -0.910801 1.000000
v 0.062500 -0.910801 1.000000
v -0.062500 -1.000000 0.803600
v -0.187500 -1.000000 0.803600
v -0.187500 -1.000000 0.910801
v 0.187500 -1.000000 0.803600
v 0.062500 -1.000000 0.803600
v 0.062500 -1.000000 0.910801
v -0.910801 1.000000 0.062500
v -0.803600 1.000000 0.062500
v -0.803600 1.000000 0.187500
v -1.000000 0.910801 -0.062500
v -1.000000 0.803600 -0.062500
v -1.000000 0.803600 -0.187500
v -1.000000 0.910801 0.187500
v -1.000000 0.803600 0.187500
v -1.000000 0.803600 0.062500
v -0.910801 1.000000 -0.187500
v -0.803600 1.000000 -0.187500
v -0.803600 1.000000 -0.062500
v -0.187500 1.000000 -0.910801
v -0.062500 1.000000 -0.910801
v -0.062500 1.000000 -0.803600
v 0.062500 0.910801 -1.000000
v 0.062500 0.803600 -1.000000
v 0.187500 0.803600 -1.000000
v -0.187500 0.910801 -1.000000
v -0.187500 0.803600 -1.000000
v -0.062500 0.803600 -1.000000
v 0.062500 1.000000 -0.910801
v 0.187500 1.000000 -0.910801
v 0.187500 1.000000 -0.803600
v 1.000000 -0.803600 0.062500
v 1.000000 -0.910801 0.062500
v 1.000000 -0.910801 0.187500
v 1.000000 -0.803600 -0.187500
v 1.000000 -0.910801 -0.187500
v 1.000000 -0.910801 -0.062500
v 0.910801 -1.000000 -0.187500
v 0.803600 -1.000000 -0.187500
v 0.803600 -1.000000 -0.062500
v 0.910801 -1.000000 0.062500
v 0.803600 -1.000000 0.062500
v 0.803600 -1.000000 0.187500
v -1.000000 -0.803600 0.437500
v -1.000000 -0.910801 0.437500
v -1.000000 -0.910801 0.312500
v -0.803600 -1.000000 0.562500
v -0.910801 -1.000000 0.562500
v -0.910801 -1.000000 0.687500
v -1.000000 -0.803600 0.687500
v -1.000000 -0.910801 0.687500
v -1.000000 -0.910801 0.562500
v -0.803600 -1.000000 0.312500
v -0.910801 -1.000000 0.312500
v -0.910801 -1.000000 0.437500
v -0.312500 -1.000000 -0.910801
v -0.437500 -1.000000 -0.910801
v -0.437500 -1.000000 -0.803600
v -0.437500 -0.803600 -1.000000
v -0.437500 -0.910801 -1.000000
v -0.312500 -0.910801 -1.000000
v -0.687500 -0.803600 -1.000000
v -0.687500 -0.910801 -1.000000
v -0.562500 -0.910801 -1.000000
v -0.562500 -1.000000 -0.910801
v -0.687500 -1.000000 -0.910801
v -0.687500 -1.000000 -0.803600
v 0.803600 -0.312500 -1.000000
v 0.803600 -0.437500 -1.000000
v 0.910801 -0.437500 -1.000000
v 0.803600 -0.562500 -1.000000
v 0.803600 -0.687500 -1.000000
v 0.910801 -0.687500 -1.000000
v 1.000000 -0.562500 -0.910801
v 1.000000 -0.687500 -0.910801
v 1.000000 -0.687500 -0.803600
v 1.000000 -0.312500 -0.910801
v 1.000000 -0.437500 -0.910801
v 1.000000 -0.437500 -0.803600
v -1.000000 0.437500 0.910801
v -1.000000 0.312500 0.910801
v -1.000000 0.312500 0.803600
v -0.803600 0.437500 1.000000
v -0.803600 0.312500 1.000000
v -0.910801 0.312500 1.000000
v -0.803600 0.687500 1.000000
v -0.803600 0.562500 1.000000
v -0.910801 0.562500 1.000000
v -1.000000 0.687500 0.910801
v -1.000000 0.562500 0.910801
v -1.000000 0.562500 0.803600
v 1.000000 -0.312500 0.803600
v 1.000000 -0.437500 0.803600
v 1.000000 -0.437500 0.910801
v 1.000000 -0.562500 0.803600
v 1.000000 -0.687500 0.803600
v 1.000000 -0.687500 0.910801
v 0.910801 -0.562500 1.000000
v 0.910801 -0.687500 1.000000
v 0.803600 -0.687500 1.000000
v 0.910801 -0.312500 1.000000
v 0.910801 -0.437500 1.000000
v 0.803600 -0.437500 1.000000
v -1.000000 -0.312500 -0.803600
v -1.000000 -0.437500 -0.803600
v -1.000000 -0.437500 -0.910801
v -1.000000 -0.562500 -0.803600
v -1.000000 -0.687500 -0.803600
v -1.000000 -0.687500 -0.910801
v -0.910801 -0.562500 -1.000000
v -0.910801 -0.687500 -1.000000
v -0.803600 -0.687500 -1.000000
v -0.910801 -0.312500 -1.000000
v -0.910801 -0.437500 -1.000000
v -0.803600 -0.437500 -1.000000
v -0.437500 1.000000 0.803600
v -0.312500 1.000000 0.803600
v -0.312500 1.000000 0.910801
v -0.687500 1.000000 0.803600
v -0.562500 1.000000 0.803600
v -0.562500 1.000000 0.910801
v -0.562500 0.910801 1.000000
v -0.562500 0.803600 1.000000
v -0.687500 0.803600 1.000000
v -0.312500 0.910801 1.000000
v -0.312500 0.803600 1.000000
v -0.437500 0.803600 1.000000
v 0.803600 1.000000 0.312500
v 0.910801 1.000000 0.312500
v 0.910801 1.000000 0.437500
v 0.803600 1.000000 0.562500
v 0.910801 1.000000 0.562500
v 0.910801 1.000000 0.687500
v 1.000000 0.910801 0.562500
v 1.000000 0.803600 0.562500
v 1.000000 0.803600 0.687500
v 1.000000 0.910801 0.312500
v 1.000000 0.803600 0.312500
v 1.000000 0.803600 0.437500
v 0.437500 -0.803600 1.000000
v 0.437500 -0.910801 1.000000
v 0.312500 -0.910801 1.000000
v 0.687500 -1.000000 0.803600
v 0.562500 -1.000000 0.803600
v 0.562500 -1.000000 0.910801
v 0.687500 -0.803600 1.000000
v 0.687500 -0.910801 1.000000
v 0.562500 -0.910801 1.000000
v 0.437500 -1.000000 0.803600
v 0.312500 -1.000000 0.803600
v 0.312500 -1.000000 0.910801
v -0.910801 1.000000 -0.437500
v -0.803600 1.000000 -0.437500
v -0.803600 1.000000 -0.312500
v -1.000000 0.910801 -0.562500
v -1.000000 0.803600 -0.562500
v -1.000000 0.803600 -0.687500
v -0.910801 1.000000 -0.687500
v -0.803600 1.000000 -0.687500
v -0.803600 1.000000 -0.562500
v -1.000000 0.910801 -0.312500
v -1.000000 0.803600 -0.312500
v -1.000000 0.803600 -0.437500
v 0.312500 1.000000 -0.910801
v 0.437500 1.000000 -0.910801
v 0.437500 1.000000 -0.803600
v 0.562500 0.910801 -1.000000
v 0.562500 0.803600 -1.000000
v 0.687500 0.803600 -1.000000
v 0.562500 1.000000 -0.910801
v 0.687500 1.000000 -0.910801
v 0.687500 1.000000 -0.803600
v 0.312500 0.910801 -1.000000
v 0.312500 0.803600 -1.000000
v 0.437500 0.803600 -1.000000
v 0.910801 -1.000000 -0.437500
v 0.803600 -1.000000 -0.437500
v 0.803600 -1.000000 -0.312500
v 1.000000 -0.803600 -0.437500
v 1.000000 -0.910801 -0.437500
v 1.000000 -0.910801 -0.312500
v 1.000000 -0.803600 -0.687500
v 1.000000 -0.910801 -0.687500
v 1.000000 -0.910801 -0.562500
v 0.910801 -1.000000 -0.687500
v 0.803600 -1.000000 -0.687500
v 0.803600 -1.000000 -0.562500
v -1.000000 -0.803600 -0.562500
v -1.000000 -0.910801 -0.562500
v -1.000000 -0.910801 -0.687500
v -0.803600 -1.000000 -0.437500
v -0.910801 -1.000000 -0.437500
v -0.910801 -1.000000 -0.312500
v -1.000000 -0.803600 -0.312500
v -1.000000 -0.910801 -0.312500
v -1.000000 -0.910801 -0.437500
v -0.803600 -1.000000 -0.687500
v -0.910801 -1.000000 -0.687500
v -0.910801 -1.000000 -0.562500
v 0.687500 -1.000000 -0.910801
v 0.562500 -1.000000 -0.910801
v 0.562500 -1.000000 -0.803600
v 0.562500 -0.803600 -1.000000
v 0.562500 -0.910801 -1.000000
v 0.687500 -0.910801 -1.000000
v 0.312500 -0.803600 -1.000000
v 0.312500 -0.910801 -1.000000
v 0.437500 -0.910801 -1.000000
v 0.437500 -1.000000 -0.910801
v 0.312500 -1.000000 -0.910801
v 0.312500 -1.000000 -0.803600
v 0.803600 0.687500 -1.000000
v 0.803600 0.562500 -1.000000
v 0.910801 0.562500 -1.000000
v 0.803600 0.437500 -1.000000
v 0.803600 0.312500 -1.000000
v 0.910801 0.312500 -1.000000
v 1.000000 0.437500 -0.910801
v 1.000000 0.312500 -0.910801
v 1.000000 0.312500 -0.803600
v 1.000000 0.687500 -0.910801
v 1.000000 0.562500 -0.910801
v 1.000000 0.562500 -0.803600
v -1.000000 -0.562500 0.910801
v -1.000000 -0.687500 0.910801
v -1.000000 -0.687500 0.803600
v -0.803600 -0.562500 1.000000
v -0.803600 -0.687500 1.000000
v -0.910801 -0.687500 1.000000
v -0.803600 -0.312500 1.000000
v -0.803600 -0.437500 1.000000
v -0.910801 -0.437500 1.000000
v -1.000000 -0.312500 0.910801
v -1.000000 -0.437500 0.910801
v -1.000000 -0.437500 0.803600
v 1.000000 0.687500 0.803600
v 1.000000 0.562500 0.803600
v 1.000000 0.562500 0.910801
v 1.000000 0.437500 0.803600
v 1.000000 0.312500 0.803600
v 1.000000 0.312500 0.910801
v 0.910801 0.437500 1.000000
v 0.910801 0.312500 1.000000
v 0.803600 0.312500 1.000000
v 0.910801 0.687500 1.000000
v 0.910801 0.562500 1.000000
v 0.803600 0.562500 1.000000
v -1.000000 0.687500 -0.803600
v -1.000000 0.562500 -0.803600
v -1.000000 0.562500 -0.910801
v -1.000000 0.437500 -0.803600
v -1.000000 0.312500 -0.803600
v -1.000000 0.312500 -0.910801
v -0.910801 0.437500 -1.000000
v -0.910801 0.312500 -1.000000
v -0.803600 0.312500 -1.000000
v -0.910801 0.687500 -1.000000
v -0.910801 0.562500 -1.000000
v -0.803600 0.562500 -1.000000
v 0.687500 0.910801 1.000000
v 0.687500 0.803600 1.000000
v 0.562500 0.803600 1.000000
v 0.562500 1.000000 0.803600
v 0.687500 1.000000 0.803600
v 0.687500 1.000000 0.910801
v 0.312500 1.000000 0.803600
v 0.437500 1.000000 0.803600
v 0.437500 1.000000 0.910801
v 0.437500 0.910801 1.000000
v 0.437500 0.803600 1.000000
v 0.312500 0.803600 1.000000
v 0.803600 1.000000 -0.687500
v 0.910801 1.000000 -0.687500
v 0.910801 1.000000 -0.562500
v 0.803600 1.000000 -0.437500
v 0.910801 1.000000 -0.437500
v 0.910801 1.000000 -0.312500
v 1.000000 0.910801 -0.437500
v 1.000000 0.803600 -0.437500
v 1.000000 0.803600 -0.312500
v 1.000000 0.910801 -0.687500
v 1.000000 0.803600 -0.687500
v 1.000000 0.803600 -0.562500
v -0.562500 -0.803600 1.000000
v -0.562500 -0.910801 1.000000
v -0.687500 -0.910801 1.000000
v -0.312500 -1.000000 0.803600
v -0.437500 -1.000000 0.803600
v -0.437500 -1.000000 0.910801
v -0.312500 -0.803600 1.000000
v -0.312500 -0.910801 1.000000
v -0.437500 -0.910801 1.000000
v -0.562500 -1.000000 0.803600
v -0.687500 -1.000000 0.803600
v -0.687500 -1.000000 0.910801
v -0.910801 1.000000 0.562500
v -0.803600 1.000000 0.562500
v -0.803600 1.000000 0.687500
v -1.000000 0.910801 0.437500
v -1.000000 0.803600 0.437500
v -1.000000 0.803600 0.312500
v -1.000000 0.910801 0.687500
v -1.000000 0.803600 0.687500
v -1.000000 0.803600 0.562500
v -0.910801 1.000000 0.312500
v -0.803600 1.000000 0.312500
v -0.803600 1.000000 0.437500
v -0.687500 1.000000 -0.910801
v -0.562500 1.000000 -0.910801
v -0.562500 1.000000 -0.803600
v -0.437500 0.910801 -1.000000
v -0.437500 0.803600 -1.000000
v -0.312500 0.803600 -1.000000
v -0.437500 1.000000 -0.910801
v -0.312500 1.000000 -0.910801
v -0.312500 1.000000 -0.803600
v -0.687500 0.910801 -1.000000
v -0.687500 0.803600 -1.000000
v -0.562500 0.803600 -1.000000
v 0.910801 -1.000000 0.562500
v 0.803600 -1.000000 0.562500
v 0.803600 -1.000000 0.687500
v 1.000000 -0.803600 0.562500
v 1.000000 -0.910801 0.562500
v 1.000000 -0.910801 0.687500
v 1.000000 -0.803600 0.312500
v 1.000000 -0.910801 0.312500
v 1.000000 -0.910801 0.437500
v 0.910801 -1.000000 0.312500
v 0.803600 -1.000000 0.312500
v 0.803600 -1.000000 0.437500
v 0.910801 -1.000000 0.437500
v 1.000000 -0.803600 0.437500
v 1.000000 -0.803600 0.687500
v 0.910801 -1.000000 0.687500
v -0.562500 0.910801 -1.000000
v -0.437500 1.000000 -0.803600
v -0.312500 0.910801 -1.000000
v -0.687500 1.000000 -0.803600
v -0.910801 1.000000 0.437500
v -1.000000 0.910801 0.562500
v -1.000000 0.910801 0.312500
v -0.910801 1.000000 0.687500
v -0.562500 -1.000000 0.910801
v -0.437500 -0.803600 1.000000
v -0.312500 -1.000000 0.910801
v -0.687500 -0.803600 1.000000
v 1.000000 0.910801 -0.562500
v 1.000000 0.910801 -0.312500
v 0.803600 1.000000 -0.312500
v 0.803600 1.000000 -0.562500
v 0.312500 0.910801 1.000000
v 0.312500 1.000000 0.910801
v 0.562500 1.000000 0.910801
v 0.562500 0.910801 1.000000
v -0.803600 0.687500 -1.000000
v -0.803600 0.437500 -1.000000
v -1.000000 0.437500 -0.910801
v -1.000000 0.687500 -0.910801
v 0.803600 0.687500 1.000000
v 0.803600 0.437500 1.000000
v 1.000000 0.437500 0.910801
v 1.000000 0.687500 0.910801
v -1.000000 -0.312500 0.803600
v -0.910801 -0.312500 1.000000
v -0.910801 -0.562500 1.000000
v -1.000000 -0.562500 0.803600
v 1.000000 0.687500 -0.803600
v 1.000000 0.437500 -0.803600
v 0.910801 0.437500 -1.000000
v 0.910801 0.687500 -1.000000
v 0.437500 -1.000000 -0.803600
v 0.437500 -0.803600 -1.000000
v 0.687500 -0.803600 -1.000000
v 0.687500 -1.000000 -0.803600
v -0.803600 -1.000000 -0.562500
v -1.000000 -0.803600 -0.437500
v -0.803600 -1.000000 -0.312500
v -1.000000 -0.803600 -0.687500
v 0.910801 -1.000000 -0.562500
v 1.000000 -0.803600 -0.562500
v 1.000000 -0.803600 -0.312500
v 0.910801 -1.000000 -0.312500
v 0.437500 0.910801 -1.000000
v 0.562500 1.000000 -0.803600
v 0.687500 0.910801 -1.000000
v 0.312500 1.000000 -0.803600
v -1.000000 0.910801 -0.437500
v -0.910801 1.000000 -0.562500
v -1.000000 0.910801 -0.687500
v -0.910801 1.000000 -0.312500
v 0.437500 -1.000000 0.910801
v 0.562500 -0.803600 1.000000
v 0.687500 -1.000000 0.910801
v 0.312500 -0.803600 1.000000
v 1.000000 0.910801 0.437500
v 1.000000 0.910801 0.687500
v 0.803600 1.000000 0.687500
v 0.803600 1.000000 0.437500
v -0.437500 0.910801 1.000000
v -0.687500 0.910801 1.000000
v -0.687500 1.000000 0.910801
v -0.437500 1.000000 0.910801
v -0.803600 -0.312500 -1.000000
v -0.803600 -0.562500 -1.000000
v -1.000000 -0.562500 -0.910801
v -1.000000 -0.312500 -0.910801
v 0.803600 -0.312500 1.000000
v 0.803600 -0.562500 1.000000
v 1.000000 -0.562500 0.910801
v 1.000000 -0.312500 0.910801
v -1.000000 0.687500 0.803600
v -0.910801 0.687500 1.000000
v -0.910801 0.437500 1.000000
v -1.000000 0.437500 0.803600
v 1.000000 -0.312500 -0.803600
v 1.000000 -0.562500 -0.803600
v 0.910801 -0.562500 -1.000000
v 0.910801 -0.312500 -1.000000
v -0.562500 -1.000000 -0.803600
v -0.562500 -0.803600 -1.000000
v -0.312500 -0.803600 -1.000000
v -0.312500 -1.000000 -0.803600
v -0.803600 -1.000000 0.437500
v -1.000000 -0.803600 0.562500
v -0.803600 -1.000000 0.687500
v -1.000000 -0.803600 0.312500
v 0.910801 -1.000000 0.187500
v 0.910801 -1.000000 -0.062500
v 1.000000 -0.803600 -0.062500
v 1.000000 -0.803600 0.187500
v 0.062500 1.000000 -0.803600
v -0.062500 0.910801 -1.000000
v 0.187500 0.910801 -1.000000
v -0.187500 1.000000 -0.803600
v -0.910801 1.000000 -0.062500
v -1.000000 0.910801 0.062500
v -1.000000 0.910801 -0.187500
v -0.910801 1.000000 0.187500
v 0.187500 -1.000000 0.910801
v -0.062500 -1.000000 0.910801
v 0.062500 -0.803600 1.000000
v -0.187500 -0.803600 1.000000
v 1.000000 0.910801 -0.062500
v 1.000000 0.910801 0.187500
v 0.803600 1.000000 0.187500
v 0.803600 1.000000 -0.062500
v 0.062500 0.910801 1.000000
v -0.187500 0.910801 1.000000
v -0.187500 1.000000 0.910801
v 0.062500 1.000000 0.910801
v -0.803600 -0.062500 -1.000000
v -1.000000 -0.062500 -0.910801
v -1.000000 0.187500 -0.910801
v -0.803600 0.187500 -1.000000
v 0.803600 -0.062500 1.000000
v 1.000000 -0.062500 0.910801
v 1.000000 0.187500 0.910801
v 0.803600 0.187500 1.000000
v -1.000000 0.187500 0.803600
v -0.910801 0.187500 1.000000
v -0.910801 -0.062500 1.000000
v -1.000000 -0.062500 0.803600
v 1.000000 -0.062500 -0.803600
v 0.910801 -0.062500 -1.000000
v 0.910801 0.187500 -1.000000
v 1.000000 0.187500 -0.803600
v -0.062500 -1.000000 -0.803600
v -0.062500 -0.803600 -1.000000
v 0.187500 -0.803600 -1.000000
v 0.187500 -1.000000 -0.803600
v -0.803600 -1.000000 0.187500
v -0.803600 -1.000000 -0.062500
v -1.000000 -0.803600 0.062500
v -1.000000 -0.803600 -0.187500
v -0.803600 -1.000000 0.910801
v -0.910801 -0.803600 1.000000
v -1.000000 -0.803600 0.803600
v -0.910801 1.000000 0.910801
v -0.910801 0.910801 1.000000
v -1.000000 0.910801 0.803600
v -1.000000 -0.803600 -0.910801
v -0.803600 -0.803600 -1.000000
v -0.803600 -1.000000 -0.803600
v -0.803600 0.910801 -1.000000
v -1.000000 0.910801 -0.910801
v -0.910801 1.000000 -0.803600
v 1.000000 -0.803600 0.910801
v 0.910801 -1.000000 0.910801
v 0.803600 -0.803600 1.000000
v 0.803600 0.910801 1.000000
v 1.000000 0.910801 0.910801
v 0.803600 1.000000 0.910801
v 0.910801 -0.803600 -1.000000
v 0.910801 -1.000000 -0.803600
v 1.000000 -0.803600 -0.803600
v 1.000000 0.910801 -0.803600
v 0.910801 0.910801 -1.000000
v 0.803600 1.000000 -0.803600
v 0.991100 -0.973301 0.803600
v -0.803600 0.973301 -0.991100
v -0.991100 0.973301 0.803600
v -0.803600 -0.973301 0.991100
v 0.991100 0.973301 -0.803600
v 0.803600 0.973301 0.991100
v -0.991100 0.803600 -0.973301
v 0.991100 0.803600 0.973301
v -0.991100 -0.803600 0.973301
v 0.973301 0.803600 -0.991100
v 0.803600 -0.973301 -0.991100
v -0.991100 -0.973301 -0.803600
v 0.991100 -0.973301 -0.187500
v 0.187500 0.973301 -0.991100
v -0.991100 0.973301 -0.187500
v 0.187500 -0.973301 0.991100
v 0.991100 0.973301 0.187500
v -0.187500 0.973301 0.991100
v -0.991100 -0.187500 -0.973301
v 0.991100 -0.187500 0.973301
v -0.991100 0.187500 0.973301
v 0.973301 -0.187500 -0.991100
v -0.187500 -0.973301 -0.991100
v -0.991100 -0.973301 0.187500
v 0.991100 -0.973301 0.312500
v -0.312500 0.973301 -0.991100
v -0.991100 0.973301 0.312500
v -0.312500 -0.973301 0.991100
v 0.991100 0.973301 -0.312500
v 0.312500 0.973301 0.991100
v -0.991100 0.312500 -0.973301
v 0.991100 0.312500 0.973301
v -0.991100 -0.312500 0.973301
v 0.973301 0.312500 -0.991100
v 0.312500 -0.973301 -0.991100
v -0.991100 -0.973301 -0.312500
v 0.991100 -0.973301 -0.687500
v 0.687500 0.973301 -0.991100
v -0.991100 0.973301 -0.687500
v 0.687500 -0.973301 0.991100
v 0.991100 0.973301 0.687500
v -0.687500 0.973301 0.991100
v -0.991100 -0.687500 -0.973301
v 0.991100 -0.687500 0.973301
v -0.991100 0.687500 0.973301
v 0.973301 -0.687500 -0.991100
v -0.687500 -0.973301 -0.991100
v -0.991100 -0.973301 0.687500
v 0.991100 -0.973301 0.562500
v -0.562500 0.973301 -0.991100
v -0.991100 0.973301 0.562500
v -0.562500 -0.973301 0.991100
v 0.991100 0.973301 -0.562500
v 0.562500 0.973301 0.991100
v -0.991100 0.562500 -0.973301
v 0.991100 0.562500 0.973301
v -0.991100 -0.562500 0.973301
v 0.973301 0.562500 -0.991100
v 0.562500 -0.973301 -0.991100
v -0.991100 -0.973301 -0.562500
v 0.991100 -0.973301 -0.437500
v 0.437500 0.973301 -0.991100
v -0.991100 0.973301 -0.437500
v 0.437500 -0.973301 0.991100
v 0.991100 0.973301 0.437500
v -0.437500 0.973301 0.991100
v -0.991100 -0.437500 -0.973301
v 0.991100 -0.437500 0.973301
v -0.991100 0.437500 0.973301
v 0.973301 -0.437500 -0.991100
v -0.437500 -0.973301 -0.991100
v -0.991100 -0.973301 0.437500
v 0.991100 -0.973301 0.062500
v -0.062500 0.973301 -0.991100
v -0.991100 0.973301 0.062500
v -0.062500 -0.973301 0.991100
v 0.991100 0.973301 -0.062500
v 0.062500 0.973301 0.991100
v -0.991100 0.062500 -0.973301
v 0.991100 0.062500 0.973301
v -0.991100 -0.062500 0.973301
v 0.973301 0.062500 -0.991100
v 0.062500 -0.973301 -0.991100
v -0.991100 -0.973301 -0.062500
v 0.991100 -0.973301 -0.910801
v 0.910801 0.973301 -0.991100
v -0.991100 0.973301 -0.910801
v 0.910801 -0.973301 0.991100
v 0.991100 0.973301 0.910801
v -0.910801 0.973301 0.991100
v -0.991100 -0.910801 -0.973301
v 0.991100 -0.910801 0.973301
v -0.991100 0.910801 0.973301
v 0.973301 -0.910801 -0.991100
v -0.910801 -0.973301 -0.991100
v -0.991100 -0.973301 0.910801
vn -0.0000 -0.0000 -1.0000
vn 1.0000 -0.0000 -0.0000
vn -0.0000 -1.0000 -0.0000
vn -1.0000 -0.0000 -0.0000
vn -0.0000 -0.0000 1.0000
vn -0.0000 1.0000 -0.0000
vn 0.3416 0.8756 -0.3416
vn 0.8756 0.3416 -0.3416
vn 0.3416 0.3416 -0.8756
vn 0.3416 -0.3416 -0.8756
vn 0.8756 -0.3416 -0.3416
vn 0.3416 -0.8756 -0.3416
vn 0.3416 0.8756 0.3416
vn 0.3416 0.3416 0.8756
vn 0.8756 0.3416 0.3416
vn 0.8756 -0.3416 0.3416
vn 0.3416 -0.3416 0.8756
vn 0.3416 -0.8756 0.3416
vn -0.3416 0.8756 -0.3416
vn -0.3416 0.3416 -0.8756
vn -0.8756 0.3416 -0.3416
vn -0.3416 -0.8756 -0.3416
vn -0.8756 -0.3416 -0.3416
vn -0.3416 -0.3416 -0.8756
vn -0.8756 0.3416 0.3416
vn -0.3416 0.3416 0.8756
vn -0.3416 0.8756 0.3416
vn -0.3416 -0.8756 0.3416
vn -0.3416 -0.3416 0.8756
vn -0.8756 -0.3416 0.3416
vn -0.3827 -0.9239 -0.0000
vn -0.9239 -0.3827 -0.0000
vn -0.0000 -0.9239 -0.3827
vn -0.0000 -0.3827 -0.9239
vn 0.9239 -0.0000 -0.3827
vn 0.3827 -0.0000 -0.9239
vn -0.3827 -0.0000 0.9239
vn -0.9239 -0.0000 0.3827
vn 0.3827 -0.0000 0.9239
vn 0.9239 -0.0000 0.3827
vn -0.3827 -0.0000 -0.9239
vn -0.9239 -0.0000 -0.3827
vn -0.0000 0.9239 0.3827
vn -0.0000 0.3827 0.9239
vn 0.3827 0.9239 -0.0000
vn 0.9239 0.3827 -0.0000
vn -0.0000 -0.9239 0.3827
vn -0.0000 -0.3827 0.9239
vn -0.3827 0.9239 -0.0000
vn -0.9239 0.3827 -0.0000
vn -0.0000 0.9239 -0.3827
vn -0.0000 0.3827 -0.9239
vn 0.3827 -0.9239 -0.0000
vn 0.9239 -0.3827 -0.0000
vn 0.3029 0.6739 -0.6739
vn 0.6739 0.6739 -0.3029
vn 0.6739 0.3029 -0.6739
vn 0.3029 -0.6739 -0.6739
vn 0.6739 -0.3029 -0.6739
vn 0.6739 -0.6739 -0.3029
vn 0.6739 0.6739 0.3029
vn 0.3029 0.6739 0.6739
vn 0.6739 0.3029 0.6739
vn 0.6739 -0.6739 0.3029
vn 0.6739 -0.3029 0.6739
vn 0.3029 -0.6739 0.6739
vn -0.6739 0.6739 -0.3029
vn -0.3029 0.6739 -0.6739
vn -0.6739 0.3029 -0.6739
vn -0.3029 -0.6739 -0.6739
vn -0.6739 -0.6739 -0.3029
vn -0.6739 -0.3029 -0.6739
vn -0.6739 0.6739 0.3029
vn -0.6739 0.3029 0.6739
vn -0.3029 0.6739 0.6739
vn -0.6739 -0.6739 0.3029
vn -0.3029 -0.6739 0.6739
vn -0.6739 -0.3029 0.6739
vn -0.7071 -0.7071 -0.0000
vn -0.0000 -0.7071 -0.7071
vn 0.7071 -0.0000 -0.7071
vn -0.7071 -0.0000 0.7071
vn 0.7071 -0.0000 0.7071
vn -0.7071 -0.0000 -0.7071
vn -0.0000 0.7071 0.7071
vn 0.7071 0.7071 -0.0000
vn -0.0000 -0.7071 0.7071
vn -0.7071 0.7071 -0.0000
vn -0.0000 0.7071 -0.7071
vn 0.7071 -0.7071 -0.0000
vn -0.5773 -0.5773 0.5774
vn -0.5774 -0.5773 0.5773
vn -0.5773 -0.5774 0.5773
vn -0.5774 0.5773 0.5773
vn -0.5773 0.5773 0.5774
vn -0.5773 0.5774 0.5773
vn -0.5773 -0.5774 -0.5773
vn -0.5774 -0.5773 -0.5773
vn -0.5773 -0.5773 -0.5774
vn -0.5773 0.5773 -0.5774
vn -0.5774 0.5773 -0.5773
vn -0.5773 0.5774 -0.5773
vn 0.5774 -0.5773 0.5773
vn 0.5773 -0.5773 0.5774
vn 0.5773 -0.5774 0.5773
vn 0.5773 0.5773 0.5774
vn 0.5774 0.5773 0.5773
vn 0.5773 0.5774 0.5773
vn 0.5774 -0.5773 -0.5773
vn 0.5773 -0.5774 -0.5773
vn 0.5773 -0.5773 -0.5774
vn 0.5773 0.5774 -0.5773
vn 0.5774 0.5773 -0.5773
vn 0.5773 0.5773 -0.5774
vt 0.468750 0.343750
vt 0.500000 0.343750
vt 0.500000 0.375000
vt 0.468750 0.375000
vt 0.468750 0.593750
vt 0.500000 0.593750
vt 0.500000 0.625000
vt 0.468750 0.625000
vt 0.218750 0.593750
vt 0.250000 0.593750
vt 0.250000 0.625000
vt 0.218750 0.625000
vt 0.468750 0.093750
vt 0.500000 0.093750
vt 0.500000 0.125000
vt 0.468750 0.125000
vt 0.468750 0.843750
vt 0.500000 0.843750
vt 0.500000 0.875000
vt 0.468750 0.875000
vt 0.718750 0.593750
vt 0.750000 0.593750
vt 0.750000 0.625000
vt 0.718750 0.625000
vt 0.781250 0.593750
vt 0.812500 0.593750
vt 0.812500 0.625000
vt 0.781250 0.625000
vt 0.781250 0.531250
vt 0.789062 0.531250
vt 0.796875 0.531250
vt 0.804688 0.531250
vt 0.812500 0.531250
vt 0.812500 0.562500
vt 0.781250 0.562500
vt 0.656250 0.593750
vt 0.687500 0.593750
vt 0.687500 0.625000
vt 0.656250 0.625000
vt 0.656250 0.617188
vt 0.656250 0.609375
vt 0.656250 0.601562
vt 0.671875 0.531250
vt 0.679688 0.531250
vt 0.687500 0.531250
vt 0.687500 0.562500
vt 0.656250 0.562500
vt 0.656250 0.554688
vt 0.656250 0.546875
vt 0.664062 0.539062
vt 0.718750 0.531250
vt 0.726562 0.531250
vt 0.734375 0.531250
vt 0.742188 0.531250
vt 0.750000 0.531250
vt 0.750000 0.562500
vt 0.718750 0.562500
vt 0.656250 0.656250
vt 0.687500 0.656250
vt 0.687500 0.687500
vt 0.656250 0.687500
vt 0.656250 0.679688
vt 0.656250 0.671875
vt 0.656250 0.664062
vt 0.718750 0.656250
vt 0.750000 0.656250
vt 0.750000 0.687500
vt 0.718750 0.687500
vt 0.531250 0.843750
vt 0.562500 0.843750
vt 0.562500 0.875000
vt 0.531250 0.875000
vt 0.531250 0.781250
vt 0.539062 0.781250
vt 0.546875 0.781250
vt 0.554688 0.781250
vt 0.562500 0.781250
vt 0.562500 0.812500
vt 0.531250 0.812500
vt 0.406250 0.843750
vt 0.437500 0.843750
vt 0.437500 0.875000
vt 0.406250 0.875000
vt 0.406250 0.867188
vt 0.406250 0.859375
vt 0.406250 0.851562
vt 0.421875 0.781250
vt 0.429688 0.781250
vt 0.437500 0.781250
vt 0.437500 0.812500
vt 0.406250 0.812500
vt 0.406250 0.804688
vt 0.406250 0.796875
vt 0.414062 0.789062
vt 0.468750 0.781250
vt 0.476562 0.781250
vt 0.484375 0.781250
vt 0.492188 0.781250
vt 0.500000 0.781250
vt 0.500000 0.812500
vt 0.468750 0.812500
vt 0.406250 0.906250
vt 0.437500 0.906250
vt 0.437500 0.937500
vt 0.406250 0.937500
vt 0.406250 0.929688
vt 0.406250 0.921875
vt 0.406250 0.914062
vt 0.468750 0.906250
vt 0.500000 0.906250
vt 0.500000 0.937500
vt 0.468750 0.937500
vt 0.531250 0.093750
vt 0.562500 0.093750
vt 0.562500 0.125000
vt 0.531250 0.125000
vt 0.531250 0.031250
vt 0.539062 0.031250
vt 0.546875 0.031250
vt 0.554688 0.031250
vt 0.562500 0.031250
vt 0.562500 0.062500
vt 0.531250 0.062500
vt 0.406250 0.093750
vt 0.437500 0.093750
vt 0.437500 0.125000
vt 0.406250 0.125000
vt 0.406250 0.117188
vt 0.406250 0.109375
vt 0.406250 0.101562
vt 0.421875 0.031250
vt 0.429688 0.031250
vt 0.437500 0.031250
vt 0.437500 0.062500
vt 0.406250 0.062500
vt 0.406250 0.054688
vt 0.406250 0.046875
vt 0.414062 0.039062
vt 0.468750 0.031250
vt 0.476562 0.031250
vt 0.484375 0.031250
vt 0.492188 0.031250
vt 0.500000 0.031250
vt 0.500000 0.062500
vt 0.468750 0.062500
vt 0.406250 0.156250
vt 0.437500 0.156250
vt 0.437500 0.187500
vt 0.406250 0.187500
vt 0.406250 0.179688
vt 0.406250 0.171875
vt 0.406250 0.164062
vt 0.468750 0.156250
vt 0.500000 0.156250
vt 0.500000 0.187500
vt 0.468750 0.187500
vt 0.281250 0.593750
vt 0.312500 0.593750
vt 0.312500 0.625000
vt 0.281250 0.625000
vt 0.281250 0.531250
vt 0.289062 0.531250
vt 0.296875 0.531250
vt 0.304688 0.531250
vt 0.312500 0.531250
vt 0.312500 0.562500
vt 0.281250 0.562500
vt 0.156250 0.593750
vt 0.187500 0.593750
vt 0.187500 0.625000
vt 0.156250 0.625000
vt 0.156250 0.617188
vt 0.156250 0.609375
vt 0.156250 0.601562
vt 0.171875 0.531250
vt 0.179688 0.531250
vt 0.187500 0.531250
vt 0.187500 0.562500
vt 0.156250 0.562500
vt 0.156250 0.554688
vt 0.156250 0.546875
vt 0.164062 0.539062
vt 0.218750 0.531250
vt 0.226562 0.531250
vt 0.234375 0.531250
vt 0.242188 0.531250
vt 0.250000 0.531250
vt 0.250000 0.562500
vt 0.218750 0.562500
vt 0.156250 0.656250
vt 0.187500 0.656250
vt 0.187500 0.687500
vt 0.156250 0.687500
vt 0.156250 0.679688
vt 0.156250 0.671875
vt 0.156250 0.664062
vt 0.218750 0.656250
vt 0.250000 0.656250
vt 0.250000 0.687500
vt 0.218750 0.687500
vt 0.531250 0.593750
vt 0.562500 0.593750
vt 0.562500 0.625000
vt 0.531250 0.625000
vt 0.531250 0.531250
vt 0.539062 0.531250
vt 0.546875 0.531250
vt 0.554688 0.531250
vt 0.562500 0.531250
vt 0.562500 0.562500
vt 0.531250 0.562500
vt 0.406250 0.593750
vt 0.437500 0.593750
vt 0.437500 0.625000
vt 0.406250 0.625000
vt 0.406250 0.617188
vt 0.406250 0.609375
vt 0.406250 0.601562
vt 0.421875 0.531250
vt 0.429688 0.531250
vt 0.437500 0.531250
vt 0.437500 0.562500
vt 0.406250 0.562500
vt 0.406250 0.554688
vt 0.406250 0.546875
vt 0.414062 0.539062
vt 0.468750 0.531250
vt 0.476562 0.531250
vt 0.484375 0.531250
vt 0.492188 0.531250
vt 0.500000 0.531250
vt 0.500000 0.562500
vt 0.468750 0.562500
vt 0.406250 0.656250
vt 0.437500 0.656250
vt 0.437500 0.687500
vt 0.406250 0.687500
vt 0.406250 0.679688
vt 0.406250 0.671875
vt 0.406250 0.664062
vt 0.468750 0.656250
vt 0.500000 0.656250
vt 0.500000 0.687500
vt 0.468750 0.687500
vt 0.531250 0.343750
vt 0.562500 0.343750
vt 0.562500 0.375000
vt 0.531250 0.375000
vt 0.531250 0.281250
vt 0.539062 0.281250
vt 0.546875 0.281250
vt 0.554688 0.281250
vt 0.562500 0.281250
vt 0.562500 0.312500
vt 0.531250 0.312500
vt 0.406250 0.343750
vt 0.437500 0.343750
vt 0.437500 0.375000
vt 0.406250 0.375000
vt 0.406250 0.367188
vt 0.406250 0.359375
vt 0.406250 0.351562
vt 0.421875 0.281250
vt 0.429688 0.281250
vt 0.437500 0.281250
vt 0.437500 0.312500
vt 0.406250 0.312500
vt 0.406250 0.304688
vt 0.406250 0.296875
vt 0.414062 0.289062
vt 0.468750 0.281250
vt 0.476562 0.281250
vt 0.484375 0.281250
vt 0.492188 0.281250
vt 0.500000 0.281250
vt 0.500000 0.312500
vt 0.468750 0.312500
vt 0.406250 0.406250
vt 0.437500 0.406250
vt 0.437500 0.437500
vt 0.406250 0.437500
vt 0.406250 0.429688
vt 0.406250 0.421875
vt 0.406250 0.414062
vt 0.468750 0.406250
vt 0.500000 0.406250
vt 0.500000 0.437500
vt 0.468750 0.437500
vt 0.531250 0.406250
vt 0.562500 0.406250
vt 0.562500 0.437500
vt 0.531250 0.437500
vt 0.531250 0.656250
vt 0.562500 0.656250
vt 0.562500 0.687500
vt 0.531250 0.687500
vt 0.281250 0.656250
vt 0.312500 0.656250
vt 0.312500 0.687500
vt 0.281250 0.687500
vt 0.531250 0.156250
vt 0.562500 0.156250
vt 0.562500 0.187500
vt 0.531250 0.187500
vt 0.531250 0.906250
vt 0.562500 0.906250
vt 0.562500 0.937500
vt 0.531250 0.937500
vt 0.781250 0.656250
vt 0.812500 0.656250
vt 0.812500 0.687500
vt 0.781250 0.687500
vt 0.843750 0.656250
vt 0.843750 0.664062
vt 0.843750 0.671875
vt 0.843750 0.679688
vt 0.843750 0.687500
vt 0.843750 0.625000
vt 0.843750 0.632812
vt 0.843750 0.640625
vt 0.843750 0.648438
vt 0.781250 0.718750
vt 0.773438 0.718750
vt 0.765625 0.718750
vt 0.757812 0.718750
vt 0.750000 0.718750
vt 0.812500 0.718750
vt 0.804688 0.718750
vt 0.796875 0.718750
vt 0.789062 0.718750
vt 0.593750 0.906250
vt 0.593750 0.914062
vt 0.593750 0.921875
vt 0.593750 0.929688
vt 0.593750 0.937500
vt 0.593750 0.875000
vt 0.593750 0.882812
vt 0.593750 0.890625
vt 0.593750 0.898438
vt 0.531250 0.968750
vt 0.523438 0.968750
vt 0.515625 0.968750
vt 0.507812 0.968750
vt 0.500000 0.968750
vt 0.562500 0.968750
vt 0.554688 0.968750
vt 0.546875 0.968750
vt 0.539062 0.968750
vt 0.593750 0.156250
vt 0.593750 0.164062
vt 0.593750 0.171875
vt 0.593750 0.179688
vt 0.593750 0.187500
vt 0.593750 0.125000
vt 0.593750 0.132812
vt 0.593750 0.140625
vt 0.593750 0.148438
vt 0.531250 0.218750
vt 0.523438 0.218750
vt 0.515625 0.218750
vt 0.507812 0.218750
vt 0.500000 0.218750
vt 0.562500 0.218750
vt 0.554688 0.218750
vt 0.546875 0.218750
vt 0.539062 0.218750
vt 0.343750 0.656250
vt 0.343750 0.664062
vt 0.343750 0.671875
vt 0.343750 0.679688
vt 0.343750 0.687500
vt 0.343750 0.625000
vt 0.343750 0.632812
vt 0.343750 0.640625
vt 0.343750 0.648438
vt 0.281250 0.718750
vt 0.273438 0.718750
vt 0.265625 0.718750
vt 0.257812 0.718750
vt 0.250000 0.718750
vt 0.312500 0.718750
vt 0.304688 0.718750
vt 0.296875 0.718750
vt 0.289062 0.718750
vt 0.593750 0.656250
vt 0.593750 0.664062
vt 0.593750 0.671875
vt 0.593750 0.679688
vt 0.593750 0.687500
vt 0.593750 0.625000
vt 0.593750 0.632812
vt 0.593750 0.640625
vt 0.593750 0.648438
vt 0.531250 0.718750
vt 0.523438 0.718750
vt 0.515625 0.718750
vt 0.507812 0.718750
vt 0.500000 0.718750
vt 0.562500 0.718750
vt 0.554688 0.718750
vt 0.546875 0.718750
vt 0.539062 0.718750
vt 0.593750 0.406250
vt 0.593750 0.414062
vt 0.593750 0.421875
vt 0.593750 0.429688
vt 0.593750 0.437500
vt 0.593750 0.375000
vt 0.593750 0.382812
vt 0.593750 0.390625
vt 0.593750 0.398438
vt 0.531250 0.468750
vt 0.523438 0.468750
vt 0.515625 0.468750
vt 0.507812 0.468750
vt 0.500000 0.468750
vt 0.562500 0.468750
vt 0.554688 0.468750
vt 0.546875 0.468750
vt 0.539062 0.468750
vt 0.406250 0.398438
vt 0.406250 0.390625
vt 0.406250 0.382812
vt 0.406250 0.453125
vt 0.414062 0.460938
vt 0.406250 0.460938
vt 0.445312 0.281250
vt 0.453125 0.281250
vt 0.460938 0.281250
vt 0.406250 0.335938
vt 0.406250 0.328125
vt 0.406250 0.320312
vt 0.578125 0.281250
vt 0.585938 0.281250
vt 0.585938 0.289062
vt 0.507812 0.281250
vt 0.515625 0.281250
vt 0.523438 0.281250
vt 0.406250 0.648438
vt 0.406250 0.640625
vt 0.406250 0.632812
vt 0.406250 0.703125
vt 0.414062 0.710938
vt 0.406250 0.710938
vt 0.445312 0.531250
vt 0.453125 0.531250
vt 0.460938 0.531250
vt 0.406250 0.585938
vt 0.406250 0.578125
vt 0.406250 0.570312
vt 0.578125 0.531250
vt 0.585938 0.531250
vt 0.585938 0.539062
vt 0.507812 0.531250
vt 0.515625 0.531250
vt 0.523438 0.531250
vt 0.156250 0.648438
vt 0.156250 0.640625
vt 0.156250 0.632812
vt 0.156250 0.703125
vt 0.164062 0.710938
vt 0.156250 0.710938
vt 0.195312 0.531250
vt 0.203125 0.531250
vt 0.210938 0.531250
vt 0.156250 0.585938
vt 0.156250 0.578125
vt 0.156250 0.570312
vt 0.328125 0.531250
vt 0.335938 0.531250
vt 0.335938 0.539062
vt 0.257812 0.531250
vt 0.265625 0.531250
vt 0.273438 0.531250
vt 0.406250 0.148438
vt 0.406250 0.140625
vt 0.406250 0.132812
vt 0.406250 0.203125
vt 0.414062 0.210938
vt 0.406250 0.210938
vt 0.445312 0.031250
vt 0.453125 0.031250
vt 0.460938 0.031250
vt 0.406250 0.085938
vt 0.406250 0.078125
vt 0.406250 0.070312
vt 0.578125 0.031250
vt 0.585938 0.031250
vt 0.585938 0.039062
vt 0.507812 0.031250
vt 0.515625 0.031250
vt 0.523438 0.031250
vt 0.406250 0.898438
vt 0.406250 0.890625
vt 0.406250 0.882812
vt 0.406250 0.953125
vt 0.414062 0.960938
vt 0.406250 0.960938
vt 0.445312 0.781250
vt 0.453125 0.781250
vt 0.460938 0.781250
vt 0.406250 0.835938
vt 0.406250 0.828125
vt 0.406250 0.820312
vt 0.578125 0.781250
vt 0.585938 0.781250
vt 0.585938 0.789062
vt 0.507812 0.781250
vt 0.515625 0.781250
vt 0.523438 0.781250
vt 0.656250 0.648438
vt 0.656250 0.640625
vt 0.656250 0.632812
vt 0.656250 0.703125
vt 0.664062 0.710938
vt 0.656250 0.710938
vt 0.695312 0.531250
vt 0.703125 0.531250
vt 0.710938 0.531250
vt 0.656250 0.585938
vt 0.656250 0.578125
vt 0.656250 0.570312
vt 0.828125 0.531250
vt 0.835938 0.531250
vt 0.835938 0.539062
vt 0.757812 0.531250
vt 0.765625 0.531250
vt 0.773438 0.531250
vt 0.843750 0.593750
vt 0.843750 0.601562
vt 0.843750 0.609375
vt 0.843750 0.617188
vt 0.843750 0.562500
vt 0.843750 0.570312
vt 0.843750 0.578125
vt 0.843750 0.585938
vt 0.718750 0.718750
vt 0.710938 0.718750
vt 0.703125 0.718750
vt 0.695312 0.718750
vt 0.687500 0.718750
vt 0.742188 0.718750
vt 0.734375 0.718750
vt 0.726562 0.718750
vt 0.593750 0.843750
vt 0.593750 0.851562
vt 0.593750 0.859375
vt 0.593750 0.867188
vt 0.593750 0.812500
vt 0.593750 0.820312
vt 0.593750 0.828125
vt 0.593750 0.835938
vt 0.468750 0.968750
vt 0.460938 0.968750
vt 0.453125 0.968750
vt 0.445312 0.968750
vt 0.437500 0.968750
vt 0.492188 0.968750
vt 0.484375 0.968750
vt 0.476562 0.968750
vt 0.593750 0.093750
vt 0.593750 0.101562
vt 0.593750 0.109375
vt 0.593750 0.117188
vt 0.593750 0.062500
vt 0.593750 0.070312
vt 0.593750 0.078125
vt 0.593750 0.085938
vt 0.468750 0.218750
vt 0.460938 0.218750
vt 0.453125 0.218750
vt 0.445312 0.218750
vt 0.437500 0.218750
vt 0.492188 0.218750
vt 0.484375 0.218750
vt 0.476562 0.218750
vt 0.343750 0.593750
vt 0.343750 0.601562
vt 0.343750 0.609375
vt 0.343750 0.617188
vt 0.343750 0.562500
vt 0.343750 0.570312
vt 0.343750 0.578125
vt 0.343750 0.585938
vt 0.218750 0.718750
vt 0.210938 0.718750
vt 0.203125 0.718750
vt 0.195312 0.718750
vt 0.187500 0.718750
vt 0.242188 0.718750
vt 0.234375 0.718750
vt 0.226562 0.718750
vt 0.593750 0.593750
vt 0.593750 0.601562
vt 0.593750 0.609375
vt 0.593750 0.617188
vt 0.593750 0.562500
vt 0.593750 0.570312
vt 0.593750 0.578125
vt 0.593750 0.585938
vt 0.468750 0.718750
vt 0.460938 0.718750
vt 0.453125 0.718750
vt 0.445312 0.718750
vt 0.437500 0.718750
vt 0.492188 0.718750
vt 0.484375 0.718750
vt 0.476562 0.718750
vt 0.593750 0.343750
vt 0.593750 0.351562
vt 0.593750 0.359375
vt 0.593750 0.367188
vt 0.593750 0.312500
vt 0.593750 0.320312
vt 0.593750 0.328125
vt 0.593750 0.335938
vt 0.468750 0.468750
vt 0.460938 0.468750
vt 0.453125 0.468750
vt 0.445312 0.468750
vt 0.437500 0.468750
vt 0.492188 0.468750
vt 0.484375 0.468750
vt 0.476562 0.468750
vt 0.578125 0.468750
vt 0.585938 0.460938
vt 0.585938 0.468750
vt 0.578125 0.718750
vt 0.585938 0.710938
vt 0.585938 0.718750
vt 0.328125 0.718750
vt 0.335938 0.710938
vt 0.335938 0.718750
vt 0.578125 0.218750
vt 0.585938 0.210938
vt 0.585938 0.218750
vt 0.578125 0.968750
vt 0.585938 0.960938
vt 0.585938 0.968750
vt 0.828125 0.718750
vt 0.835938 0.710938
vt 0.835938 0.718750
vt 0.627225 0.500000
vt 0.625556 0.500834
vt 0.625556 0.498888
vt 0.375000 0.497775
vt 0.375834 0.499444
vt 0.373888 0.499444
vt 0.627225 0.750000
vt 0.625556 0.751112
vt 0.625556 0.749166
vt 0.378337 0.745550
vt 0.377503 0.747219
vt 0.376391 0.745550
vt 0.625000 0.248517
vt 0.623888 0.249722
vt 0.623888 0.247775
vt 0.129450 0.504450
vt 0.128337 0.504450
vt 0.129450 0.503337
vt 0.620550 0.004450
vt 0.620550 0.003337
vt 0.621663 0.004450
vt 0.129450 0.745550
vt 0.129450 0.746663
vt 0.128337 0.745550
vt 0.126112 0.738850
vt 0.126112 0.745550
vt 0.125000 0.745550
vt 0.125000 0.738850
vt 0.136150 0.501112
vt 0.129450 0.501112
vt 0.129450 0.500000
vt 0.136150 0.500000
vt 0.383438 0.499027
vt 0.382812 0.497219
vt 0.613850 0.003337
vt 0.613850 0.004450
vt 0.384690 0.747358
vt 0.385316 0.745550
vt 0.386150 0.247775
vt 0.379450 0.247775
vt 0.379450 0.245550
vt 0.386150 0.245550
vt 0.621663 0.988850
vt 0.621663 0.995550
vt 0.620550 0.995550
vt 0.620550 0.988850
vt 0.622358 0.740310
vt 0.622219 0.747497
vt 0.620550 0.746663
vt 0.620550 0.739684
vt 0.366353 0.750139
vt 0.373888 0.750556
vt 0.375000 0.752225
vt 0.367188 0.751669
vt 0.621663 0.239406
vt 0.621663 0.246292
vt 0.620550 0.245550
vt 0.620550 0.238850
vt 0.622080 0.489684
vt 0.622219 0.496663
vt 0.620550 0.495550
vt 0.620550 0.488850
vt 0.376599 0.511150
vt 0.376391 0.504450
vt 0.378337 0.504450
vt 0.378616 0.511150
vt 0.126112 0.617188
vt 0.126112 0.625000
vt 0.125000 0.625000
vt 0.125000 0.617188
vt 0.257812 0.501112
vt 0.250000 0.501112
vt 0.250000 0.500000
vt 0.257812 0.500000
vt 0.507812 0.497775
vt 0.500000 0.497775
vt 0.500000 0.495550
vt 0.507812 0.495550
vt 0.492188 0.003337
vt 0.500000 0.003337
vt 0.500000 0.004450
vt 0.492188 0.004450
vt 0.507812 0.747775
vt 0.500000 0.747775
vt 0.500000 0.745550
vt 0.507812 0.745550
vt 0.507812 0.247775
vt 0.500000 0.247775
vt 0.500000 0.245550
vt 0.507812 0.245550
vt 0.621663 0.867188
vt 0.621663 0.875000
vt 0.620550 0.875000
vt 0.620550 0.867188
vt 0.622775 0.617188
vt 0.622775 0.625000
vt 0.620550 0.625000
vt 0.620550 0.617188
vt 0.242188 0.748888
vt 0.250000 0.748888
vt 0.250000 0.750000
vt 0.242188 0.750000
vt 0.621663 0.117188
vt 0.621663 0.125000
vt 0.620550 0.125000
vt 0.620550 0.117188
vt 0.621663 0.367188
vt 0.621663 0.375000
vt 0.620550 0.375000
vt 0.620550 0.367188
vt 0.377225 0.632812
vt 0.377225 0.625000
vt 0.379450 0.625000
vt 0.379450 0.632812
vt 0.126112 0.679688
vt 0.126112 0.687500
vt 0.125000 0.687500
vt 0.125000 0.679688
vt 0.195312 0.501112
vt 0.187500 0.501112
vt 0.187500 0.500000
vt 0.195312 0.500000
vt 0.445312 0.497775
vt 0.437500 0.497775
vt 0.437500 0.495550
vt 0.445312 0.495550
vt 0.554688 0.003337
vt 0.562500 0.003337
vt 0.562500 0.004450
vt 0.554688 0.004450
vt 0.445312 0.747775
vt 0.437500 0.747775
vt 0.437500 0.745550
vt 0.445312 0.745550
vt 0.445312 0.247775
vt 0.437500 0.247775
vt 0.437500 0.245550
vt 0.445312 0.245550
vt 0.621663 0.929688
vt 0.621663 0.937500
vt 0.620550 0.937500
vt 0.620550 0.929688
vt 0.622775 0.679688
vt 0.622775 0.687500
vt 0.620550 0.687500
vt 0.620550 0.679688
vt 0.304688 0.748888
vt 0.312500 0.748888
vt 0.312500 0.750000
vt 0.304688 0.750000
vt 0.621663 0.179688
vt 0.621663 0.187500
vt 0.620550 0.187500
vt 0.620550 0.179688
vt 0.621663 0.429688
vt 0.621663 0.437500
vt 0.620550 0.437500
vt 0.620550 0.429688
vt 0.377225 0.570312
vt 0.377225 0.562500
vt 0.379450 0.562500
vt 0.379450 0.570312
vt 0.126112 0.554688
vt 0.126112 0.562500
vt 0.125000 0.562500
vt 0.125000 0.554688
vt 0.320312 0.501112
vt 0.312500 0.501112
vt 0.312500 0.500000
vt 0.320312 0.500000
vt 0.570312 0.497775
vt 0.562500 0.497775
vt 0.562500 0.495550
vt 0.570312 0.495550
vt 0.429688 0.003337
vt 0.437500 0.003337
vt 0.437500 0.004450
vt 0.429688 0.004450
vt 0.570312 0.747775
vt 0.562500 0.747775
vt 0.562500 0.745550
vt 0.570312 0.745550
vt 0.570312 0.247775
vt 0.562500 0.247775
vt 0.562500 0.245550
vt 0.570312 0.245550
vt 0.621663 0.804688
vt 0.621663 0.812500
vt 0.620550 0.812500
vt 0.620550 0.804688
vt 0.622775 0.554688
vt 0.622775 0.562500
vt 0.620550 0.562500
vt 0.620550 0.554688
vt 0.179688 0.748888
vt 0.187500 0.748888
vt 0.187500 0.750000
vt 0.179688 0.750000
vt 0.621663 0.054688
vt 0.621663 0.062500
vt 0.620550 0.062500
vt 0.620550 0.054688
vt 0.621663 0.304688
vt 0.621663 0.312500
vt 0.620550 0.312500
vt 0.620550 0.304688
vt 0.377225 0.695312
vt 0.377225 0.687500
vt 0.379450 0.687500
vt 0.379450 0.695312
vt 0.126112 0.710938
vt 0.126112 0.718750
vt 0.125000 0.718750
vt 0.125000 0.710938
vt 0.164062 0.501112
vt 0.156250 0.501112
vt 0.156250 0.500000
vt 0.164062 0.500000
vt 0.414062 0.497775
vt 0.406250 0.497775
vt 0.406250 0.495550
vt 0.414062 0.495550
vt 0.585938 0.003337
vt 0.593750 0.003337
vt 0.593750 0.004450
vt 0.585938 0.004450
vt 0.414062 0.747775
vt 0.406250 0.747775
vt 0.406250 0.745550
vt 0.414062 0.745550
vt 0.414062 0.247775
vt 0.406250 0.247775
vt 0.406250 0.245550
vt 0.414062 0.245550
vt 0.621663 0.960938
vt 0.621663 0.968750
vt 0.620550 0.968750
vt 0.620550 0.960938
vt 0.622775 0.710938
vt 0.622775 0.718750
vt 0.620550 0.718750
vt 0.620550 0.710938
vt 0.335938 0.748888
vt 0.343750 0.748888
vt 0.343750 0.750000
vt 0.335938 0.750000
vt 0.621663 0.210938
vt 0.621663 0.218750
vt 0.620550 0.218750
vt 0.620550 0.210938
vt 0.621663 0.460938
vt 0.621663 0.468750
vt 0.620550 0.468750
vt 0.620550 0.460938
vt 0.377225 0.539062
vt 0.377225 0.531250
vt 0.379450 0.531250
vt 0.379450 0.539062
vt 0.126112 0.585938
vt 0.126112 0.593750
vt 0.125000 0.593750
vt 0.125000 0.585938
vt 0.289062 0.501112
vt 0.281250 0.501112
vt 0.281250 0.500000
vt 0.289062 0.500000
vt 0.539062 0.497775
vt 0.531250 0.497775
vt 0.531250 0.495550
vt 0.539062 0.495550
vt 0.460938 0.003337
vt 0.468750 0.003337
vt 0.468750 0.004450
vt 0.460938 0.004450
vt 0.539062 0.747775
vt 0.531250 0.747775
vt 0.531250 0.745550
vt 0.539062 0.745550
vt 0.539062 0.247775
vt 0.531250 0.247775
vt 0.531250 0.245550
vt 0.539062 0.245550
vt 0.621663 0.835938
vt 0.621663 0.843750
vt 0.620550 0.843750
vt 0.620550 0.835938
vt 0.622775 0.585938
vt 0.622775 0.593750
vt 0.620550 0.593750
vt 0.620550 0.585938
vt 0.210938 0.748888
vt 0.218750 0.748888
vt 0.218750 0.750000
vt 0.210938 0.750000
vt 0.621663 0.085938
vt 0.621663 0.093750
vt 0.620550 0.093750
vt 0.620550 0.085938
vt 0.621663 0.335938
vt 0.621663 0.343750
vt 0.620550 0.343750
vt 0.620550 0.335938
vt 0.377225 0.664062
vt 0.377225 0.656250
vt 0.379450 0.656250
vt 0.379450 0.664062
vt 0.126112 0.648438
vt 0.126112 0.656250
vt 0.125000 0.656250
vt 0.125000 0.648438
vt 0.226562 0.501112
vt 0.218750 0.501112
vt 0.218750 0.500000
vt 0.226562 0.500000
vt 0.476562 0.497775
vt 0.468750 0.497775
vt 0.468750 0.495550
vt 0.476562 0.495550
vt 0.523438 0.003337
vt 0.531250 0.003337
vt 0.531250 0.004450
vt 0.523438 0.004450
vt 0.476562 0.747775
vt 0.468750 0.747775
vt 0.468750 0.745550
vt 0.476562 0.745550
vt 0.476562 0.247775
vt 0.468750 0.247775
vt 0.468750 0.245550
vt 0.476562 0.245550
vt 0.621663 0.898438
vt 0.621663 0.906250
vt 0.620550 0.906250
vt 0.620550 0.898438
vt 0.622775 0.648438
vt 0.622775 0.656250
vt 0.620550 0.656250
vt 0.620550 0.648438
vt 0.273438 0.748888
vt 0.281250 0.748888
vt 0.281250 0.750000
vt 0.273438 0.750000
vt 0.621663 0.148438
vt 0.621663 0.156250
vt 0.620550 0.156250
vt 0.620550 0.148438
vt 0.621663 0.398438
vt 0.621663 0.406250
vt 0.620550 0.406250
vt 0.620550 0.398438
vt 0.377225 0.601562
vt 0.377225 0.593750
vt 0.379450 0.593750
vt 0.379450 0.601562
vt 0.126112 0.524550
vt 0.126112 0.531250
vt 0.125000 0.531250
vt 0.125000 0.524550
vt 0.351284 0.500695
vt 0.343750 0.501112
vt 0.343750 0.500000
vt 0.351562 0.499444
vt 0.600450 0.497706
vt 0.593750 0.497775
vt 0.593750 0.495550
vt 0.600450 0.495550
vt 0.399550 0.003337
vt 0.406250 0.003337
vt 0.406250 0.004450
vt 0.399550 0.004450
vt 0.600450 0.747984
vt 0.593750 0.747775
vt 0.593750 0.745550
vt 0.600450 0.745828
vt 0.600450 0.247706
vt 0.593750 0.247775
vt 0.593750 0.245550
vt 0.600450 0.245550
vt 0.621802 0.774272
vt 0.621663 0.781250
vt 0.620550 0.781250
vt 0.620550 0.774550
vt 0.622636 0.524063
vt 0.622775 0.531250
vt 0.620550 0.531250
vt 0.620550 0.524272
vt 0.149550 0.748888
vt 0.156250 0.748888
vt 0.156250 0.750000
vt 0.149550 0.750000
vt 0.621663 0.024550
vt 0.621663 0.031250
vt 0.620550 0.031250
vt 0.620550 0.024550
vt 0.621663 0.273971
vt 0.621663 0.281250
vt 0.620550 0.281250
vt 0.620550 0.274272
vt 0.377016 0.725450
vt 0.377225 0.718750
vt 0.379450 0.718750
vt 0.379172 0.725450
vt 0.649411 0.524272
vt 0.656250 0.524550
vt 0.656250 0.531250
vt 0.649550 0.531250
vt 0.613850 0.488850
vt 0.613850 0.495550
vt 0.613850 0.524341
vt 0.613850 0.531250
vt 0.399480 0.524550
vt 0.406250 0.524550
vt 0.406250 0.531250
vt 0.399550 0.531250
vt 0.363850 0.524550
vt 0.370550 0.524550
vt 0.370550 0.531250
vt 0.363850 0.531250
vt 0.398716 0.489267
vt 0.406250 0.488850
vt 0.398438 0.496106
vt 0.649133 0.739684
vt 0.656250 0.738850
vt 0.656250 0.745550
vt 0.648994 0.746663
vt 0.613850 0.739476
vt 0.613850 0.746385
vt 0.613850 0.774550
vt 0.613850 0.781250
vt 0.399272 0.774411
vt 0.406250 0.774550
vt 0.406250 0.781250
vt 0.399550 0.781250
vt 0.363850 0.738850
vt 0.370550 0.738850
vt 0.370550 0.745550
vt 0.363850 0.745550
vt 0.399341 0.738850
vt 0.406250 0.738850
vt 0.399272 0.745550
vt 0.863850 0.524550
vt 0.870550 0.524550
vt 0.870550 0.531250
vt 0.863850 0.531250
vt 0.613850 0.238850
vt 0.613850 0.245550
vt 0.613850 0.274341
vt 0.613850 0.281250
vt 0.149550 0.524550
vt 0.156250 0.524550
vt 0.156250 0.531250
vt 0.149550 0.531250
vt 0.399550 0.274550
vt 0.406250 0.274550
vt 0.406250 0.281250
vt 0.399550 0.281250
vt 0.399550 0.238850
vt 0.406250 0.238850
vt 0.399550 0.245550
vt 0.613850 0.024550
vt 0.613850 0.031250
vt 0.613850 0.988850
vt 0.613850 0.995550
vt 0.863850 0.738850
vt 0.870550 0.738850
vt 0.870550 0.745550
vt 0.863850 0.745550
vt 0.399550 0.024550
vt 0.406250 0.024550
vt 0.406250 0.031250
vt 0.399550 0.031250
vt 0.399550 0.988850
vt 0.406250 0.988850
vt 0.406250 0.995550
vt 0.399550 0.995550
vt 0.149550 0.738850
vt 0.156250 0.738850
vt 0.156250 0.745550
vt 0.149550 0.745550
vt 0.399550 0.148438
vt 0.399550 0.156250
vt 0.399550 0.117188
vt 0.399550 0.125000
vt 0.149550 0.617188
vt 0.149550 0.625000
vt 0.149550 0.648438
vt 0.149550 0.656250
vt 0.273438 0.524550
vt 0.281250 0.524550
vt 0.399550 0.398438
vt 0.399550 0.406250
vt 0.399550 0.367188
vt 0.399550 0.375000
vt 0.242188 0.524550
vt 0.250000 0.524550
vt 0.523438 0.524550
vt 0.531250 0.524550
vt 0.523438 0.488850
vt 0.531250 0.488850
vt 0.523438 0.495550
vt 0.492188 0.488850
vt 0.500000 0.488850
vt 0.492188 0.495550
vt 0.492188 0.524550
vt 0.500000 0.524550
vt 0.492188 0.024550
vt 0.500000 0.024550
vt 0.492188 0.988850
vt 0.500000 0.988850
vt 0.500000 0.995550
vt 0.492188 0.995550
vt 0.523438 0.988850
vt 0.531250 0.988850
vt 0.531250 0.995550
vt 0.523438 0.995550
vt 0.523438 0.024550
vt 0.531250 0.024550
vt 0.523438 0.774550
vt 0.531250 0.774550
vt 0.523438 0.738850
vt 0.531250 0.738850
vt 0.523438 0.745550
vt 0.492188 0.738850
vt 0.500000 0.738850
vt 0.492188 0.745550
vt 0.492188 0.774550
vt 0.500000 0.774550
vt 0.523438 0.274550
vt 0.531250 0.274550
vt 0.523438 0.238850
vt 0.531250 0.238850
vt 0.523438 0.245550
vt 0.492188 0.238850
vt 0.500000 0.238850
vt 0.492188 0.245550
vt 0.492188 0.274550
vt 0.500000 0.274550
vt 0.742188 0.738850
vt 0.750000 0.738850
vt 0.750000 0.745550
vt 0.742188 0.745550
vt 0.773438 0.738850
vt 0.781250 0.738850
vt 0.781250 0.745550
vt 0.773438 0.745550
vt 0.613850 0.898438
vt 0.613850 0.906250
vt 0.613850 0.867188
vt 0.613850 0.875000
vt 0.649550 0.617188
vt 0.649550 0.625000
vt 0.649550 0.648438
vt 0.649550 0.656250
vt 0.613850 0.648438
vt 0.613850 0.656250
vt 0.613850 0.617188
vt 0.613850 0.625000
vt 0.399550 0.898438
vt 0.399550 0.906250
vt 0.399550 0.867188
vt 0.399550 0.875000
vt 0.242188 0.738850
vt 0.250000 0.738850
vt 0.250000 0.745550
vt 0.242188 0.745550
vt 0.273438 0.738850
vt 0.281250 0.738850
vt 0.281250 0.745550
vt 0.273438 0.745550
vt 0.863850 0.648438
vt 0.870550 0.648438
vt 0.870550 0.656250
vt 0.863850 0.656250
vt 0.613850 0.148438
vt 0.613850 0.156250
vt 0.613850 0.117188
vt 0.613850 0.125000
vt 0.863850 0.617188
vt 0.870550 0.617188
vt 0.870550 0.625000
vt 0.863850 0.625000
vt 0.773438 0.524550
vt 0.781250 0.524550
vt 0.613850 0.398438
vt 0.613850 0.406250
vt 0.613850 0.367188
vt 0.613850 0.375000
vt 0.742188 0.524550
vt 0.750000 0.524550
vt 0.399550 0.648438
vt 0.399550 0.656250
vt 0.399550 0.617188
vt 0.399550 0.625000
vt 0.363850 0.617188
vt 0.370550 0.617188
vt 0.370550 0.625000
vt 0.363850 0.625000
vt 0.363850 0.648438
vt 0.370550 0.648438
vt 0.370550 0.656250
vt 0.363850 0.656250
vt 0.399550 0.085938
vt 0.399550 0.093750
vt 0.149550 0.710938
vt 0.156250 0.718750
vt 0.149550 0.718750
vt 0.399550 0.054688
vt 0.399550 0.062500
vt 0.149550 0.679688
vt 0.149550 0.687500
vt 0.210938 0.524550
vt 0.218750 0.524550
vt 0.399550 0.335938
vt 0.399550 0.343750
vt 0.399550 0.304688
vt 0.399550 0.312500
vt 0.179688 0.524550
vt 0.187500 0.524550
vt 0.460938 0.488850
vt 0.468750 0.488850
vt 0.460938 0.495550
vt 0.429688 0.488850
vt 0.437500 0.488850
vt 0.429688 0.495550
vt 0.429688 0.524550
vt 0.437500 0.524550
vt 0.460938 0.524550
vt 0.468750 0.524550
vt 0.554688 0.024550
vt 0.562500 0.024550
vt 0.554688 0.988850
vt 0.562500 0.988850
vt 0.562500 0.995550
vt 0.554688 0.995550
vt 0.585938 0.988850
vt 0.593750 0.988850
vt 0.593750 0.995550
vt 0.585938 0.995550
vt 0.585938 0.024550
vt 0.593750 0.024550
vt 0.593750 0.031250
vt 0.460938 0.738850
vt 0.468750 0.738850
vt 0.460938 0.745550
vt 0.429688 0.738850
vt 0.437500 0.738850
vt 0.429688 0.745550
vt 0.429688 0.774550
vt 0.437500 0.774550
vt 0.460938 0.774550
vt 0.468750 0.774550
vt 0.460938 0.238850
vt 0.468750 0.238850
vt 0.460938 0.245550
vt 0.429688 0.238850
vt 0.437500 0.238850
vt 0.429688 0.245550
vt 0.429688 0.274550
vt 0.437500 0.274550
vt 0.460938 0.274550
vt 0.468750 0.274550
vt 0.804688 0.738850
vt 0.812500 0.738850
vt 0.812500 0.745550
vt 0.804688 0.745550
vt 0.835938 0.738850
vt 0.843750 0.738850
vt 0.843750 0.745550
vt 0.835938 0.745550
vt 0.613850 0.960938
vt 0.613850 0.968750
vt 0.613850 0.929688
vt 0.613850 0.937500
vt 0.649550 0.679688
vt 0.649550 0.687500
vt 0.649550 0.710938
vt 0.656250 0.718750
vt 0.649550 0.718750
vt 0.613850 0.710938
vt 0.613850 0.718750
vt 0.613850 0.679688
vt 0.613850 0.687500
vt 0.399550 0.835938
vt 0.399550 0.843750
vt 0.335938 0.738850
vt 0.343750 0.738850
vt 0.343750 0.745550
vt 0.335938 0.745550
vt 0.399550 0.804688
vt 0.399550 0.812500
vt 0.304688 0.738850
vt 0.312500 0.738850
vt 0.312500 0.745550
vt 0.304688 0.745550
vt 0.863850 0.585938
vt 0.870550 0.585938
vt 0.870550 0.593750
vt 0.863850 0.593750
vt 0.613850 0.210938
vt 0.613850 0.218750
vt 0.863850 0.554688
vt 0.870550 0.554688
vt 0.870550 0.562500
vt 0.863850 0.562500
vt 0.613850 0.179688
vt 0.613850 0.187500
vt 0.710938 0.524550
vt 0.718750 0.524550
vt 0.613850 0.460938
vt 0.613850 0.468750
vt 0.679688 0.524550
vt 0.687500 0.524550
vt 0.613850 0.429688
vt 0.613850 0.437500
vt 0.363850 0.585938
vt 0.370550 0.585938
vt 0.370550 0.593750
vt 0.363850 0.593750
vt 0.399550 0.585938
vt 0.399550 0.593750
vt 0.399550 0.554688
vt 0.399550 0.562500
vt 0.363850 0.554688
vt 0.370550 0.554688
vt 0.370550 0.562500
vt 0.363850 0.562500
vt 0.399550 0.210938
vt 0.406250 0.218750
vt 0.399550 0.218750
vt 0.149550 0.585938
vt 0.149550 0.593750
vt 0.399550 0.179688
vt 0.399550 0.187500
vt 0.149550 0.554688
vt 0.149550 0.562500
vt 0.335938 0.524550
vt 0.343750 0.524550
vt 0.343750 0.531250
vt 0.399550 0.460938
vt 0.406250 0.468750
vt 0.399550 0.468750
vt 0.399550 0.429688
vt 0.399550 0.437500
vt 0.304688 0.524550
vt 0.312500 0.524550
vt 0.585938 0.488850
vt 0.593750 0.488850
vt 0.585938 0.495550
vt 0.554688 0.488850
vt 0.562500 0.488850
vt 0.554688 0.495550
vt 0.554688 0.524550
vt 0.562500 0.524550
vt 0.585938 0.524550
vt 0.593750 0.524550
vt 0.593750 0.531250
vt 0.429688 0.024550
vt 0.437500 0.024550
vt 0.429688 0.988850
vt 0.437500 0.988850
vt 0.437500 0.995550
vt 0.429688 0.995550
vt 0.460938 0.988850
vt 0.468750 0.988850
vt 0.468750 0.995550
vt 0.460938 0.995550
vt 0.460938 0.024550
vt 0.468750 0.024550
vt 0.585938 0.738850
vt 0.593750 0.738850
vt 0.585938 0.745550
vt 0.554688 0.738850
vt 0.562500 0.738850
vt 0.554688 0.745550
vt 0.554688 0.774550
vt 0.562500 0.774550
vt 0.585938 0.774550
vt 0.593750 0.774550
vt 0.593750 0.781250
vt 0.585938 0.238850
vt 0.593750 0.238850
vt 0.585938 0.245550
vt 0.554688 0.238850
vt 0.562500 0.238850
vt 0.554688 0.245550
vt 0.554688 0.274550
vt 0.562500 0.274550
vt 0.585938 0.274550
vt 0.593750 0.274550
vt 0.593750 0.281250
vt 0.613850 0.804688
vt 0.613850 0.812500
vt 0.679688 0.738850
vt 0.687500 0.738850
vt 0.687500 0.745550
vt 0.679688 0.745550
vt 0.710938 0.738850
vt 0.718750 0.738850
vt 0.718750 0.745550
vt 0.710938 0.745550
vt 0.613850 0.835938
vt 0.613850 0.843750
vt 0.649550 0.554688
vt 0.649550 0.562500
vt 0.649550 0.585938
vt 0.649550 0.593750
vt 0.613850 0.585938
vt 0.613850 0.593750
vt 0.613850 0.554688
vt 0.613850 0.562500
vt 0.399550 0.960938
vt 0.406250 0.968750
vt 0.399550 0.968750
vt 0.210938 0.738850
vt 0.218750 0.738850
vt 0.218750 0.745550
vt 0.210938 0.745550
vt 0.399550 0.929688
vt 0.399550 0.937500
vt 0.179688 0.738850
vt 0.187500 0.738850
vt 0.187500 0.745550
vt 0.179688 0.745550
vt 0.863850 0.710938
vt 0.870550 0.710938
vt 0.870550 0.718750
vt 0.863850 0.718750
vt 0.613850 0.085938
vt 0.613850 0.093750
vt 0.613850 0.054688
vt 0.613850 0.062500
vt 0.863850 0.679688
vt 0.870550 0.679688
vt 0.870550 0.687500
vt 0.863850 0.687500
vt 0.835938 0.524550
vt 0.843750 0.524550
vt 0.843750 0.531250
vt 0.613850 0.335938
vt 0.613850 0.343750
vt 0.804688 0.524550
vt 0.812500 0.524550
vt 0.613850 0.304688
vt 0.613850 0.312500
vt 0.363850 0.710938
vt 0.370550 0.710938
vt 0.370550 0.718750
vt 0.363850 0.718750
vt 0.399550 0.710938
vt 0.406250 0.718750
vt 0.399550 0.718750
vt 0.399550 0.679688
vt 0.399550 0.687500
vt 0.363850 0.679688
vt 0.370550 0.679688
vt 0.370550 0.687500
vt 0.363850 0.687500
vt 0.350450 0.679688
vt 0.357150 0.679688
vt 0.357150 0.687500
vt 0.350450 0.687500
vt 0.350450 0.664062
vt 0.357150 0.664062
vt 0.357150 0.671875
vt 0.350450 0.671875
vt 0.363850 0.664062
vt 0.370550 0.664062
vt 0.370550 0.671875
vt 0.363850 0.671875
vt 0.386150 0.679688
vt 0.392850 0.679688
vt 0.392850 0.687500
vt 0.386150 0.687500
vt 0.386150 0.664062
vt 0.392850 0.664062
vt 0.392850 0.671875
vt 0.386150 0.671875
vt 0.399550 0.664062
vt 0.399550 0.671875
vt 0.386150 0.710938
vt 0.392850 0.710938
vt 0.392850 0.718750
vt 0.386150 0.718750
vt 0.386150 0.695312
vt 0.392850 0.695312
vt 0.392850 0.703125
vt 0.386150 0.703125
vt 0.399550 0.695312
vt 0.406250 0.695312
vt 0.399550 0.703125
vt 0.350450 0.710938
vt 0.357150 0.710938
vt 0.357150 0.718750
vt 0.350450 0.718750
vt 0.350450 0.695312
vt 0.357150 0.695312
vt 0.357150 0.703125
vt 0.350450 0.703125
vt 0.363850 0.695312
vt 0.370550 0.695312
vt 0.370550 0.703125
vt 0.363850 0.703125
vt 0.600450 0.304688
vt 0.607150 0.304688
vt 0.607150 0.312500
vt 0.600450 0.312500
vt 0.600450 0.289062
vt 0.607150 0.289062
vt 0.607150 0.296875
vt 0.600450 0.296875
vt 0.613850 0.289062
vt 0.620550 0.289062
vt 0.620550 0.296875
vt 0.613850 0.296875
vt 0.789062 0.524550
vt 0.796875 0.524550
vt 0.789062 0.511150
vt 0.796875 0.511150
vt 0.796875 0.517850
vt 0.789062 0.517850
vt 0.804688 0.511150
vt 0.812500 0.511150
vt 0.812500 0.517850
vt 0.804688 0.517850
vt 0.600450 0.335938
vt 0.607150 0.335938
vt 0.607150 0.343750
vt 0.600450 0.343750
vt 0.600450 0.320312
vt 0.607150 0.320312
vt 0.607150 0.328125
vt 0.600450 0.328125
vt 0.613850 0.320312
vt 0.620550 0.320312
vt 0.620550 0.328125
vt 0.613850 0.328125
vt 0.820312 0.524550
vt 0.828125 0.524550
vt 0.820312 0.531250
vt 0.820312 0.511150
vt 0.828125 0.511150
vt 0.828125 0.517850
vt 0.820312 0.517850
vt 0.835938 0.511150
vt 0.843750 0.511150
vt 0.843750 0.517850
vt 0.835938 0.517850
vt 0.850450 0.679688
vt 0.857150 0.679688
vt 0.857150 0.687500
vt 0.850450 0.687500
vt 0.850450 0.664062
vt 0.857150 0.664062
vt 0.857150 0.671875
vt 0.850450 0.671875
vt 0.863850 0.664062
vt 0.870550 0.664062
vt 0.870550 0.671875
vt 0.863850 0.671875
vt 0.600450 0.054688
vt 0.607150 0.054688
vt 0.607150 0.062500
vt 0.600450 0.062500
vt 0.600450 0.039062
vt 0.607150 0.039062
vt 0.607150 0.046875
vt 0.600450 0.046875
vt 0.613850 0.039062
vt 0.620550 0.039062
vt 0.620550 0.046875
vt 0.613850 0.046875
vt 0.600450 0.085938
vt 0.607150 0.085938
vt 0.607150 0.093750
vt 0.600450 0.093750
vt 0.600450 0.070312
vt 0.607150 0.070312
vt 0.607150 0.078125
vt 0.600450 0.078125
vt 0.613850 0.070312
vt 0.620550 0.070312
vt 0.620550 0.078125
vt 0.613850 0.078125
vt 0.850450 0.710938
vt 0.857150 0.710938
vt 0.857150 0.718750
vt 0.850450 0.718750
vt 0.850450 0.695312
vt 0.857150 0.695312
vt 0.857150 0.703125
vt 0.850450 0.703125
vt 0.863850 0.695312
vt 0.870550 0.695312
vt 0.870550 0.703125
vt 0.863850 0.703125
vt 0.164062 0.738850
vt 0.171875 0.738850
vt 0.171875 0.745550
vt 0.164062 0.745550
vt 0.164062 0.725450
vt 0.171875 0.725450
vt 0.171875 0.732150
vt 0.164062 0.732150
vt 0.179688 0.725450
vt 0.187500 0.725450
vt 0.187500 0.732150
vt 0.179688 0.732150
vt 0.386150 0.929688
vt 0.392850 0.929688
vt 0.392850 0.937500
vt 0.386150 0.937500
vt 0.386150 0.914062
vt 0.392850 0.914062
vt 0.392850 0.921875
vt 0.386150 0.921875
vt 0.399550 0.914062
vt 0.399550 0.921875
vt 0.195312 0.738850
vt 0.203125 0.738850
vt 0.203125 0.745550
vt 0.195312 0.745550
vt 0.195312 0.725450
vt 0.203125 0.725450
vt 0.203125 0.732150
vt 0.195312 0.732150
vt 0.210938 0.725450
vt 0.218750 0.725450
vt 0.218750 0.732150
vt 0.210938 0.732150
vt 0.386150 0.960938
vt 0.392850 0.960938
vt 0.392850 0.968750
vt 0.386150 0.968750
vt 0.386150 0.945312
vt 0.392850 0.945312
vt 0.392850 0.953125
vt 0.386150 0.953125
vt 0.399550 0.945312
vt 0.406250 0.945312
vt 0.399550 0.953125
vt 0.600450 0.554688
vt 0.607150 0.554688
vt 0.607150 0.562500
vt 0.600450 0.562500
vt 0.600450 0.539062
vt 0.607150 0.539062
vt 0.607150 0.546875
vt 0.600450 0.546875
vt 0.613850 0.539062
vt 0.620550 0.539062
vt 0.620550 0.546875
vt 0.613850 0.546875
vt 0.600450 0.585938
vt 0.607150 0.585938
vt 0.607150 0.593750
vt 0.600450 0.593750
vt 0.600450 0.570312
vt 0.607150 0.570312
vt 0.607150 0.578125
vt 0.600450 0.578125
vt 0.613850 0.570312
vt 0.620550 0.570312
vt 0.620550 0.578125
vt 0.613850 0.578125
vt 0.636150 0.585938
vt 0.642850 0.585938
vt 0.642850 0.593750
vt 0.636150 0.593750
vt 0.636150 0.570312
vt 0.642850 0.570312
vt 0.642850 0.578125
vt 0.636150 0.578125
vt 0.649550 0.570312
vt 0.649550 0.578125
vt 0.636150 0.554688
vt 0.642850 0.554688
vt 0.642850 0.562500
vt 0.636150 0.562500
vt 0.636150 0.539062
vt 0.642850 0.539062
vt 0.642850 0.546875
vt 0.636150 0.546875
vt 0.649550 0.539062
vt 0.656250 0.539062
vt 0.649550 0.546875
vt 0.600450 0.835938
vt 0.607150 0.835938
vt 0.607150 0.843750
vt 0.600450 0.843750
vt 0.600450 0.820312
vt 0.607150 0.820312
vt 0.607150 0.828125
vt 0.600450 0.828125
vt 0.613850 0.820312
vt 0.620550 0.820312
vt 0.620550 0.828125
vt 0.613850 0.828125
vt 0.695312 0.738850
vt 0.703125 0.738850
vt 0.703125 0.745550
vt 0.695312 0.745550
vt 0.695312 0.725450
vt 0.703125 0.725450
vt 0.703125 0.732150
vt 0.695312 0.732150
vt 0.710938 0.725450
vt 0.718750 0.725450
vt 0.718750 0.732150
vt 0.710938 0.732150
vt 0.664062 0.738850
vt 0.671875 0.738850
vt 0.671875 0.745550
vt 0.664062 0.745550
vt 0.664062 0.725450
vt 0.671875 0.725450
vt 0.671875 0.732150
vt 0.664062 0.732150
vt 0.679688 0.725450
vt 0.687500 0.725450
vt 0.687500 0.732150
vt 0.679688 0.732150
vt 0.600450 0.804688
vt 0.607150 0.804688
vt 0.607150 0.812500
vt 0.600450 0.812500
vt 0.600450 0.789062
vt 0.607150 0.789062
vt 0.607150 0.796875
vt 0.600450 0.796875
vt 0.613850 0.789062
vt 0.620550 0.789062
vt 0.620550 0.796875
vt 0.613850 0.796875
vt 0.570312 0.274550
vt 0.578125 0.274550
vt 0.570312 0.281250
vt 0.570312 0.261150
vt 0.578125 0.261150
vt 0.578125 0.267850
vt 0.570312 0.267850
vt 0.585938 0.261150
vt 0.593750 0.261150
vt 0.593750 0.267850
vt 0.585938 0.267850
vt 0.539062 0.274550
vt 0.546875 0.274550
vt 0.539062 0.261150
vt 0.546875 0.261150
vt 0.546875 0.267850
vt 0.539062 0.267850
vt 0.554688 0.261150
vt 0.562500 0.261150
vt 0.562500 0.267850
vt 0.554688 0.267850
vt 0.539062 0.238850
vt 0.546875 0.238850
vt 0.546875 0.245550
vt 0.539062 0.225450
vt 0.546875 0.225450
vt 0.546875 0.232150
vt 0.539062 0.232150
vt 0.554688 0.225450
vt 0.562500 0.225450
vt 0.562500 0.232150
vt 0.554688 0.232150
vt 0.570312 0.238850
vt 0.578125 0.238850
vt 0.578125 0.245550
vt 0.570312 0.225450
vt 0.578125 0.225450
vt 0.578125 0.232150
vt 0.570312 0.232150
vt 0.585938 0.225450
vt 0.593750 0.225450
vt 0.593750 0.232150
vt 0.585938 0.232150
vt 0.570312 0.774550
vt 0.578125 0.774550
vt 0.570312 0.781250
vt 0.570312 0.761150
vt 0.578125 0.761150
vt 0.578125 0.767850
vt 0.570312 0.767850
vt 0.585938 0.761150
vt 0.593750 0.761150
vt 0.593750 0.767850
vt 0.585938 0.767850
vt 0.539062 0.774550
vt 0.546875 0.774550
vt 0.539062 0.761150
vt 0.546875 0.761150
vt 0.546875 0.767850
vt 0.539062 0.767850
vt 0.554688 0.761150
vt 0.562500 0.761150
vt 0.562500 0.767850
vt 0.554688 0.767850
vt 0.539062 0.738850
vt 0.546875 0.738850
vt 0.546875 0.745550
vt 0.539062 0.725450
vt 0.546875 0.725450
vt 0.546875 0.732150
vt 0.539062 0.732150
vt 0.554688 0.725450
vt 0.562500 0.725450
vt 0.562500 0.732150
vt 0.554688 0.732150
vt 0.570312 0.738850
vt 0.578125 0.738850
vt 0.578125 0.745550
vt 0.570312 0.725450
vt 0.578125 0.725450
vt 0.578125 0.732150
vt 0.570312 0.732150
vt 0.585938 0.725450
vt 0.593750 0.725450
vt 0.593750 0.732150
vt 0.585938 0.732150
vt 0.445312 0.024550
vt 0.453125 0.024550
vt 0.445312 0.011150
vt 0.453125 0.011150
vt 0.453125 0.017850
vt 0.445312 0.017850
vt 0.460938 0.011150
vt 0.468750 0.011150
vt 0.468750 0.017850
vt 0.460938 0.017850
vt 0.445312 0.988850
vt 0.453125 0.988850
vt 0.453125 0.995550
vt 0.445312 0.995550
vt 0.445312 0.975450
vt 0.453125 0.975450
vt 0.453125 0.982150
vt 0.445312 0.982150
vt 0.460938 0.975450
vt 0.468750 0.975450
vt 0.468750 0.982150
vt 0.460938 0.982150
vt 0.414062 0.988850
vt 0.421875 0.988850
vt 0.421875 0.995550
vt 0.414062 0.995550
vt 0.414062 0.975450
vt 0.421875 0.975450
vt 0.421875 0.982150
vt 0.414062 0.982150
vt 0.429688 0.975450
vt 0.437500 0.975450
vt 0.437500 0.982150
vt 0.429688 0.982150
vt 0.414062 0.024550
vt 0.421875 0.024550
vt 0.414062 0.031250
vt 0.414062 0.011150
vt 0.421875 0.011150
vt 0.421875 0.017850
vt 0.414062 0.017850
vt 0.429688 0.011150
vt 0.437500 0.011150
vt 0.437500 0.017850
vt 0.429688 0.017850
vt 0.570312 0.524550
vt 0.578125 0.524550
vt 0.570312 0.531250
vt 0.570312 0.511150
vt 0.578125 0.511150
vt 0.578125 0.517850
vt 0.570312 0.517850
vt 0.585938 0.511150
vt 0.593750 0.511150
vt 0.593750 0.517850
vt 0.585938 0.517850
vt 0.539062 0.524550
vt 0.546875 0.524550
vt 0.539062 0.511150
vt 0.546875 0.511150
vt 0.546875 0.517850
vt 0.539062 0.517850
vt 0.554688 0.511150
vt 0.562500 0.511150
vt 0.562500 0.517850
vt 0.554688 0.517850
vt 0.539062 0.488850
vt 0.546875 0.488850
vt 0.546875 0.495550
vt 0.539062 0.475450
vt 0.546875 0.475450
vt 0.546875 0.482150
vt 0.539062 0.482150
vt 0.554688 0.475450
vt 0.562500 0.475450
vt 0.562500 0.482150
vt 0.554688 0.482150
vt 0.570312 0.488850
vt 0.578125 0.488850
vt 0.578125 0.495550
vt 0.570312 0.475450
vt 0.578125 0.475450
vt 0.578125 0.482150
vt 0.570312 0.482150
vt 0.585938 0.475450
vt 0.593750 0.475450
vt 0.593750 0.482150
vt 0.585938 0.482150
vt 0.289062 0.524550
vt 0.296875 0.524550
vt 0.289062 0.511150
vt 0.296875 0.511150
vt 0.296875 0.517850
vt 0.289062 0.517850
vt 0.304688 0.511150
vt 0.312500 0.511150
vt 0.312500 0.517850
vt 0.304688 0.517850
vt 0.386150 0.429688
vt 0.392850 0.429688
vt 0.392850 0.437500
vt 0.386150 0.437500
vt 0.386150 0.414062
vt 0.392850 0.414062
vt 0.392850 0.421875
vt 0.386150 0.421875
vt 0.399550 0.414062
vt 0.399550 0.421875
vt 0.386150 0.460938
vt 0.392850 0.460938
vt 0.392850 0.468750
vt 0.386150 0.468750
vt 0.386150 0.445312
vt 0.392850 0.445312
vt 0.392850 0.453125
vt 0.386150 0.453125
vt 0.399550 0.445312
vt 0.406250 0.445312
vt 0.399550 0.453125
vt 0.320312 0.524550
vt 0.328125 0.524550
vt 0.320312 0.531250
vt 0.320312 0.511150
vt 0.328125 0.511150
vt 0.328125 0.517850
vt 0.320312 0.517850
vt 0.335938 0.511150
vt 0.343750 0.511150
vt 0.343750 0.517850
vt 0.335938 0.517850
vt 0.136150 0.554688
vt 0.142850 0.554688
vt 0.142850 0.562500
vt 0.136150 0.562500
vt 0.136150 0.539062
vt 0.142850 0.539062
vt 0.142850 0.546875
vt 0.136150 0.546875
vt 0.149550 0.539062
vt 0.156250 0.539062
vt 0.149550 0.546875
vt 0.386150 0.179688
vt 0.392850 0.179688
vt 0.392850 0.187500
vt 0.386150 0.187500
vt 0.386150 0.164062
vt 0.392850 0.164062
vt 0.392850 0.171875
vt 0.386150 0.171875
vt 0.399550 0.164062
vt 0.399550 0.171875
vt 0.136150 0.585938
vt 0.142850 0.585938
vt 0.142850 0.593750
vt 0.136150 0.593750
vt 0.136150 0.570312
vt 0.142850 0.570312
vt 0.142850 0.578125
vt 0.136150 0.578125
vt 0.149550 0.570312
vt 0.149550 0.578125
vt 0.386150 0.210938
vt 0.392850 0.210938
vt 0.392850 0.218750
vt 0.386150 0.218750
vt 0.386150 0.195312
vt 0.392850 0.195312
vt 0.392850 0.203125
vt 0.386150 0.203125
vt 0.399550 0.195312
vt 0.406250 0.195312
vt 0.399550 0.203125
vt 0.350450 0.554688
vt 0.357150 0.554688
vt 0.357150 0.562500
vt 0.350450 0.562500
vt 0.350450 0.539062
vt 0.357150 0.539062
vt 0.357150 0.546875
vt 0.350450 0.546875
vt 0.363850 0.539062
vt 0.370550 0.539062
vt 0.370550 0.546875
vt 0.363850 0.546875
vt 0.386150 0.554688
vt 0.392850 0.554688
vt 0.392850 0.562500
vt 0.386150 0.562500
vt 0.386150 0.539062
vt 0.392850 0.539062
vt 0.392850 0.546875
vt 0.386150 0.546875
vt 0.399550 0.539062
vt 0.406250 0.539062
vt 0.399550 0.546875
vt 0.386150 0.585938
vt 0.392850 0.585938
vt 0.392850 0.593750
vt 0.386150 0.593750
vt 0.386150 0.570312
vt 0.392850 0.570312
vt 0.392850 0.578125
vt 0.386150 0.578125
vt 0.399550 0.570312
vt 0.399550 0.578125
vt 0.350450 0.585938
vt 0.357150 0.585938
vt 0.357150 0.593750
vt 0.350450 0.593750
vt 0.350450 0.570312
vt 0.357150 0.570312
vt 0.357150 0.578125
vt 0.350450 0.578125
vt 0.363850 0.570312
vt 0.370550 0.570312
vt 0.370550 0.578125
vt 0.363850 0.578125
vt 0.600450 0.429688
vt 0.607150 0.429688
vt 0.607150 0.437500
vt 0.600450 0.437500
vt 0.600450 0.414062
vt 0.607150 0.414062
vt 0.607150 0.421875
vt 0.600450 0.421875
vt 0.613850 0.414062
vt 0.620550 0.414062
vt 0.620550 0.421875
vt 0.613850 0.421875
vt 0.664062 0.524550
vt 0.671875 0.524550
vt 0.664062 0.531250
vt 0.664062 0.511150
vt 0.671875 0.511150
vt 0.671875 0.517850
vt 0.664062 0.517850
vt 0.679688 0.511150
vt 0.687500 0.511150
vt 0.687500 0.517850
vt 0.679688 0.517850
vt 0.600450 0.460938
vt 0.607150 0.460938
vt 0.607150 0.468750
vt 0.600450 0.468750
vt 0.600450 0.445312
vt 0.607150 0.445312
vt 0.607150 0.453125
vt 0.600450 0.453125
vt 0.613850 0.445312
vt 0.620550 0.445312
vt 0.620550 0.453125
vt 0.613850 0.453125
vt 0.695312 0.524550
vt 0.703125 0.524550
vt 0.695312 0.511150
vt 0.703125 0.511150
vt 0.703125 0.517850
vt 0.695312 0.517850
vt 0.710938 0.511150
vt 0.718750 0.511150
vt 0.718750 0.517850
vt 0.710938 0.517850
vt 0.600450 0.179688
vt 0.607150 0.179688
vt 0.607150 0.187500
vt 0.600450 0.187500
vt 0.600450 0.164062
vt 0.607150 0.164062
vt 0.607150 0.171875
vt 0.600450 0.171875
vt 0.613850 0.164062
vt 0.620550 0.164062
vt 0.620550 0.171875
vt 0.613850 0.171875
vt 0.850450 0.554688
vt 0.857150 0.554688
vt 0.857150 0.562500
vt 0.850450 0.562500
vt 0.850450 0.539062
vt 0.857150 0.539062
vt 0.857150 0.546875
vt 0.850450 0.546875
vt 0.863850 0.539062
vt 0.870550 0.539062
vt 0.870550 0.546875
vt 0.863850 0.546875
vt 0.600450 0.210938
vt 0.607150 0.210938
vt 0.607150 0.218750
vt 0.600450 0.218750
vt 0.600450 0.195312
vt 0.607150 0.195312
vt 0.607150 0.203125
vt 0.600450 0.203125
vt 0.613850 0.195312
vt 0.620550 0.195312
vt 0.620550 0.203125
vt 0.613850 0.203125
vt 0.850450 0.585938
vt 0.857150 0.585938
vt 0.857150 0.593750
vt 0.850450 0.593750
vt 0.850450 0.570312
vt 0.857150 0.570312
vt 0.857150 0.578125
vt 0.850450 0.578125
vt 0.863850 0.570312
vt 0.870550 0.570312
vt 0.870550 0.578125
vt 0.863850 0.578125
vt 0.289062 0.738850
vt 0.296875 0.738850
vt 0.296875 0.745550
vt 0.289062 0.745550
vt 0.289062 0.725450
vt 0.296875 0.725450
vt 0.296875 0.732150
vt 0.289062 0.732150
vt 0.304688 0.725450
vt 0.312500 0.725450
vt 0.312500 0.732150
vt 0.304688 0.732150
vt 0.386150 0.804688
vt 0.392850 0.804688
vt 0.392850 0.812500
vt 0.386150 0.812500
vt 0.386150 0.789062
vt 0.392850 0.789062
vt 0.392850 0.796875
vt 0.386150 0.796875
vt 0.399550 0.789062
vt 0.406250 0.789062
vt 0.399550 0.796875
vt 0.320312 0.738850
vt 0.328125 0.738850
vt 0.328125 0.745550
vt 0.320312 0.745550
vt 0.320312 0.725450
vt 0.328125 0.725450
vt 0.328125 0.732150
vt 0.320312 0.732150
vt 0.335938 0.725450
vt 0.343750 0.725450
vt 0.343750 0.732150
vt 0.335938 0.732150
vt 0.386150 0.835938
vt 0.392850 0.835938
vt 0.392850 0.843750
vt 0.386150 0.843750
vt 0.386150 0.820312
vt 0.392850 0.820312
vt 0.392850 0.828125
vt 0.386150 0.828125
vt 0.399550 0.820312
vt 0.399550 0.828125
vt 0.600450 0.679688
vt 0.607150 0.679688
vt 0.607150 0.687500
vt 0.600450 0.687500
vt 0.600450 0.664062
vt 0.607150 0.664062
vt 0.607150 0.671875
vt 0.600450 0.671875
vt 0.613850 0.664062
vt 0.620550 0.664062
vt 0.620550 0.671875
vt 0.613850 0.671875
vt 0.600450 0.710938
vt 0.607150 0.710938
vt 0.607150 0.718750
vt 0.600450 0.718750
vt 0.600450 0.695312
vt 0.607150 0.695312
vt 0.607150 0.703125
vt 0.600450 0.703125
vt 0.613850 0.695312
vt 0.620550 0.695312
vt 0.620550 0.703125
vt 0.613850 0.703125
vt 0.636150 0.710938
vt 0.642850 0.710938
vt 0.642850 0.718750
vt 0.636150 0.718750
vt 0.636150 0.695312
vt 0.642850 0.695312
vt 0.642850 0.703125
vt 0.636150 0.703125
vt 0.649550 0.695312
vt 0.656250 0.695312
vt 0.649550 0.703125
vt 0.636150 0.679688
vt 0.642850 0.679688
vt 0.642850 0.687500
vt 0.636150 0.687500
vt 0.636150 0.664062
vt 0.642850 0.664062
vt 0.642850 0.671875
vt 0.636150 0.671875
vt 0.649550 0.664062
vt 0.649550 0.671875
vt 0.600450 0.929688
vt 0.607150 0.929688
vt 0.607150 0.937500
vt 0.600450 0.937500
vt 0.600450 0.914062
vt 0.607150 0.914062
vt 0.607150 0.921875
vt 0.600450 0.921875
vt 0.613850 0.914062
vt 0.620550 0.914062
vt 0.620550 0.921875
vt 0.613850 0.921875
vt 0.600450 0.960938
vt 0.607150 0.960938
vt 0.607150 0.968750
vt 0.600450 0.968750
vt 0.600450 0.945312
vt 0.607150 0.945312
vt 0.607150 0.953125
vt 0.600450 0.953125
vt 0.613850 0.945312
vt 0.620550 0.945312
vt 0.620550 0.953125
vt 0.613850 0.953125
vt 0.820312 0.738850
vt 0.828125 0.738850
vt 0.828125 0.745550
vt 0.820312 0.745550
vt 0.820312 0.725450
vt 0.828125 0.725450
vt 0.828125 0.732150
vt 0.820312 0.732150
vt 0.835938 0.725450
vt 0.843750 0.725450
vt 0.843750 0.732150
vt 0.835938 0.732150
vt 0.789062 0.738850
vt 0.796875 0.738850
vt 0.796875 0.745550
vt 0.789062 0.745550
vt 0.789062 0.725450
vt 0.796875 0.725450
vt 0.796875 0.732150
vt 0.789062 0.732150
vt 0.804688 0.725450
vt 0.812500 0.725450
vt 0.812500 0.732150
vt 0.804688 0.732150
vt 0.445312 0.274550
vt 0.453125 0.274550
vt 0.445312 0.261150
vt 0.453125 0.261150
vt 0.453125 0.267850
vt 0.445312 0.267850
vt 0.460938 0.261150
vt 0.468750 0.261150
vt 0.468750 0.267850
vt 0.460938 0.267850
vt 0.414062 0.274550
vt 0.421875 0.274550
vt 0.414062 0.281250
vt 0.414062 0.261150
vt 0.421875 0.261150
vt 0.421875 0.267850
vt 0.414062 0.267850
vt 0.429688 0.261150
vt 0.437500 0.261150
vt 0.437500 0.267850
vt 0.429688 0.267850
vt 0.414062 0.238850
vt 0.421875 0.238850
vt 0.421875 0.245550
vt 0.414062 0.225450
vt 0.421875 0.225450
vt 0.421875 0.232150
vt 0.414062 0.232150
vt 0.429688 0.225450
vt 0.437500 0.225450
vt 0.437500 0.232150
vt 0.429688 0.232150
vt 0.445312 0.238850
vt 0.453125 0.238850
vt 0.453125 0.245550
vt 0.445312 0.225450
vt 0.453125 0.225450
vt 0.453125 0.232150
vt 0.445312 0.232150
vt 0.460938 0.225450
vt 0.468750 0.225450
vt 0.468750 0.232150
vt 0.460938 0.232150
vt 0.445312 0.774550
vt 0.453125 0.774550
vt 0.445312 0.761150
vt 0.453125 0.761150
vt 0.453125 0.767850
vt 0.445312 0.767850
vt 0.460938 0.761150
vt 0.468750 0.761150
vt 0.468750 0.767850
vt 0.460938 0.767850
vt 0.414062 0.774550
vt 0.421875 0.774550
vt 0.414062 0.781250
vt 0.414062 0.761150
vt 0.421875 0.761150
vt 0.421875 0.767850
vt 0.414062 0.767850
vt 0.429688 0.761150
vt 0.437500 0.761150
vt 0.437500 0.767850
vt 0.429688 0.767850
vt 0.414062 0.738850
vt 0.421875 0.738850
vt 0.421875 0.745550
vt 0.414062 0.725450
vt 0.421875 0.725450
vt 0.421875 0.732150
vt 0.414062 0.732150
vt 0.429688 0.725450
vt 0.437500 0.725450
vt 0.437500 0.732150
vt 0.429688 0.732150
vt 0.445312 0.738850
vt 0.453125 0.738850
vt 0.453125 0.745550
vt 0.445312 0.725450
vt 0.453125 0.725450
vt 0.453125 0.732150
vt 0.445312 0.732150
vt 0.460938 0.725450
vt 0.468750 0.725450
vt 0.468750 0.732150
vt 0.460938 0.732150
vt 0.570312 0.024550
vt 0.578125 0.024550
vt 0.570312 0.031250
vt 0.570312 0.011150
vt 0.578125 0.011150
vt 0.578125 0.017850
vt 0.570312 0.017850
vt 0.585938 0.011150
vt 0.593750 0.011150
vt 0.593750 0.017850
vt 0.585938 0.017850
vt 0.570312 0.988850
vt 0.578125 0.988850
vt 0.578125 0.995550
vt 0.570312 0.995550
vt 0.570312 0.975450
vt 0.578125 0.975450
vt 0.578125 0.982150
vt 0.570312 0.982150
vt 0.585938 0.975450
vt 0.593750 0.975450
vt 0.593750 0.982150
vt 0.585938 0.982150
vt 0.539062 0.988850
vt 0.546875 0.988850
vt 0.546875 0.995550
vt 0.539062 0.995550
vt 0.539062 0.975450
vt 0.546875 0.975450
vt 0.546875 0.982150
vt 0.539062 0.982150
vt 0.554688 0.975450
vt 0.562500 0.975450
vt 0.562500 0.982150
vt 0.554688 0.982150
vt 0.539062 0.024550
vt 0.546875 0.024550
vt 0.539062 0.011150
vt 0.546875 0.011150
vt 0.546875 0.017850
vt 0.539062 0.017850
vt 0.554688 0.011150
vt 0.562500 0.011150
vt 0.562500 0.017850
vt 0.554688 0.017850
vt 0.445312 0.524550
vt 0.453125 0.524550
vt 0.445312 0.511150
vt 0.453125 0.511150
vt 0.453125 0.517850
vt 0.445312 0.517850
vt 0.460938 0.511150
vt 0.468750 0.511150
vt 0.468750 0.517850
vt 0.460938 0.517850
vt 0.414062 0.524550
vt 0.421875 0.524550
vt 0.414062 0.531250
vt 0.414062 0.511150
vt 0.421875 0.511150
vt 0.421875 0.517850
vt 0.414062 0.517850
vt 0.429688 0.511150
vt 0.437500 0.511150
vt 0.437500 0.517850
vt 0.429688 0.517850
vt 0.414062 0.488850
vt 0.421875 0.488850
vt 0.421875 0.495550
vt 0.414062 0.475450
vt 0.421875 0.475450
vt 0.421875 0.482150
vt 0.414062 0.482150
vt 0.429688 0.475450
vt 0.437500 0.475450
vt 0.437500 0.482150
vt 0.429688 0.482150
vt 0.445312 0.488850
vt 0.453125 0.488850
vt 0.453125 0.495550
vt 0.445312 0.475450
vt 0.453125 0.475450
vt 0.453125 0.482150
vt 0.445312 0.482150
vt 0.460938 0.475450
vt 0.468750 0.475450
vt 0.468750 0.482150
vt 0.460938 0.482150
vt 0.164062 0.524550
vt 0.171875 0.524550
vt 0.164062 0.531250
vt 0.164062 0.511150
vt 0.171875 0.511150
vt 0.171875 0.517850
vt 0.164062 0.517850
vt 0.179688 0.511150
vt 0.187500 0.511150
vt 0.187500 0.517850
vt 0.179688 0.517850
vt 0.386150 0.304688
vt 0.392850 0.304688
vt 0.392850 0.312500
vt 0.386150 0.312500
vt 0.386150 0.289062
vt 0.392850 0.289062
vt 0.392850 0.296875
vt 0.386150 0.296875
vt 0.399550 0.289062
vt 0.406250 0.289062
vt 0.399550 0.296875
vt 0.386150 0.335938
vt 0.392850 0.335938
vt 0.392850 0.343750
vt 0.386150 0.343750
vt 0.386150 0.320312
vt 0.392850 0.320312
vt 0.392850 0.328125
vt 0.386150 0.328125
vt 0.399550 0.320312
vt 0.399550 0.328125
vt 0.195312 0.524550
vt 0.203125 0.524550
vt 0.195312 0.511150
vt 0.203125 0.511150
vt 0.203125 0.517850
vt 0.195312 0.517850
vt 0.210938 0.511150
vt 0.218750 0.511150
vt 0.218750 0.517850
vt 0.210938 0.517850
vt 0.136150 0.679688
vt 0.142850 0.679688
vt 0.142850 0.687500
vt 0.136150 0.687500
vt 0.136150 0.664062
vt 0.142850 0.664062
vt 0.142850 0.671875
vt 0.136150 0.671875
vt 0.149550 0.664062
vt 0.149550 0.671875
vt 0.386150 0.054688
vt 0.392850 0.054688
vt 0.392850 0.062500
vt 0.386150 0.062500
vt 0.386150 0.039062
vt 0.392850 0.039062
vt 0.392850 0.046875
vt 0.386150 0.046875
vt 0.399550 0.039062
vt 0.406250 0.039062
vt 0.399550 0.046875
vt 0.136150 0.710938
vt 0.142850 0.710938
vt 0.142850 0.718750
vt 0.136150 0.718750
vt 0.136150 0.695312
vt 0.142850 0.695312
vt 0.142850 0.703125
vt 0.136150 0.703125
vt 0.149550 0.695312
vt 0.156250 0.695312
vt 0.149550 0.703125
vt 0.386150 0.085938
vt 0.392850 0.085938
vt 0.392850 0.093750
vt 0.386150 0.093750
vt 0.386150 0.070312
vt 0.392850 0.070312
vt 0.392850 0.078125
vt 0.386150 0.078125
vt 0.399550 0.070312
vt 0.399550 0.078125
vt 0.350450 0.648438
vt 0.357150 0.648438
vt 0.357150 0.656250
vt 0.350450 0.656250
vt 0.350450 0.632812
vt 0.357150 0.632812
vt 0.357150 0.640625
vt 0.350450 0.640625
vt 0.363850 0.632812
vt 0.370550 0.632812
vt 0.370550 0.640625
vt 0.363850 0.640625
vt 0.350450 0.617188
vt 0.357150 0.617188
vt 0.357150 0.625000
vt 0.350450 0.625000
vt 0.350450 0.601562
vt 0.357150 0.601562
vt 0.357150 0.609375
vt 0.350450 0.609375
vt 0.363850 0.601562
vt 0.370550 0.601562
vt 0.370550 0.609375
vt 0.363850 0.609375
vt 0.386150 0.617188
vt 0.392850 0.617188
vt 0.392850 0.625000
vt 0.386150 0.625000
vt 0.386150 0.601562
vt 0.392850 0.601562
vt 0.392850 0.609375
vt 0.386150 0.609375
vt 0.399550 0.601562
vt 0.399550 0.609375
vt 0.386150 0.648438
vt 0.392850 0.648438
vt 0.392850 0.656250
vt 0.386150 0.656250
vt 0.386150 0.632812
vt 0.392850 0.632812
vt 0.392850 0.640625
vt 0.386150 0.640625
vt 0.399550 0.632812
vt 0.399550 0.640625
vt 0.726562 0.524550
vt 0.734375 0.524550
vt 0.726562 0.511150
vt 0.734375 0.511150
vt 0.734375 0.517850
vt 0.726562 0.517850
vt 0.742188 0.511150
vt 0.750000 0.511150
vt 0.750000 0.517850
vt 0.742188 0.517850
vt 0.600450 0.367188
vt 0.607150 0.367188
vt 0.607150 0.375000
vt 0.600450 0.375000
vt 0.600450 0.351562
vt 0.607150 0.351562
vt 0.607150 0.359375
vt 0.600450 0.359375
vt 0.613850 0.351562
vt 0.620550 0.351562
vt 0.620550 0.359375
vt 0.613850 0.359375
vt 0.600450 0.398438
vt 0.607150 0.398438
vt 0.607150 0.406250
vt 0.600450 0.406250
vt 0.600450 0.382812
vt 0.607150 0.382812
vt 0.607150 0.390625
vt 0.600450 0.390625
vt 0.613850 0.382812
vt 0.620550 0.382812
vt 0.620550 0.390625
vt 0.613850 0.390625
vt 0.757812 0.524550
vt 0.765625 0.524550
vt 0.757812 0.511150
vt 0.765625 0.511150
vt 0.765625 0.517850
vt 0.757812 0.517850
vt 0.773438 0.511150
vt 0.781250 0.511150
vt 0.781250 0.517850
vt 0.773438 0.517850
vt 0.850450 0.617188
vt 0.857150 0.617188
vt 0.857150 0.625000
vt 0.850450 0.625000
vt 0.850450 0.601562
vt 0.857150 0.601562
vt 0.857150 0.609375
vt 0.850450 0.609375
vt 0.863850 0.601562
vt 0.870550 0.601562
vt 0.870550 0.609375
vt 0.863850 0.609375
vt 0.600450 0.117188
vt 0.607150 0.117188
vt 0.607150 0.125000
vt 0.600450 0.125000
vt 0.600450 0.101562
vt 0.607150 0.101562
vt 0.607150 0.109375
vt 0.600450 0.109375
vt 0.613850 0.101562
vt 0.620550 0.101562
vt 0.620550 0.109375
vt 0.613850 0.109375
vt 0.600450 0.148438
vt 0.607150 0.148438
vt 0.607150 0.156250
vt 0.600450 0.156250
vt 0.600450 0.132812
vt 0.607150 0.132812
vt 0.607150 0.140625
vt 0.600450 0.140625
vt 0.613850 0.132812
vt 0.620550 0.132812
vt 0.620550 0.140625
vt 0.613850 0.140625
vt 0.850450 0.648438
vt 0.857150 0.648438
vt 0.857150 0.656250
vt 0.850450 0.656250
vt 0.850450 0.632812
vt 0.857150 0.632812
vt 0.857150 0.640625
vt 0.850450 0.640625
vt 0.863850 0.632812
vt 0.870550 0.632812
vt 0.870550 0.640625
vt 0.863850 0.640625
vt 0.257812 0.738850
vt 0.265625 0.738850
vt 0.265625 0.745550
vt 0.257812 0.745550
vt 0.257812 0.725450
vt 0.265625 0.725450
vt 0.265625 0.732150
vt 0.257812 0.732150
vt 0.273438 0.725450
vt 0.281250 0.725450
vt 0.281250 0.732150
vt 0.273438 0.732150
vt 0.226562 0.738850
vt 0.234375 0.738850
vt 0.234375 0.745550
vt 0.226562 0.745550
vt 0.226562 0.725450
vt 0.234375 0.725450
vt 0.234375 0.732150
vt 0.226562 0.732150
vt 0.242188 0.725450
vt 0.250000 0.725450
vt 0.250000 0.732150
vt 0.242188 0.732150
vt 0.386150 0.867188
vt 0.392850 0.867188
vt 0.392850 0.875000
vt 0.386150 0.875000
vt 0.386150 0.851562
vt 0.392850 0.851562
vt 0.392850 0.859375
vt 0.386150 0.859375
vt 0.399550 0.851562
vt 0.399550 0.859375
vt 0.386150 0.898438
vt 0.392850 0.898438
vt 0.392850 0.906250
vt 0.386150 0.906250
vt 0.386150 0.882812
vt 0.392850 0.882812
vt 0.392850 0.890625
vt 0.386150 0.890625
vt 0.399550 0.882812
vt 0.399550 0.890625
vt 0.600450 0.617188
vt 0.607150 0.617188
vt 0.607150 0.625000
vt 0.600450 0.625000
vt 0.600450 0.601562
vt 0.607150 0.601562
vt 0.607150 0.609375
vt 0.600450 0.609375
vt 0.613850 0.601562
vt 0.620550 0.601562
vt 0.620550 0.609375
vt 0.613850 0.609375
vt 0.600450 0.648438
vt 0.607150 0.648438
vt 0.607150 0.656250
vt 0.600450 0.656250
vt 0.600450 0.632812
vt 0.607150 0.632812
vt 0.607150 0.640625
vt 0.600450 0.640625
vt 0.613850 0.632812
vt 0.620550 0.632812
vt 0.620550 0.640625
vt 0.613850 0.640625
vt 0.636150 0.648438
vt 0.642850 0.648438
vt 0.642850 0.656250
vt 0.636150 0.656250
vt 0.636150 0.632812
vt 0.642850 0.632812
vt 0.642850 0.640625
vt 0.636150 0.640625
vt 0.649550 0.632812
vt 0.649550 0.640625
vt 0.636150 0.617188
vt 0.642850 0.617188
vt 0.642850 0.625000
vt 0.636150 0.625000
vt 0.636150 0.601562
vt 0.642850 0.601562
vt 0.642850 0.609375
vt 0.636150 0.609375
vt 0.649550 0.601562
vt 0.649550 0.609375
vt 0.600450 0.867188
vt 0.607150 0.867188
vt 0.607150 0.875000
vt 0.600450 0.875000
vt 0.600450 0.851562
vt 0.607150 0.851562
vt 0.607150 0.859375
vt 0.600450 0.859375
vt 0.613850 0.851562
vt 0.620550 0.851562
vt 0.620550 0.859375
vt 0.613850 0.859375
vt 0.600450 0.898438
vt 0.607150 0.898438
vt 0.607150 0.906250
vt 0.600450 0.906250
vt 0.600450 0.882812
vt 0.607150 0.882812
vt 0.607150 0.890625
vt 0.600450 0.890625
vt 0.613850 0.882812
vt 0.620550 0.882812
vt 0.620550 0.890625
vt 0.613850 0.890625
vt 0.757812 0.738850
vt 0.765625 0.738850
vt 0.765625 0.745550
vt 0.757812 0.745550
vt 0.757812 0.725450
vt 0.765625 0.725450
vt 0.765625 0.732150
vt 0.757812 0.732150
vt 0.773438 0.725450
vt 0.781250 0.725450
vt 0.781250 0.732150
vt 0.773438 0.732150
vt 0.726562 0.738850
vt 0.734375 0.738850
vt 0.734375 0.745550
vt 0.726562 0.745550
vt 0.726562 0.725450
vt 0.734375 0.725450
vt 0.734375 0.732150
vt 0.726562 0.732150
vt 0.742188 0.725450
vt 0.750000 0.725450
vt 0.750000 0.732150
vt 0.742188 0.732150
vt 0.476562 0.274550
vt 0.484375 0.274550
vt 0.476562 0.261150
vt 0.484375 0.261150
vt 0.484375 0.267850
vt 0.476562 0.267850
vt 0.492188 0.261150
vt 0.500000 0.261150
vt 0.500000 0.267850
vt 0.492188 0.267850
vt 0.476562 0.238850
vt 0.484375 0.238850
vt 0.484375 0.245550
vt 0.476562 0.225450
vt 0.484375 0.225450
vt 0.484375 0.232150
vt 0.476562 0.232150
vt 0.492188 0.225450
vt 0.500000 0.225450
vt 0.500000 0.232150
vt 0.492188 0.232150
vt 0.507812 0.238850
vt 0.515625 0.238850
vt 0.515625 0.245550
vt 0.507812 0.225450
vt 0.515625 0.225450
vt 0.515625 0.232150
vt 0.507812 0.232150
vt 0.523438 0.225450
vt 0.531250 0.225450
vt 0.531250 0.232150
vt 0.523438 0.232150
vt 0.507812 0.274550
vt 0.515625 0.274550
vt 0.507812 0.261150
vt 0.515625 0.261150
vt 0.515625 0.267850
vt 0.507812 0.267850
vt 0.523438 0.261150
vt 0.531250 0.261150
vt 0.531250 0.267850
vt 0.523438 0.267850
vt 0.476562 0.774550
vt 0.484375 0.774550
vt 0.476562 0.761150
vt 0.484375 0.761150
vt 0.484375 0.767850
vt 0.476562 0.767850
vt 0.492188 0.761150
vt 0.500000 0.761150
vt 0.500000 0.767850
vt 0.492188 0.767850
vt 0.476562 0.738850
vt 0.484375 0.738850
vt 0.484375 0.745550
vt 0.476562 0.725450
vt 0.484375 0.725450
vt 0.484375 0.732150
vt 0.476562 0.732150
vt 0.492188 0.725450
vt 0.500000 0.725450
vt 0.500000 0.732150
vt 0.492188 0.732150
vt 0.507812 0.738850
vt 0.515625 0.738850
vt 0.515625 0.745550
vt 0.507812 0.725450
vt 0.515625 0.725450
vt 0.515625 0.732150
vt 0.507812 0.732150
vt 0.523438 0.725450
vt 0.531250 0.725450
vt 0.531250 0.732150
vt 0.523438 0.732150
vt 0.507812 0.774550
vt 0.515625 0.774550
vt 0.507812 0.761150
vt 0.515625 0.761150
vt 0.515625 0.767850
vt 0.507812 0.767850
vt 0.523438 0.761150
vt 0.531250 0.761150
vt 0.531250 0.767850
vt 0.523438 0.767850
vt 0.507812 0.024550
vt 0.515625 0.024550
vt 0.507812 0.011150
vt 0.515625 0.011150
vt 0.515625 0.017850
vt 0.507812 0.017850
vt 0.523438 0.011150
vt 0.531250 0.011150
vt 0.531250 0.017850
vt 0.523438 0.017850
vt 0.507812 0.988850
vt 0.515625 0.988850
vt 0.515625 0.995550
vt 0.507812 0.995550
vt 0.507812 0.975450
vt 0.515625 0.975450
vt 0.515625 0.982150
vt 0.507812 0.982150
vt 0.523438 0.975450
vt 0.531250 0.975450
vt 0.531250 0.982150
vt 0.523438 0.982150
vt 0.476562 0.988850
vt 0.484375 0.988850
vt 0.484375 0.995550
vt 0.476562 0.995550
vt 0.476562 0.975450
vt 0.484375 0.975450
vt 0.484375 0.982150
vt 0.476562 0.982150
vt 0.492188 0.975450
vt 0.500000 0.975450
vt 0.500000 0.982150
vt 0.492188 0.982150
vt 0.476562 0.024550
vt 0.484375 0.024550
vt 0.476562 0.011150
vt 0.484375 0.011150
vt 0.484375 0.017850
vt 0.476562 0.017850
vt 0.492188 0.011150
vt 0.500000 0.011150
vt 0.500000 0.017850
vt 0.492188 0.017850
vt 0.476562 0.524550
vt 0.484375 0.524550
vt 0.476562 0.511150
vt 0.484375 0.511150
vt 0.484375 0.517850
vt 0.476562 0.517850
vt 0.492188 0.511150
vt 0.500000 0.511150
vt 0.500000 0.517850
vt 0.492188 0.517850
vt 0.476562 0.488850
vt 0.484375 0.488850
vt 0.484375 0.495550
vt 0.476562 0.475450
vt 0.484375 0.475450
vt 0.484375 0.482150
vt 0.476562 0.482150
vt 0.492188 0.475450
vt 0.500000 0.475450
vt 0.500000 0.482150
vt 0.492188 0.482150
vt 0.507812 0.488850
vt 0.515625 0.488850
vt 0.515625 0.495550
vt 0.507812 0.475450
vt 0.515625 0.475450
vt 0.515625 0.482150
vt 0.507812 0.482150
vt 0.523438 0.475450
vt 0.531250 0.475450
vt 0.531250 0.482150
vt 0.523438 0.482150
vt 0.507812 0.524550
vt 0.515625 0.524550
vt 0.507812 0.511150
vt 0.515625 0.511150
vt 0.515625 0.517850
vt 0.507812 0.517850
vt 0.523438 0.511150
vt 0.531250 0.511150
vt 0.531250 0.517850
vt 0.523438 0.517850
vt 0.226562 0.524550
vt 0.234375 0.524550
vt 0.226562 0.511150
vt 0.234375 0.511150
vt 0.234375 0.517850
vt 0.226562 0.517850
vt 0.242188 0.511150
vt 0.250000 0.511150
vt 0.250000 0.517850
vt 0.242188 0.517850
vt 0.386150 0.367188
vt 0.392850 0.367188
vt 0.392850 0.375000
vt 0.386150 0.375000
vt 0.386150 0.351562
vt 0.392850 0.351562
vt 0.392850 0.359375
vt 0.386150 0.359375
vt 0.399550 0.351562
vt 0.399550 0.359375
vt 0.386150 0.398438
vt 0.392850 0.398438
vt 0.392850 0.406250
vt 0.386150 0.406250
vt 0.386150 0.382812
vt 0.392850 0.382812
vt 0.392850 0.390625
vt 0.386150 0.390625
vt 0.399550 0.382812
vt 0.399550 0.390625
vt 0.257812 0.524550
vt 0.265625 0.524550
vt 0.257812 0.511150
vt 0.265625 0.511150
vt 0.265625 0.517850
vt 0.257812 0.517850
vt 0.273438 0.511150
vt 0.281250 0.511150
vt 0.281250 0.517850
vt 0.273438 0.517850
vt 0.136150 0.648438
vt 0.142850 0.648438
vt 0.142850 0.656250
vt 0.136150 0.656250
vt 0.136150 0.632812
vt 0.142850 0.632812
vt 0.142850 0.640625
vt 0.136150 0.640625
vt 0.149550 0.632812
vt 0.149550 0.640625
vt 0.136150 0.617188
vt 0.142850 0.617188
vt 0.142850 0.625000
vt 0.136150 0.625000
vt 0.136150 0.601562
vt 0.142850 0.601562
vt 0.142850 0.609375
vt 0.136150 0.609375
vt 0.149550 0.601562
vt 0.149550 0.609375
vt 0.386150 0.117188
vt 0.392850 0.117188
vt 0.392850 0.125000
vt 0.386150 0.125000
vt 0.386150 0.101562
vt 0.392850 0.101562
vt 0.392850 0.109375
vt 0.386150 0.109375
vt 0.399550 0.101562
vt 0.399550 0.109375
vt 0.386150 0.148438
vt 0.392850 0.148438
vt 0.392850 0.156250
vt 0.386150 0.156250
vt 0.386150 0.132812
vt 0.392850 0.132812
vt 0.392850 0.140625
vt 0.386150 0.140625
vt 0.399550 0.132812
vt 0.399550 0.140625
vt 0.136150 0.738850
vt 0.142850 0.738850
vt 0.142850 0.745550
vt 0.136150 0.745550
vt 0.136150 0.725450
vt 0.142850 0.725450
vt 0.142850 0.732150
vt 0.136150 0.732150
vt 0.149550 0.725450
vt 0.156250 0.725450
vt 0.156250 0.732150
vt 0.149550 0.732150
vt 0.386150 0.988850
vt 0.392850 0.988850
vt 0.392850 0.995550
vt 0.386150 0.995550
vt 0.386150 0.975450
vt 0.392850 0.975450
vt 0.392850 0.982150
vt 0.386150 0.982150
vt 0.399550 0.975450
vt 0.406250 0.975450
vt 0.406250 0.982150
vt 0.399550 0.982150
vt 0.386150 0.024550
vt 0.392850 0.024550
vt 0.392850 0.031250
vt 0.386150 0.031250
vt 0.386150 0.011150
vt 0.392850 0.011150
vt 0.392850 0.017850
vt 0.386150 0.017850
vt 0.399550 0.011150
vt 0.406250 0.011150
vt 0.406250 0.017850
vt 0.399550 0.017850
vt 0.850450 0.738850
vt 0.857150 0.738850
vt 0.857150 0.745550
vt 0.850450 0.745550
vt 0.850450 0.725450
vt 0.857150 0.725450
vt 0.857150 0.732150
vt 0.850450 0.732150
vt 0.863850 0.725450
vt 0.870550 0.725450
vt 0.870550 0.732150
vt 0.863850 0.732150
vt 0.600450 0.988850
vt 0.607150 0.988850
vt 0.607150 0.995550
vt 0.600450 0.995550
vt 0.600450 0.975450
vt 0.607150 0.975450
vt 0.607150 0.982150
vt 0.600450 0.982150
vt 0.613850 0.975450
vt 0.620550 0.975450
vt 0.620550 0.982150
vt 0.613850 0.982150
vt 0.600450 0.024550
vt 0.607150 0.024550
vt 0.607150 0.031250
vt 0.600450 0.031250
vt 0.600450 0.011150
vt 0.607150 0.011150
vt 0.607150 0.017850
vt 0.600450 0.017850
vt 0.613850 0.011150
vt 0.620550 0.011150
vt 0.620550 0.017850
vt 0.613850 0.017850
vt 0.386150 0.238850
vt 0.392850 0.238850
vt 0.392850 0.245550
vt 0.386150 0.225450
vt 0.392850 0.225450
vt 0.392850 0.232150
vt 0.386150 0.232150
vt 0.399550 0.225450
vt 0.406250 0.225450
vt 0.406250 0.232150
vt 0.399550 0.232150
vt 0.386150 0.274550
vt 0.392850 0.274550
vt 0.392850 0.281250
vt 0.386150 0.281250
vt 0.386150 0.261150
vt 0.392850 0.261150
vt 0.392850 0.267850
vt 0.386150 0.267850
vt 0.399550 0.261150
vt 0.406250 0.261150
vt 0.406250 0.267850
vt 0.399550 0.267850
vt 0.136150 0.524550
vt 0.142850 0.524550
vt 0.142850 0.531250
vt 0.136150 0.531250
vt 0.136150 0.511150
vt 0.142850 0.511150
vt 0.142850 0.517850
vt 0.136150 0.517850
vt 0.149550 0.511150
vt 0.156250 0.511150
vt 0.156250 0.517850
vt 0.149550 0.517850
vt 0.600450 0.274480
vt 0.607150 0.274411
vt 0.607150 0.281250
vt 0.600450 0.281250
vt 0.600450 0.260941
vt 0.607150 0.260733
vt 0.607150 0.267572
vt 0.600450 0.267711
vt 0.613850 0.260524
vt 0.620550 0.260316
vt 0.620550 0.267294
vt 0.613850 0.267433
vt 0.600450 0.238850
vt 0.607150 0.238850
vt 0.607150 0.245550
vt 0.600450 0.225450
vt 0.607150 0.225450
vt 0.607150 0.232150
vt 0.600450 0.232150
vt 0.613850 0.225450
vt 0.620550 0.225450
vt 0.620550 0.232150
vt 0.613850 0.232150
vt 0.850450 0.524550
vt 0.857150 0.524550
vt 0.857150 0.531250
vt 0.850450 0.531250
vt 0.850450 0.511150
vt 0.857150 0.511150
vt 0.857150 0.517850
vt 0.850450 0.517850
vt 0.863850 0.511150
vt 0.870550 0.511150
vt 0.870550 0.517850
vt 0.863850 0.517850
vt 0.385524 0.738850
vt 0.392433 0.738850
vt 0.392294 0.745550
vt 0.385941 0.725450
vt 0.392711 0.725450
vt 0.392572 0.732150
vt 0.385733 0.732150
vt 0.399480 0.725450
vt 0.406250 0.725450
vt 0.406250 0.732150
vt 0.399411 0.732150
vt 0.350450 0.738850
vt 0.357150 0.738850
vt 0.357150 0.745550
vt 0.350450 0.745550
vt 0.350450 0.725450
vt 0.357150 0.725450
vt 0.357150 0.732150
vt 0.350450 0.732150
vt 0.363850 0.725450
vt 0.370550 0.725450
vt 0.370550 0.732150
vt 0.363850 0.732150
vt 0.385316 0.774133
vt 0.392294 0.774272
vt 0.392850 0.781250
vt 0.386150 0.781250
vt 0.383647 0.759898
vt 0.391181 0.760316
vt 0.391737 0.767294
vt 0.384481 0.767016
vt 0.398716 0.760733
vt 0.406250 0.761150
vt 0.406250 0.767850
vt 0.398994 0.767572
vt 0.600450 0.774550
vt 0.607150 0.774550
vt 0.607150 0.781250
vt 0.600450 0.781250
vt 0.600450 0.761150
vt 0.607150 0.761150
vt 0.607150 0.767850
vt 0.600450 0.767850
vt 0.613850 0.761150
vt 0.620550 0.761150
vt 0.620550 0.767850
vt 0.613850 0.767850
vt 0.600450 0.739059
vt 0.607150 0.739267
vt 0.607150 0.746106
vt 0.600450 0.725520
vt 0.607150 0.725589
vt 0.607150 0.732428
vt 0.600450 0.732289
vt 0.613850 0.725659
vt 0.620550 0.725728
vt 0.620550 0.732706
vt 0.613850 0.732567
vt 0.634898 0.741353
vt 0.642016 0.740519
vt 0.641737 0.747775
vt 0.634481 0.748888
vt 0.635733 0.726284
vt 0.642572 0.726006
vt 0.642294 0.733263
vt 0.635316 0.733819
vt 0.649411 0.725728
vt 0.656250 0.725450
vt 0.656250 0.732150
vt 0.649272 0.732706
vt 0.383647 0.490102
vt 0.391181 0.489684
vt 0.390625 0.496663
vt 0.385316 0.475867
vt 0.392294 0.475728
vt 0.391737 0.482706
vt 0.384481 0.482984
vt 0.399272 0.475589
vt 0.406250 0.475450
vt 0.406250 0.482150
vt 0.398994 0.482428
vt 0.350450 0.524550
vt 0.357150 0.524550
vt 0.357150 0.531250
vt 0.350450 0.531250
vt 0.350450 0.511150
vt 0.357150 0.511150
vt 0.357150 0.517850
vt 0.350450 0.517850
vt 0.363850 0.511150
vt 0.370550 0.511150
vt 0.370550 0.517850
vt 0.363850 0.517850
vt 0.385941 0.524550
vt 0.392711 0.524550
vt 0.392850 0.531250
vt 0.386150 0.531250
vt 0.385524 0.511150
vt 0.392433 0.511150
vt 0.392572 0.517850
vt 0.385733 0.517850
vt 0.399341 0.511150
vt 0.406250 0.511150
vt 0.406250 0.517850
vt 0.399411 0.517850
vt 0.600450 0.524480
vt 0.607150 0.524411
vt 0.607150 0.531250
vt 0.600450 0.531250
vt 0.600450 0.510941
vt 0.607150 0.510733
vt 0.607150 0.517572
vt 0.600450 0.517711
vt 0.613850 0.510524
vt 0.620550 0.510316
vt 0.620550 0.517294
vt 0.613850 0.517433
vt 0.600450 0.488850
vt 0.607150 0.488850
vt 0.607150 0.495550
vt 0.600450 0.475450
vt 0.607150 0.475450
vt 0.607150 0.482150
vt 0.600450 0.482150
vt 0.613850 0.475450
vt 0.620550 0.475450
vt 0.620550 0.482150
vt 0.613850 0.482150
vt 0.635733 0.523716
vt 0.642572 0.523994
vt 0.642850 0.531250
vt 0.636150 0.531250
vt 0.634898 0.508647
vt 0.642016 0.509481
vt 0.642294 0.516737
vt 0.635316 0.516181
vt 0.649133 0.510316
vt 0.656250 0.511150
vt 0.656250 0.517850
vt 0.649272 0.517294
vt 0.376599 0.738850
vt 0.376808 0.732150
vt 0.378894 0.732150
vt 0.378616 0.738850
vt 0.372566 0.738850
vt 0.372636 0.732150
vt 0.374722 0.732150
vt 0.374583 0.738850
vt 0.372706 0.725450
vt 0.372775 0.718750
vt 0.375000 0.718750
vt 0.374861 0.725450
vt 0.621663 0.259412
vt 0.621663 0.266691
vt 0.623888 0.257604
vt 0.623888 0.265486
vt 0.622775 0.266089
vt 0.622775 0.258508
vt 0.623888 0.273368
vt 0.623888 0.281250
vt 0.622775 0.281250
vt 0.622775 0.273669
vt 0.621663 0.011150
vt 0.621663 0.017850
vt 0.623888 0.011150
vt 0.623888 0.017850
vt 0.622775 0.017850
vt 0.622775 0.011150
vt 0.623888 0.024550
vt 0.623888 0.031250
vt 0.622775 0.031250
vt 0.622775 0.024550
vt 0.136150 0.748888
vt 0.142850 0.748888
vt 0.142850 0.750000
vt 0.136150 0.750000
vt 0.136150 0.746663
vt 0.142850 0.746663
vt 0.142850 0.747775
vt 0.136150 0.747775
vt 0.149550 0.746663
vt 0.156250 0.746663
vt 0.156250 0.747775
vt 0.149550 0.747775
vt 0.622358 0.509690
vt 0.622497 0.516877
vt 0.625973 0.508438
vt 0.626391 0.516042
vt 0.624444 0.516459
vt 0.624166 0.509064
vt 0.626808 0.523646
vt 0.627225 0.531250
vt 0.625000 0.531250
vt 0.624722 0.523855
vt 0.622080 0.760316
vt 0.621941 0.767294
vt 0.625139 0.758647
vt 0.624722 0.766181
vt 0.623331 0.766737
vt 0.623609 0.759481
vt 0.624305 0.773716
vt 0.623888 0.781250
vt 0.622775 0.781250
vt 0.623053 0.773994
vt 0.613850 0.247566
vt 0.607150 0.247636
vt 0.613850 0.251599
vt 0.607150 0.251808
vt 0.607150 0.249722
vt 0.613850 0.249583
vt 0.600450 0.252016
vt 0.593750 0.252225
vt 0.593750 0.250000
vt 0.600450 0.249861
vt 0.613850 0.748401
vt 0.607150 0.748192
vt 0.613850 0.752434
vt 0.607150 0.752364
vt 0.607150 0.750278
vt 0.613850 0.750417
vt 0.600450 0.752295
vt 0.593750 0.752225
vt 0.593750 0.750000
vt 0.600450 0.750139
vt 0.386150 0.003337
vt 0.392850 0.003337
vt 0.392850 0.004450
vt 0.386150 0.004450
vt 0.386150 0.001112
vt 0.392850 0.001112
vt 0.392850 0.002225
vt 0.386150 0.002225
vt 0.399550 0.001112
vt 0.406250 0.001112
vt 0.406250 0.002225
vt 0.399550 0.002225
vt 0.613850 0.497566
vt 0.607150 0.497636
vt 0.613850 0.501599
vt 0.607150 0.501808
vt 0.607150 0.499722
vt 0.613850 0.499583
vt 0.600450 0.502016
vt 0.593750 0.502225
vt 0.593750 0.500000
vt 0.600450 0.499861
vt 0.366353 0.499861
vt 0.358819 0.500278
vt 0.359375 0.498888
vt 0.367188 0.498331
vt 0.364684 0.502920
vt 0.357706 0.503059
vt 0.358263 0.501669
vt 0.365519 0.501391
vt 0.350728 0.503198
vt 0.343750 0.503337
vt 0.343750 0.502225
vt 0.351006 0.501947
vt 0.126112 0.511150
vt 0.126112 0.517850
vt 0.125000 0.517850
vt 0.125000 0.511150
vt 0.128337 0.511150
vt 0.128337 0.517850
vt 0.127225 0.517850
vt 0.127225 0.511150
vt 0.128337 0.524550
vt 0.128337 0.531250
vt 0.127225 0.531250
vt 0.127225 0.524550
vt 0.377225 0.617188
vt 0.377225 0.609375
vt 0.379450 0.609375
vt 0.379450 0.617188
vt 0.372775 0.617188
vt 0.372775 0.609375
vt 0.375000 0.609375
vt 0.375000 0.617188
vt 0.372775 0.601562
vt 0.372775 0.593750
vt 0.375000 0.593750
vt 0.375000 0.601562
vt 0.621663 0.382812
vt 0.621663 0.390625
vt 0.623888 0.382812
vt 0.623888 0.390625
vt 0.622775 0.390625
vt 0.622775 0.382812
vt 0.623888 0.398438
vt 0.623888 0.406250
vt 0.622775 0.406250
vt 0.622775 0.398438
vt 0.621663 0.132812
vt 0.621663 0.140625
vt 0.623888 0.132812
vt 0.623888 0.140625
vt 0.622775 0.140625
vt 0.622775 0.132812
vt 0.623888 0.148438
vt 0.623888 0.156250
vt 0.622775 0.156250
vt 0.622775 0.148438
vt 0.257812 0.748888
vt 0.265625 0.748888
vt 0.265625 0.750000
vt 0.257812 0.750000
vt 0.257812 0.746663
vt 0.265625 0.746663
vt 0.265625 0.747775
vt 0.257812 0.747775
vt 0.273438 0.746663
vt 0.281250 0.746663
vt 0.281250 0.747775
vt 0.273438 0.747775
vt 0.622775 0.632812
vt 0.622775 0.640625
vt 0.627225 0.632812
vt 0.627225 0.640625
vt 0.625000 0.640625
vt 0.625000 0.632812
vt 0.627225 0.648438
vt 0.627225 0.656250
vt 0.625000 0.656250
vt 0.625000 0.648438
vt 0.621663 0.882812
vt 0.621663 0.890625
vt 0.623888 0.882812
vt 0.623888 0.890625
vt 0.622775 0.890625
vt 0.622775 0.882812
vt 0.623888 0.898438
vt 0.623888 0.906250
vt 0.622775 0.906250
vt 0.622775 0.898438
vt 0.492188 0.247775
vt 0.484375 0.247775
vt 0.492188 0.252225
vt 0.484375 0.252225
vt 0.484375 0.250000
vt 0.492188 0.250000
vt 0.476562 0.252225
vt 0.468750 0.252225
vt 0.468750 0.250000
vt 0.476562 0.250000
vt 0.492188 0.747775
vt 0.484375 0.747775
vt 0.492188 0.752225
vt 0.484375 0.752225
vt 0.484375 0.750000
vt 0.492188 0.750000
vt 0.476562 0.752225
vt 0.468750 0.752225
vt 0.468750 0.750000
vt 0.476562 0.750000
vt 0.507812 0.003337
vt 0.515625 0.003337
vt 0.515625 0.004450
vt 0.507812 0.004450
vt 0.507812 0.001112
vt 0.515625 0.001112
vt 0.515625 0.002225
vt 0.507812 0.002225
vt 0.523438 0.001112
vt 0.531250 0.001112
vt 0.531250 0.002225
vt 0.523438 0.002225
vt 0.492188 0.497775
vt 0.484375 0.497775
vt 0.492188 0.502225
vt 0.484375 0.502225
vt 0.484375 0.500000
vt 0.492188 0.500000
vt 0.476562 0.502225
vt 0.468750 0.502225
vt 0.468750 0.500000
vt 0.476562 0.500000
vt 0.242188 0.501112
vt 0.234375 0.501112
vt 0.234375 0.500000
vt 0.242188 0.500000
vt 0.242188 0.503337
vt 0.234375 0.503337
vt 0.234375 0.502225
vt 0.242188 0.502225
vt 0.226562 0.503337
vt 0.218750 0.503337
vt 0.218750 0.502225
vt 0.226562 0.502225
vt 0.126112 0.632812
vt 0.126112 0.640625
vt 0.125000 0.640625
vt 0.125000 0.632812
vt 0.128337 0.632812
vt 0.128337 0.640625
vt 0.127225 0.640625
vt 0.127225 0.632812
vt 0.128337 0.648438
vt 0.128337 0.656250
vt 0.127225 0.656250
vt 0.127225 0.648438
vt 0.377225 0.679688
vt 0.377225 0.671875
vt 0.379450 0.671875
vt 0.379450 0.679688
vt 0.372775 0.679688
vt 0.372775 0.671875
vt 0.375000 0.671875
vt 0.375000 0.679688
vt 0.372775 0.664062
vt 0.372775 0.656250
vt 0.375000 0.656250
vt 0.375000 0.664062
vt 0.621663 0.320312
vt 0.621663 0.328125
vt 0.623888 0.320312
vt 0.623888 0.328125
vt 0.622775 0.328125
vt 0.622775 0.320312
vt 0.623888 0.335938
vt 0.623888 0.343750
vt 0.622775 0.343750
vt 0.622775 0.335938
vt 0.621663 0.070312
vt 0.621663 0.078125
vt 0.623888 0.070312
vt 0.623888 0.078125
vt 0.622775 0.078125
vt 0.622775 0.070312
vt 0.623888 0.085938
vt 0.623888 0.093750
vt 0.622775 0.093750
vt 0.622775 0.085938
vt 0.195312 0.748888
vt 0.203125 0.748888
vt 0.203125 0.750000
vt 0.195312 0.750000
vt 0.195312 0.746663
vt 0.203125 0.746663
vt 0.203125 0.747775
vt 0.195312 0.747775
vt 0.210938 0.746663
vt 0.218750 0.746663
vt 0.218750 0.747775
vt 0.210938 0.747775
vt 0.622775 0.570312
vt 0.622775 0.578125
vt 0.627225 0.570312
vt 0.627225 0.578125
vt 0.625000 0.578125
vt 0.625000 0.570312
vt 0.627225 0.585938
vt 0.627225 0.593750
vt 0.625000 0.593750
vt 0.625000 0.585938
vt 0.621663 0.820312
vt 0.621663 0.828125
vt 0.623888 0.820312
vt 0.623888 0.828125
vt 0.622775 0.828125
vt 0.622775 0.820312
vt 0.623888 0.835938
vt 0.623888 0.843750
vt 0.622775 0.843750
vt 0.622775 0.835938
vt 0.554688 0.247775
vt 0.546875 0.247775
vt 0.554688 0.252225
vt 0.546875 0.252225
vt 0.546875 0.250000
vt 0.554688 0.250000
vt 0.539062 0.252225
vt 0.531250 0.252225
vt 0.531250 0.250000
vt 0.539062 0.250000
vt 0.554688 0.747775
vt 0.546875 0.747775
vt 0.554688 0.752225
vt 0.546875 0.752225
vt 0.546875 0.750000
vt 0.554688 0.750000
vt 0.539062 0.752225
vt 0.531250 0.752225
vt 0.531250 0.750000
vt 0.539062 0.750000
vt 0.445312 0.003337
vt 0.453125 0.003337
vt 0.453125 0.004450
vt 0.445312 0.004450
vt 0.445312 0.001112
vt 0.453125 0.001112
vt 0.453125 0.002225
vt 0.445312 0.002225
vt 0.460938 0.001112
vt 0.468750 0.001112
vt 0.468750 0.002225
vt 0.460938 0.002225
vt 0.554688 0.497775
vt 0.546875 0.497775
vt 0.554688 0.502225
vt 0.546875 0.502225
vt 0.546875 0.500000
vt 0.554688 0.500000
vt 0.539062 0.502225
vt 0.531250 0.502225
vt 0.531250 0.500000
vt 0.539062 0.500000
vt 0.304688 0.501112
vt 0.296875 0.501112
vt 0.296875 0.500000
vt 0.304688 0.500000
vt 0.304688 0.503337
vt 0.296875 0.503337
vt 0.296875 0.502225
vt 0.304688 0.502225
vt 0.289062 0.503337
vt 0.281250 0.503337
vt 0.281250 0.502225
vt 0.289062 0.502225
vt 0.126112 0.570312
vt 0.126112 0.578125
vt 0.125000 0.578125
vt 0.125000 0.570312
vt 0.128337 0.570312
vt 0.128337 0.578125
vt 0.127225 0.578125
vt 0.127225 0.570312
vt 0.128337 0.585938
vt 0.128337 0.593750
vt 0.127225 0.593750
vt 0.127225 0.585938
vt 0.377225 0.554688
vt 0.377225 0.546875
vt 0.379450 0.546875
vt 0.379450 0.554688
vt 0.372775 0.554688
vt 0.372775 0.546875
vt 0.375000 0.546875
vt 0.375000 0.554688
vt 0.372775 0.539062
vt 0.372775 0.531250
vt 0.375000 0.531250
vt 0.375000 0.539062
vt 0.621663 0.445312
vt 0.621663 0.453125
vt 0.623888 0.445312
vt 0.623888 0.453125
vt 0.622775 0.453125
vt 0.622775 0.445312
vt 0.623888 0.460938
vt 0.623888 0.468750
vt 0.622775 0.468750
vt 0.622775 0.460938
vt 0.621663 0.195312
vt 0.621663 0.203125
vt 0.623888 0.195312
vt 0.623888 0.203125
vt 0.622775 0.203125
vt 0.622775 0.195312
vt 0.623888 0.210938
vt 0.623888 0.218750
vt 0.622775 0.218750
vt 0.622775 0.210938
vt 0.320312 0.748888
vt 0.328125 0.748888
vt 0.328125 0.750000
vt 0.320312 0.750000
vt 0.320312 0.746663
vt 0.328125 0.746663
vt 0.328125 0.747775
vt 0.320312 0.747775
vt 0.335938 0.746663
vt 0.343750 0.746663
vt 0.343750 0.747775
vt 0.335938 0.747775
vt 0.622775 0.695312
vt 0.622775 0.703125
vt 0.627225 0.695312
vt 0.627225 0.703125
vt 0.625000 0.703125
vt 0.625000 0.695312
vt 0.627225 0.710938
vt 0.627225 0.718750
vt 0.625000 0.718750
vt 0.625000 0.710938
vt 0.621663 0.945312
vt 0.621663 0.953125
vt 0.623888 0.945312
vt 0.623888 0.953125
vt 0.622775 0.953125
vt 0.622775 0.945312
vt 0.623888 0.960938
vt 0.623888 0.968750
vt 0.622775 0.968750
vt 0.622775 0.960938
vt 0.429688 0.247775
vt 0.421875 0.247775
vt 0.429688 0.252225
vt 0.421875 0.252225
vt 0.421875 0.250000
vt 0.429688 0.250000
vt 0.414062 0.252225
vt 0.406250 0.252225
vt 0.406250 0.250000
vt 0.414062 0.250000
vt 0.429688 0.747775
vt 0.421875 0.747775
vt 0.429688 0.752225
vt 0.421875 0.752225
vt 0.421875 0.750000
vt 0.429688 0.750000
vt 0.414062 0.752225
vt 0.406250 0.752225
vt 0.406250 0.750000
vt 0.414062 0.750000
vt 0.570312 0.003337
vt 0.578125 0.003337
vt 0.578125 0.004450
vt 0.570312 0.004450
vt 0.570312 0.001112
vt 0.578125 0.001112
vt 0.578125 0.002225
vt 0.570312 0.002225
vt 0.585938 0.001112
vt 0.593750 0.001112
vt 0.593750 0.002225
vt 0.585938 0.002225
vt 0.429688 0.497775
vt 0.421875 0.497775
vt 0.429688 0.502225
vt 0.421875 0.502225
vt 0.421875 0.500000
vt 0.429688 0.500000
vt 0.414062 0.502225
vt 0.406250 0.502225
vt 0.406250 0.500000
vt 0.414062 0.500000
vt 0.179688 0.501112
vt 0.171875 0.501112
vt 0.171875 0.500000
vt 0.179688 0.500000
vt 0.179688 0.503337
vt 0.171875 0.503337
vt 0.171875 0.502225
vt 0.179688 0.502225
vt 0.164062 0.503337
vt 0.156250 0.503337
vt 0.156250 0.502225
vt 0.164062 0.502225
vt 0.126112 0.695312
vt 0.126112 0.703125
vt 0.125000 0.703125
vt 0.125000 0.695312
vt 0.128337 0.695312
vt 0.128337 0.703125
vt 0.127225 0.703125
vt 0.127225 0.695312
vt 0.128337 0.710938
vt 0.128337 0.718750
vt 0.127225 0.718750
vt 0.127225 0.710938
vt 0.377225 0.710938
vt 0.377225 0.703125
vt 0.379450 0.703125
vt 0.379450 0.710938
vt 0.372775 0.710938
vt 0.372775 0.703125
vt 0.375000 0.703125
vt 0.375000 0.710938
vt 0.372775 0.695312
vt 0.372775 0.687500
vt 0.375000 0.687500
vt 0.375000 0.695312
vt 0.621663 0.289062
vt 0.621663 0.296875
vt 0.623888 0.289062
vt 0.623888 0.296875
vt 0.622775 0.296875
vt 0.622775 0.289062
vt 0.623888 0.304688
vt 0.623888 0.312500
vt 0.622775 0.312500
vt 0.622775 0.304688
vt 0.621663 0.039062
vt 0.621663 0.046875
vt 0.623888 0.039062
vt 0.623888 0.046875
vt 0.622775 0.046875
vt 0.622775 0.039062
vt 0.623888 0.054688
vt 0.623888 0.062500
vt 0.622775 0.062500
vt 0.622775 0.054688
vt 0.164062 0.748888
vt 0.171875 0.748888
vt 0.171875 0.750000
vt 0.164062 0.750000
vt 0.164062 0.746663
vt 0.171875 0.746663
vt 0.171875 0.747775
vt 0.164062 0.747775
vt 0.179688 0.746663
vt 0.187500 0.746663
vt 0.187500 0.747775
vt 0.179688 0.747775
vt 0.622775 0.539062
vt 0.622775 0.546875
vt 0.627225 0.539062
vt 0.627225 0.546875
vt 0.625000 0.546875
vt 0.625000 0.539062
vt 0.627225 0.554688
vt 0.627225 0.562500
vt 0.625000 0.562500
vt 0.625000 0.554688
vt 0.621663 0.789062
vt 0.621663 0.796875
vt 0.623888 0.789062
vt 0.623888 0.796875
vt 0.622775 0.796875
vt 0.622775 0.789062
vt 0.623888 0.804688
vt 0.623888 0.812500
vt 0.622775 0.812500
vt 0.622775 0.804688
vt 0.585938 0.247775
vt 0.578125 0.247775
vt 0.585938 0.252225
vt 0.578125 0.252225
vt 0.578125 0.250000
vt 0.585938 0.250000
vt 0.570312 0.252225
vt 0.562500 0.252225
vt 0.562500 0.250000
vt 0.570312 0.250000
vt 0.585938 0.747775
vt 0.578125 0.747775
vt 0.585938 0.752225
vt 0.578125 0.752225
vt 0.578125 0.750000
vt 0.585938 0.750000
vt 0.570312 0.752225
vt 0.562500 0.752225
vt 0.562500 0.750000
vt 0.570312 0.750000
vt 0.414062 0.003337
vt 0.421875 0.003337
vt 0.421875 0.004450
vt 0.414062 0.004450
vt 0.414062 0.001112
vt 0.421875 0.001112
vt 0.421875 0.002225
vt 0.414062 0.002225
vt 0.429688 0.001112
vt 0.437500 0.001112
vt 0.437500 0.002225
vt 0.429688 0.002225
vt 0.585938 0.497775
vt 0.578125 0.497775
vt 0.585938 0.502225
vt 0.578125 0.502225
vt 0.578125 0.500000
vt 0.585938 0.500000
vt 0.570312 0.502225
vt 0.562500 0.502225
vt 0.562500 0.500000
vt 0.570312 0.500000
vt 0.335938 0.501112
vt 0.328125 0.501112
vt 0.328125 0.500000
vt 0.335938 0.500000
vt 0.335938 0.503337
vt 0.328125 0.503337
vt 0.328125 0.502225
vt 0.335938 0.502225
vt 0.320312 0.503337
vt 0.312500 0.503337
vt 0.312500 0.502225
vt 0.320312 0.502225
vt 0.126112 0.539062
vt 0.126112 0.546875
vt 0.125000 0.546875
vt 0.125000 0.539062
vt 0.128337 0.539062
vt 0.128337 0.546875
vt 0.127225 0.546875
vt 0.127225 0.539062
vt 0.128337 0.554688
vt 0.128337 0.562500
vt 0.127225 0.562500
vt 0.127225 0.554688
vt 0.377225 0.585938
vt 0.377225 0.578125
vt 0.379450 0.578125
vt 0.379450 0.585938
vt 0.372775 0.585938
vt 0.372775 0.578125
vt 0.375000 0.578125
vt 0.375000 0.585938
vt 0.372775 0.570312
vt 0.372775 0.562500
vt 0.375000 0.562500
vt 0.375000 0.570312
vt 0.621663 0.414062
vt 0.621663 0.421875
vt 0.623888 0.414062
vt 0.623888 0.421875
vt 0.622775 0.421875
vt 0.622775 0.414062
vt 0.623888 0.429688
vt 0.623888 0.437500
vt 0.622775 0.437500
vt 0.622775 0.429688
vt 0.621663 0.164062
vt 0.621663 0.171875
vt 0.623888 0.164062
vt 0.623888 0.171875
vt 0.622775 0.171875
vt 0.622775 0.164062
vt 0.623888 0.179688
vt 0.623888 0.187500
vt 0.622775 0.187500
vt 0.622775 0.179688
vt 0.289062 0.748888
vt 0.296875 0.748888
vt 0.296875 0.750000
vt 0.289062 0.750000
vt 0.289062 0.746663
vt 0.296875 0.746663
vt 0.296875 0.747775
vt 0.289062 0.747775
vt 0.304688 0.746663
vt 0.312500 0.746663
vt 0.312500 0.747775
vt 0.304688 0.747775
vt 0.622775 0.664062
vt 0.622775 0.671875
vt 0.627225 0.664062
vt 0.627225 0.671875
vt 0.625000 0.671875
vt 0.625000 0.664062
vt 0.627225 0.679688
vt 0.627225 0.687500
vt 0.625000 0.687500
vt 0.625000 0.679688
vt 0.621663 0.914062
vt 0.621663 0.921875
vt 0.623888 0.914062
vt 0.623888 0.921875
vt 0.622775 0.921875
vt 0.622775 0.914062
vt 0.623888 0.929688
vt 0.623888 0.937500
vt 0.622775 0.937500
vt 0.622775 0.929688
vt 0.460938 0.247775
vt 0.453125 0.247775
vt 0.460938 0.252225
vt 0.453125 0.252225
vt 0.453125 0.250000
vt 0.460938 0.250000
vt 0.445312 0.252225
vt 0.437500 0.252225
vt 0.437500 0.250000
vt 0.445312 0.250000
vt 0.460938 0.747775
vt 0.453125 0.747775
vt 0.460938 0.752225
vt 0.453125 0.752225
vt 0.453125 0.750000
vt 0.460938 0.750000
vt 0.445312 0.752225
vt 0.437500 0.752225
vt 0.437500 0.750000
vt 0.445312 0.750000
vt 0.539062 0.003337
vt 0.546875 0.003337
vt 0.546875 0.004450
vt 0.539062 0.004450
vt 0.539062 0.001112
vt 0.546875 0.001112
vt 0.546875 0.002225
vt 0.539062 0.002225
vt 0.554688 0.001112
vt 0.562500 0.001112
vt 0.562500 0.002225
vt 0.554688 0.002225
vt 0.460938 0.497775
vt 0.453125 0.497775
vt 0.460938 0.502225
vt 0.453125 0.502225
vt 0.453125 0.500000
vt 0.460938 0.500000
vt 0.445312 0.502225
vt 0.437500 0.502225
vt 0.437500 0.500000
vt 0.445312 0.500000
vt 0.210938 0.501112
vt 0.203125 0.501112
vt 0.203125 0.500000
vt 0.210938 0.500000
vt 0.210938 0.503337
vt 0.203125 0.503337
vt 0.203125 0.502225
vt 0.210938 0.502225
vt 0.195312 0.503337
vt 0.187500 0.503337
vt 0.187500 0.502225
vt 0.195312 0.502225
vt 0.126112 0.664062
vt 0.126112 0.671875
vt 0.125000 0.671875
vt 0.125000 0.664062
vt 0.128337 0.664062
vt 0.128337 0.671875
vt 0.127225 0.671875
vt 0.127225 0.664062
vt 0.128337 0.679688
vt 0.128337 0.687500
vt 0.127225 0.687500
vt 0.127225 0.679688
vt 0.377225 0.648438
vt 0.377225 0.640625
vt 0.379450 0.640625
vt 0.379450 0.648438
vt 0.372775 0.648438
vt 0.372775 0.640625
vt 0.375000 0.640625
vt 0.375000 0.648438
vt 0.372775 0.632812
vt 0.372775 0.625000
vt 0.375000 0.625000
vt 0.375000 0.632812
vt 0.621663 0.351562
vt 0.621663 0.359375
vt 0.623888 0.351562
vt 0.623888 0.359375
vt 0.622775 0.359375
vt 0.622775 0.351562
vt 0.623888 0.367188
vt 0.623888 0.375000
vt 0.622775 0.375000
vt 0.622775 0.367188
vt 0.621663 0.101562
vt 0.621663 0.109375
vt 0.623888 0.101562
vt 0.623888 0.109375
vt 0.622775 0.109375
vt 0.622775 0.101562
vt 0.623888 0.117188
vt 0.623888 0.125000
vt 0.622775 0.125000
vt 0.622775 0.117188
vt 0.226562 0.748888
vt 0.234375 0.748888
vt 0.234375 0.750000
vt 0.226562 0.750000
vt 0.226562 0.746663
vt 0.234375 0.746663
vt 0.234375 0.747775
vt 0.226562 0.747775
vt 0.242188 0.746663
vt 0.250000 0.746663
vt 0.250000 0.747775
vt 0.242188 0.747775
vt 0.622775 0.601562
vt 0.622775 0.609375
vt 0.627225 0.601562
vt 0.627225 0.609375
vt 0.625000 0.609375
vt 0.625000 0.601562
vt 0.627225 0.617188
vt 0.627225 0.625000
vt 0.625000 0.625000
vt 0.625000 0.617188
vt 0.621663 0.851562
vt 0.621663 0.859375
vt 0.623888 0.851562
vt 0.623888 0.859375
vt 0.622775 0.859375
vt 0.622775 0.851562
vt 0.623888 0.867188
vt 0.623888 0.875000
vt 0.622775 0.875000
vt 0.622775 0.867188
vt 0.523438 0.247775
vt 0.515625 0.247775
vt 0.523438 0.252225
vt 0.515625 0.252225
vt 0.515625 0.250000
vt 0.523438 0.250000
vt 0.507812 0.252225
vt 0.500000 0.252225
vt 0.500000 0.250000
vt 0.507812 0.250000
vt 0.523438 0.747775
vt 0.515625 0.747775
vt 0.523438 0.752225
vt 0.515625 0.752225
vt 0.515625 0.750000
vt 0.523438 0.750000
vt 0.507812 0.752225
vt 0.500000 0.752225
vt 0.500000 0.750000
vt 0.507812 0.750000
vt 0.476562 0.003337
vt 0.484375 0.003337
vt 0.484375 0.004450
vt 0.476562 0.004450
vt 0.476562 0.001112
vt 0.484375 0.001112
vt 0.484375 0.002225
vt 0.476562 0.002225
vt 0.492188 0.001112
vt 0.500000 0.001112
vt 0.500000 0.002225
vt 0.492188 0.002225
vt 0.523438 0.497775
vt 0.515625 0.497775
vt 0.523438 0.502225
vt 0.515625 0.502225
vt 0.515625 0.500000
vt 0.523438 0.500000
vt 0.507812 0.502225
vt 0.500000 0.502225
vt 0.500000 0.500000
vt 0.507812 0.500000
vt 0.273438 0.501112
vt 0.265625 0.501112
vt 0.265625 0.500000
vt 0.273438 0.500000
vt 0.273438 0.503337
vt 0.265625 0.503337
vt 0.265625 0.502225
vt 0.273438 0.502225
vt 0.257812 0.503337
vt 0.250000 0.503337
vt 0.250000 0.502225
vt 0.257812 0.502225
vt 0.126112 0.601562
vt 0.126112 0.609375
vt 0.125000 0.609375
vt 0.125000 0.601562
vt 0.128337 0.601562
vt 0.128337 0.609375
vt 0.127225 0.609375
vt 0.127225 0.601562
vt 0.128337 0.617188
vt 0.128337 0.625000
vt 0.127225 0.625000
vt 0.127225 0.617188
vt 0.377016 0.524550
vt 0.376808 0.517850
vt 0.378894 0.517850
vt 0.379172 0.524550
vt 0.372706 0.524550
vt 0.372636 0.517850
vt 0.374722 0.517850
vt 0.374861 0.524550
vt 0.372566 0.511150
vt 0.372497 0.504450
vt 0.374444 0.504450
vt 0.374583 0.511150
vt 0.621802 0.475728
vt 0.621941 0.482706
vt 0.624305 0.476284
vt 0.624722 0.483819
vt 0.623331 0.483263
vt 0.623053 0.476006
vt 0.625139 0.491353
vt 0.623888 0.497775
vt 0.623609 0.490519
vt 0.621663 0.225635
vt 0.621663 0.232521
vt 0.623888 0.226006
vt 0.623888 0.233263
vt 0.622775 0.232892
vt 0.622775 0.225821
vt 0.623888 0.240519
vt 0.622775 0.247033
vt 0.622775 0.239963
vt 0.351284 0.749305
vt 0.358819 0.749722
vt 0.359375 0.751112
vt 0.351562 0.750556
vt 0.350728 0.746802
vt 0.357706 0.746941
vt 0.358263 0.748331
vt 0.351006 0.748053
vt 0.364684 0.747080
vt 0.371663 0.747219
vt 0.372775 0.748888
vt 0.365519 0.748609
vt 0.622636 0.725937
vt 0.622497 0.733123
vt 0.626808 0.726354
vt 0.626391 0.733958
vt 0.624444 0.733541
vt 0.624722 0.726145
vt 0.625973 0.741562
vt 0.623888 0.748331
vt 0.624166 0.740936
vt 0.621663 0.975450
vt 0.621663 0.982150
vt 0.623888 0.975450
vt 0.623888 0.982150
vt 0.622775 0.982150
vt 0.622775 0.975450
vt 0.623888 0.988850
vt 0.623888 0.995550
vt 0.622775 0.995550
vt 0.622775 0.988850
vt 0.399550 0.247775
vt 0.392850 0.247775
vt 0.399550 0.252225
vt 0.392850 0.252225
vt 0.392850 0.250000
vt 0.399550 0.250000
vt 0.386150 0.252225
vt 0.379450 0.252225
vt 0.379450 0.250000
vt 0.386150 0.250000
vt 0.399063 0.747636
vt 0.391877 0.747497
vt 0.398646 0.751808
vt 0.391042 0.751391
vt 0.391459 0.749444
vt 0.398855 0.749722
vt 0.383438 0.750973
vt 0.375834 0.750556
vt 0.376669 0.748888
vt 0.384064 0.749166
vt 0.600450 0.003337
vt 0.607150 0.003337
vt 0.607150 0.004450
vt 0.600450 0.004450
vt 0.600450 0.001112
vt 0.607150 0.001112
vt 0.607150 0.002225
vt 0.600450 0.002225
vt 0.613850 0.001112
vt 0.620550 0.001112
vt 0.620550 0.002225
vt 0.613850 0.002225
vt 0.398646 0.498192
vt 0.391042 0.498609
vt 0.399063 0.502364
vt 0.391877 0.502503
vt 0.391459 0.500556
vt 0.398855 0.500278
vt 0.384690 0.502642
vt 0.377503 0.502781
vt 0.376669 0.501112
vt 0.384064 0.500834
vt 0.149550 0.501112
vt 0.142850 0.501112
vt 0.142850 0.500000
vt 0.149550 0.500000
vt 0.149550 0.503337
vt 0.142850 0.503337
vt 0.142850 0.502225
vt 0.149550 0.502225
vt 0.136150 0.503337
vt 0.129450 0.502225
vt 0.136150 0.502225
vt 0.126112 0.725450
vt 0.126112 0.732150
vt 0.125000 0.732150
vt 0.125000 0.725450
vt 0.128337 0.725450
vt 0.128337 0.732150
vt 0.127225 0.732150
vt 0.127225 0.725450
vt 0.128337 0.738850
vt 0.127225 0.745550
vt 0.127225 0.738850
vt 0.127225 0.746663
vt 0.128337 0.746663
vt 0.129450 0.747775
vt 0.129450 0.748888
vt 0.128337 0.747775
vt 0.622775 0.004450
vt 0.622775 0.003337
vt 0.623888 0.004450
vt 0.621663 0.003337
vt 0.621663 0.002225
vt 0.128337 0.502225
vt 0.128337 0.503337
vt 0.127225 0.504450
vt 0.126112 0.504450
vt 0.127225 0.503337
vt 0.621663 0.248239
vt 0.622775 0.248980
vt 0.622775 0.250927
vt 0.621663 0.252132
vt 0.621663 0.250185
vt 0.374444 0.745550
vt 0.373609 0.747219
vt 0.372497 0.745550
vt 0.375556 0.747219
vt 0.374722 0.748888
vt 0.622219 0.749444
vt 0.623888 0.750278
vt 0.623888 0.752225
vt 0.622219 0.753338
vt 0.622219 0.751391
vt 0.372775 0.501112
vt 0.373609 0.502781
vt 0.371663 0.502781
vt 0.374722 0.501112
vt 0.375556 0.502781
vt 0.622219 0.498609
vt 0.623888 0.499722
vt 0.623888 0.501669
vt 0.622219 0.502503
vt 0.622219 0.500556
vt 0.843750 0.695312
vt 0.843750 0.703125
vt 0.820312 0.718750
vt 0.593750 0.945312
vt 0.593750 0.953125
vt 0.570312 0.968750
vt 0.593750 0.195312
vt 0.593750 0.203125
vt 0.570312 0.218750
vt 0.343750 0.695312
vt 0.343750 0.703125
vt 0.320312 0.718750
vt 0.593750 0.695312
vt 0.593750 0.703125
vt 0.570312 0.718750
vt 0.593750 0.445312
vt 0.593750 0.453125
vt 0.570312 0.468750
vt 0.843750 0.546875
vt 0.843750 0.554688
vt 0.679688 0.718750
vt 0.671875 0.718750
vt 0.593750 0.796875
vt 0.593750 0.804688
vt 0.429688 0.968750
vt 0.421875 0.968750
vt 0.593750 0.046875
vt 0.593750 0.054688
vt 0.429688 0.218750
vt 0.421875 0.218750
vt 0.343750 0.546875
vt 0.343750 0.554688
vt 0.179688 0.718750
vt 0.171875 0.718750
vt 0.593750 0.546875
vt 0.593750 0.554688
vt 0.429688 0.718750
vt 0.421875 0.718750
vt 0.593750 0.296875
vt 0.593750 0.304688
vt 0.429688 0.468750
vt 0.421875 0.468750
vt 0.620550 0.501391
vt 0.620550 0.499444
vt 0.620550 0.503337
vt 0.620550 0.497497
vt 0.370550 0.504450
vt 0.620550 0.752503
vt 0.620550 0.750556
vt 0.620550 0.754450
vt 0.620550 0.748609
vt 0.620550 0.251391
vt 0.620550 0.249444
vt 0.620550 0.253337
vt 0.620550 0.247497
vt 0.126112 0.503337
vt 0.127225 0.502225
vt 0.125000 0.504450
vt 0.128337 0.501112
vt 0.621663 0.001112
vt 0.622775 0.002225
vt 0.620550 0.000000
vt 0.623888 0.003337
vt 0.625000 0.004450
vt 0.128337 0.748888
vt 0.127225 0.747775
vt 0.129450 0.750000
vt 0.126112 0.746663
vt 0.129450 0.732150
vt 0.129450 0.738850
vt 0.129450 0.718750
vt 0.129450 0.725450
vt 0.142850 0.504450
vt 0.136150 0.504450
vt 0.156250 0.504450
vt 0.149550 0.504450
vt 0.392294 0.504450
vt 0.385316 0.504450
vt 0.406250 0.504450
vt 0.399272 0.504450
vt 0.607150 0.000000
vt 0.613850 0.000000
vt 0.593750 0.000000
vt 0.600450 0.000000
vt 0.390625 0.753337
vt 0.382812 0.752781
vt 0.406250 0.754450
vt 0.398438 0.753894
vt 0.392850 0.254450
vt 0.386150 0.254450
vt 0.379450 0.254450
vt 0.406250 0.254450
vt 0.399550 0.254450
vt 0.625000 0.982150
vt 0.625000 0.988850
vt 0.625000 0.995550
vt 0.625000 0.968750
vt 0.625000 0.975450
vt 0.628337 0.734375
vt 0.627781 0.742188
vt 0.629450 0.718750
vt 0.628894 0.726562
vt 0.625000 0.233633
vt 0.625000 0.241075
vt 0.625000 0.218750
vt 0.625000 0.226192
vt 0.626112 0.484375
vt 0.626669 0.492188
vt 0.625000 0.468750
vt 0.625556 0.476562
vt 0.129450 0.609375
vt 0.129450 0.617188
vt 0.129450 0.625000
vt 0.129450 0.593750
vt 0.129450 0.601562
vt 0.265625 0.504450
vt 0.257812 0.504450
vt 0.250000 0.504450
vt 0.281250 0.504450
vt 0.273438 0.504450
vt 0.515625 0.504450
vt 0.507812 0.504450
vt 0.500000 0.504450
vt 0.531250 0.504450
vt 0.523438 0.504450
vt 0.484375 0.000000
vt 0.492188 0.000000
vt 0.500000 0.000000
vt 0.468750 0.000000
vt 0.476562 0.000000
vt 0.515625 0.754450
vt 0.507812 0.754450
vt 0.500000 0.754450
vt 0.531250 0.754450
vt 0.523438 0.754450
vt 0.515625 0.254450
vt 0.507812 0.254450
vt 0.500000 0.254450
vt 0.531250 0.254450
vt 0.523438 0.254450
vt 0.625000 0.859375
vt 0.625000 0.867188
vt 0.625000 0.875000
vt 0.625000 0.843750
vt 0.625000 0.851562
vt 0.629450 0.609375
vt 0.629450 0.617188
vt 0.629450 0.625000
vt 0.629450 0.593750
vt 0.629450 0.601562
vt 0.625000 0.109375
vt 0.625000 0.117188
vt 0.625000 0.125000
vt 0.625000 0.093750
vt 0.625000 0.101562
vt 0.625000 0.359375
vt 0.625000 0.367188
vt 0.625000 0.375000
vt 0.625000 0.343750
vt 0.625000 0.351562
vt 0.129450 0.671875
vt 0.129450 0.679688
vt 0.129450 0.687500
vt 0.129450 0.656250
vt 0.129450 0.664062
vt 0.203125 0.504450
vt 0.195312 0.504450
vt 0.187500 0.504450
vt 0.218750 0.504450
vt 0.210938 0.504450
vt 0.453125 0.504450
vt 0.445312 0.504450
vt 0.437500 0.504450
vt 0.468750 0.504450
vt 0.460938 0.504450
vt 0.546875 0.000000
vt 0.554688 0.000000
vt 0.562500 0.000000
vt 0.531250 0.000000
vt 0.539062 0.000000
vt 0.453125 0.754450
vt 0.445312 0.754450
vt 0.437500 0.754450
vt 0.468750 0.754450
vt 0.460938 0.754450
vt 0.453125 0.254450
vt 0.445312 0.254450
vt 0.437500 0.254450
vt 0.468750 0.254450
vt 0.460938 0.254450
vt 0.625000 0.921875
vt 0.625000 0.929688
vt 0.625000 0.937500
vt 0.625000 0.906250
vt 0.625000 0.914062
vt 0.629450 0.671875
vt 0.629450 0.679688
vt 0.629450 0.687500
vt 0.629450 0.656250
vt 0.629450 0.664062
vt 0.625000 0.171875
vt 0.625000 0.179688
vt 0.625000 0.187500
vt 0.625000 0.156250
vt 0.625000 0.164062
vt 0.625000 0.421875
vt 0.625000 0.429688
vt 0.625000 0.437500
vt 0.625000 0.406250
vt 0.625000 0.414062
vt 0.129450 0.546875
vt 0.129450 0.554688
vt 0.129450 0.562500
vt 0.129450 0.531250
vt 0.129450 0.539062
vt 0.328125 0.504450
vt 0.320312 0.504450
vt 0.312500 0.504450
vt 0.343750 0.504450
vt 0.335938 0.504450
vt 0.578125 0.504450
vt 0.570312 0.504450
vt 0.562500 0.504450
vt 0.593750 0.504450
vt 0.585938 0.504450
vt 0.421875 0.000000
vt 0.429688 0.000000
vt 0.437500 0.000000
vt 0.406250 0.000000
vt 0.414062 0.000000
vt 0.578125 0.754450
vt 0.570312 0.754450
vt 0.562500 0.754450
vt 0.593750 0.754450
vt 0.585938 0.754450
vt 0.578125 0.254450
vt 0.570312 0.254450
vt 0.562500 0.254450
vt 0.593750 0.254450
vt 0.585938 0.254450
vt 0.625000 0.796875
vt 0.625000 0.804688
vt 0.625000 0.812500
vt 0.625000 0.781250
vt 0.625000 0.789062
vt 0.629450 0.546875
vt 0.629450 0.554688
vt 0.629450 0.562500
vt 0.629450 0.531250
vt 0.629450 0.539062
vt 0.625000 0.046875
vt 0.625000 0.054688
vt 0.625000 0.062500
vt 0.625000 0.031250
vt 0.625000 0.039062
vt 0.625000 0.296875
vt 0.625000 0.304688
vt 0.625000 0.312500
vt 0.625000 0.281250
vt 0.625000 0.289062
vt 0.129450 0.703125
vt 0.129450 0.710938
vt 0.129450 0.695312
vt 0.171875 0.504450
vt 0.164062 0.504450
vt 0.179688 0.504450
vt 0.421875 0.504450
vt 0.414062 0.504450
vt 0.429688 0.504450
vt 0.578125 0.000000
vt 0.585938 0.000000
vt 0.570312 0.000000
vt 0.421875 0.754450
vt 0.414062 0.754450
vt 0.429688 0.754450
vt 0.421875 0.254450
vt 0.414062 0.254450
vt 0.429688 0.254450
vt 0.625000 0.953125
vt 0.625000 0.960938
vt 0.625000 0.945312
vt 0.629450 0.703125
vt 0.629450 0.710938
vt 0.629450 0.695312
vt 0.625000 0.203125
vt 0.625000 0.210938
vt 0.625000 0.195312
vt 0.625000 0.453125
vt 0.625000 0.460938
vt 0.625000 0.445312
vt 0.129450 0.578125
vt 0.129450 0.585938
vt 0.129450 0.570312
vt 0.296875 0.504450
vt 0.289062 0.504450
vt 0.304688 0.504450
vt 0.546875 0.504450
vt 0.539062 0.504450
vt 0.554688 0.504450
vt 0.453125 0.000000
vt 0.460938 0.000000
vt 0.445312 0.000000
vt 0.546875 0.754450
vt 0.539062 0.754450
vt 0.554688 0.754450
vt 0.546875 0.254450
vt 0.539062 0.254450
vt 0.554688 0.254450
vt 0.625000 0.828125
vt 0.625000 0.835938
vt 0.625000 0.820312
vt 0.629450 0.578125
vt 0.629450 0.585938
vt 0.629450 0.570312
vt 0.625000 0.078125
vt 0.625000 0.085938
vt 0.625000 0.070312
vt 0.625000 0.328125
vt 0.625000 0.335938
vt 0.625000 0.320312
vt 0.129450 0.640625
vt 0.129450 0.648438
vt 0.129450 0.632812
vt 0.234375 0.504450
vt 0.226562 0.504450
vt 0.242188 0.504450
vt 0.484375 0.504450
vt 0.476562 0.504450
vt 0.492188 0.504450
vt 0.515625 0.000000
vt 0.523438 0.000000
vt 0.507812 0.000000
vt 0.484375 0.754450
vt 0.476562 0.754450
vt 0.492188 0.754450
vt 0.484375 0.254450
vt 0.476562 0.254450
vt 0.492188 0.254450
vt 0.625000 0.890625
vt 0.625000 0.898438
vt 0.625000 0.882812
vt 0.629450 0.640625
vt 0.629450 0.648438
vt 0.629450 0.632812
vt 0.625000 0.140625
vt 0.625000 0.148438
vt 0.625000 0.132812
vt 0.625000 0.390625
vt 0.625000 0.398438
vt 0.625000 0.382812
vt 0.129450 0.517850
vt 0.129450 0.524550
vt 0.129450 0.511150
vt 0.357150 0.504450
vt 0.350450 0.504450
vt 0.363850 0.504450
vt 0.607150 0.503894
vt 0.600450 0.504172
vt 0.613850 0.503615
vt 0.392850 0.000000
vt 0.399550 0.000000
vt 0.379450 0.001112
vt 0.379450 0.002225
vt 0.379450 0.000000
vt 0.386150 0.000000
vt 0.379450 0.003337
vt 0.379450 0.004450
vt 0.607150 0.754450
vt 0.600450 0.754450
vt 0.613850 0.754450
vt 0.607150 0.253894
vt 0.600450 0.254172
vt 0.613850 0.253616
vt 0.626112 0.765625
vt 0.625556 0.773438
vt 0.626669 0.757812
vt 0.628337 0.515625
vt 0.628894 0.523438
vt 0.627781 0.507812
vt 0.625000 0.017850
vt 0.625000 0.024550
vt 0.625000 0.011150
vt 0.625000 0.264883
vt 0.625000 0.273067
vt 0.625000 0.256700
vt 0.641737 0.502225
vt 0.648994 0.503337
vt 0.656250 0.504450
vt 0.634481 0.501112
vt 0.593750 0.468750
vt 0.378337 0.476006
vt 0.377225 0.483263
vt 0.379450 0.468750
vt 0.376113 0.490519
vt 0.593750 0.718750
vt 0.376113 0.759481
vt 0.377225 0.766737
vt 0.378337 0.773994
vt 0.379450 0.781250
vt 0.343750 0.718750
vt 0.857150 0.504450
vt 0.863850 0.504450
vt 0.870550 0.504450
vt 0.843750 0.504450
vt 0.850450 0.504450
vt 0.593750 0.218750
vt 0.379450 0.261150
vt 0.379450 0.267850
vt 0.379450 0.274550
vt 0.379450 0.281250
vt 0.379450 0.225450
vt 0.379450 0.232150
vt 0.379450 0.218750
vt 0.379450 0.238850
vt 0.593750 0.968750
vt 0.843750 0.718750
vt 0.379450 0.011150
vt 0.379450 0.017850
vt 0.379450 0.024550
vt 0.379450 0.031250
vt 0.379450 0.975450
vt 0.379450 0.982150
vt 0.379450 0.968750
vt 0.379450 0.988850
vt 0.379450 0.995550
vt 0.379450 0.132812
vt 0.379450 0.140625
vt 0.379450 0.125000
vt 0.379450 0.148438
vt 0.379450 0.156250
vt 0.379450 0.101562
vt 0.379450 0.109375
vt 0.379450 0.093750
vt 0.379450 0.117188
vt 0.379450 0.382812
vt 0.379450 0.390625
vt 0.379450 0.375000
vt 0.379450 0.398438
vt 0.379450 0.406250
vt 0.379450 0.351562
vt 0.379450 0.359375
vt 0.379450 0.343750
vt 0.379450 0.367188
vt 0.379450 0.882812
vt 0.379450 0.890625
vt 0.379450 0.875000
vt 0.379450 0.898438
vt 0.379450 0.906250
vt 0.379450 0.851562
vt 0.379450 0.859375
vt 0.379450 0.843750
vt 0.379450 0.867188
vt 0.765625 0.504450
vt 0.773438 0.504450
vt 0.781250 0.504450
vt 0.750000 0.504450
vt 0.757812 0.504450
vt 0.734375 0.504450
vt 0.742188 0.504450
vt 0.718750 0.504450
vt 0.726562 0.504450
vt 0.379450 0.070312
vt 0.379450 0.078125
vt 0.379450 0.062500
vt 0.379450 0.085938
vt 0.379450 0.039062
vt 0.379450 0.046875
vt 0.379450 0.054688
vt 0.379450 0.320312
vt 0.379450 0.328125
vt 0.379450 0.312500
vt 0.379450 0.335938
vt 0.379450 0.289062
vt 0.379450 0.296875
vt 0.379450 0.304688
vt 0.414062 0.468750
vt 0.414062 0.718750
vt 0.414062 0.218750
vt 0.593750 0.960938
vt 0.593750 0.710938
vt 0.379450 0.820312
vt 0.379450 0.828125
vt 0.379450 0.812500
vt 0.379450 0.835938
vt 0.379450 0.789062
vt 0.379450 0.796875
vt 0.379450 0.804688
vt 0.593750 0.210938
vt 0.843750 0.539062
vt 0.703125 0.504450
vt 0.710938 0.504450
vt 0.687500 0.504450
vt 0.695312 0.504450
vt 0.593750 0.460938
vt 0.671875 0.504450
vt 0.679688 0.504450
vt 0.664062 0.504450
vt 0.343750 0.539062
vt 0.379450 0.195312
vt 0.379450 0.203125
vt 0.379450 0.187500
vt 0.379450 0.210938
vt 0.379450 0.164062
vt 0.379450 0.171875
vt 0.379450 0.179688
vt 0.379450 0.445312
vt 0.379450 0.453125
vt 0.379450 0.437500
vt 0.379450 0.460938
vt 0.379450 0.414062
vt 0.379450 0.421875
vt 0.379450 0.429688
vt 0.414062 0.968750
vt 0.593750 0.789062
vt 0.664062 0.718750
vt 0.593750 0.539062
vt 0.379450 0.945312
vt 0.379450 0.953125
vt 0.379450 0.937500
vt 0.379450 0.960938
vt 0.379450 0.914062
vt 0.379450 0.921875
vt 0.379450 0.929688
vt 0.164062 0.718750
vt 0.843750 0.710938
vt 0.593750 0.039062
vt 0.828125 0.504450
vt 0.835938 0.504450
vt 0.812500 0.504450
vt 0.820312 0.504450
vt 0.796875 0.504450
vt 0.804688 0.504450
vt 0.789062 0.504450
vt 0.593750 0.289062
vt 0.343750 0.710938
s 1
usemtl Material
f 287/1/1 56/2/1 1/3/1 81/4/1
f 284/5/2 60/6/2 2/7/2 85/8/2
f 281/9/3 64/10/3 3/11/3 89/12/3
f 278/13/4 68/14/4 4/15/4 93/16/4
f 275/17/5 72/18/5 5/19/5 97/20/5
f 272/21/6 76/22/6 6/23/6 101/24/6
f 270/25/6 103/26/6 30/27/6 78/28/6
f 269/29/6 1470/30/6 594/31/6 2082/32/6 104/33/6 31/34/6 105/35/6
f 267/36/6 107/37/6 29/38/6 77/39/6 1465/40/6 589/41/6 2077/42/6
f 588/43/6 2076/44/6 108/45/6 32/46/6 109/47/6 1463/48/6 587/49/6 3690/50/6
f 265/51/6 1462/52/6 586/53/6 2074/54/6 100/55/6 28/56/6 110/57/6
f 263/58/6 112/59/6 33/60/6 113/61/6 1457/62/6 581/63/6 2069/64/6
f 262/65/6 99/66/6 27/67/6 114/68/6
f 261/69/5 115/70/5 26/71/5 74/72/5
f 260/73/5 1456/74/5 580/75/5 2068/76/5 116/77/5 34/78/5 117/79/5
f 258/80/5 119/81/5 25/82/5 73/83/5 1451/84/5 575/85/5 2063/86/5
f 574/87/5 2062/88/5 120/89/5 35/90/5 121/91/5 1449/92/5 573/93/5 3689/94/5
f 256/95/5 1448/96/5 572/97/5 2060/98/5 96/99/5 24/100/5 122/101/5
f 254/102/5 124/103/5 36/104/5 125/105/5 1443/106/5 567/107/5 2055/108/5
f 253/109/5 95/110/5 23/111/5 126/112/5
f 252/113/4 127/114/4 22/115/4 70/116/4
f 251/117/4 1442/118/4 566/119/4 2054/120/4 128/121/4 37/122/4 129/123/4
f 249/124/4 131/125/4 21/126/4 69/127/4 1437/128/4 561/129/4 2049/130/4
f 560/131/4 2048/132/4 132/133/4 38/134/4 133/135/4 1435/136/4 559/137/4 3688/138/4
f 247/139/4 1434/140/4 558/141/4 2046/142/4 92/143/4 20/144/4 134/145/4
f 245/146/4 136/147/4 39/148/4 137/149/4 1429/150/4 553/151/4 2041/152/4
f 244/153/4 91/154/4 19/155/4 138/156/4
f 243/157/3 139/158/3 18/159/3 66/160/3
f 242/161/3 1428/162/3 552/163/3 2040/164/3 140/165/3 40/166/3 141/167/3
f 240/168/3 143/169/3 17/170/3 65/171/3 1423/172/3 547/173/3 2035/174/3
f 546/175/3 2034/176/3 144/177/3 41/178/3 145/179/3 1421/180/3 545/181/3 3687/182/3
f 238/183/3 1420/184/3 544/185/3 2032/186/3 88/187/3 16/188/3 146/189/3
f 236/190/3 148/191/3 42/192/3 149/193/3 1415/194/3 539/195/3 2027/196/3
f 235/197/3 87/198/3 15/199/3 150/200/3
f 234/201/2 151/202/2 14/203/2 62/204/2
f 233/205/2 1414/206/2 538/207/2 2026/208/2 152/209/2 43/210/2 153/211/2
f 231/212/2 155/213/2 13/214/2 61/215/2 1409/216/2 533/217/2 2021/218/2
f 532/219/2 2020/220/2 156/221/2 44/222/2 157/223/2 1407/224/2 531/225/2 3686/226/2
f 229/227/2 1406/228/2 530/229/2 2018/230/2 84/231/2 12/232/2 158/233/2
f 227/234/2 160/235/2 45/236/2 161/237/2 1401/238/2 525/239/2 2013/240/2
f 226/241/2 83/242/2 11/243/2 162/244/2
f 225/245/1 163/246/1 10/247/1 58/248/1
f 224/249/1 1400/250/1 524/251/1 2012/252/1 164/253/1 46/254/1 165/255/1
f 222/256/1 167/257/1 9/258/1 57/259/1 1395/260/1 519/261/1 2007/262/1
f 518/263/1 2006/264/1 168/265/1 47/266/1 169/267/1 1393/268/1 517/269/1 3685/270/1
f 220/271/1 1392/272/1 516/273/1 2004/274/1 80/275/1 8/276/1 170/277/1
f 218/278/1 172/279/1 48/280/1 173/281/1 1387/282/1 511/283/1 1999/284/1
f 217/285/1 79/286/1 7/287/1 174/288/1
f 215/289/1 176/290/1 49/291/1 177/292/1
f 212/293/2 180/294/2 50/295/2 181/296/2
f 209/297/3 184/298/3 51/299/3 185/300/3
f 206/301/4 188/302/4 52/303/4 189/304/4
f 203/305/5 192/306/5 53/307/5 193/308/5
f 200/309/6 196/310/6 54/311/6 197/312/6
f 196/310/6 199/313/6 1975/314/6 487/315/6 1363/316/6 198/317/6 54/311/6
f 30/27/6 102/318/6 1976/319/6 488/320/6 1364/321/6 199/313/6 196/310/6
f 99/66/6 200/309/6 197/312/6 27/67/6
f 6/23/6 78/28/6 200/309/6 99/66/6
f 78/28/6 30/27/6 196/310/6 200/309/6
f 27/67/6 197/312/6 201/322/6 1977/323/6 489/324/6 1365/325/6 75/326/6
f 197/312/6 54/311/6 195/327/6 1978/328/6 490/329/6 1366/330/6 201/322/6
f 192/306/5 202/331/5 1979/332/5 491/333/5 1367/334/5 194/335/5 53/307/5
f 26/71/5 98/336/5 1980/337/5 492/338/5 1368/339/5 202/331/5 192/306/5
f 95/110/5 203/305/5 193/308/5 23/111/5
f 5/19/5 74/72/5 203/305/5 95/110/5
f 74/72/5 26/71/5 192/306/5 203/305/5
f 23/111/5 193/308/5 204/340/5 1981/341/5 493/342/5 1369/343/5 71/344/5
f 193/308/5 53/307/5 191/345/5 1982/346/5 494/347/5 1370/348/5 204/340/5
f 188/302/4 205/349/4 1983/350/4 495/351/4 1371/352/4 190/353/4 52/303/4
f 22/115/4 94/354/4 1984/355/4 496/356/4 1372/357/4 205/349/4 188/302/4
f 91/154/4 206/301/4 189/304/4 19/155/4
f 4/15/4 70/116/4 206/301/4 91/154/4
f 70/116/4 22/115/4 188/302/4 206/301/4
f 19/155/4 189/304/4 207/358/4 1985/359/4 497/360/4 1373/361/4 67/362/4
f 189/304/4 52/303/4 187/363/4 1986/364/4 498/365/4 1374/366/4 207/358/4
f 184/298/3 208/367/3 1987/368/3 499/369/3 1375/370/3 186/371/3 51/299/3
f 18/159/3 90/372/3 1988/373/3 500/374/3 1376/375/3 208/367/3 184/298/3
f 87/198/3 209/297/3 185/300/3 15/199/3
f 3/11/3 66/160/3 209/297/3 87/198/3
f 66/160/3 18/159/3 184/298/3 209/297/3
f 15/199/3 185/300/3 210/376/3 1989/377/3 501/378/3 1377/379/3 63/380/3
f 185/300/3 51/299/3 183/381/3 1990/382/3 502/383/3 1378/384/3 210/376/3
f 180/294/2 211/385/2 1991/386/2 503/387/2 1379/388/2 182/389/2 50/295/2
f 14/203/2 86/390/2 1992/391/2 504/392/2 1380/393/2 211/385/2 180/294/2
f 83/242/2 212/293/2 181/296/2 11/243/2
f 2/7/2 62/204/2 212/293/2 83/242/2
f 62/204/2 14/203/2 180/294/2 212/293/2
f 11/243/2 181/296/2 213/394/2 1993/395/2 505/396/2 1381/397/2 59/398/2
f 181/296/2 50/295/2 179/399/2 1994/400/2 506/401/2 1382/402/2 213/394/2
f 176/290/1 214/403/1 1995/404/1 507/405/1 1383/406/1 178/407/1 49/291/1
f 10/247/1 82/408/1 1996/409/1 508/410/1 1384/411/1 214/403/1 176/290/1
f 79/286/1 215/289/1 177/292/1 7/287/1
f 1/3/1 58/248/1 215/289/1 79/286/1
f 58/248/1 10/247/1 176/290/1 215/289/1
f 7/287/1 177/292/1 216/412/1 1997/413/1 509/414/1 1385/415/1 55/416/1
f 177/292/1 49/291/1 175/417/1 1998/418/1 510/419/1 1386/420/1 216/412/1
f 172/279/1 217/285/1 174/288/1 48/280/1
f 9/258/1 81/4/1 217/285/1 172/279/1
f 81/4/1 1/3/1 79/286/1 217/285/1
f 57/259/1 9/258/1 172/279/1 218/278/1 1388/421/1 512/422/1 2000/423/1
f 513/424/1 3684/425/1 1389/426/1
f 168/265/1 1391/427/1 515/428/1 2003/429/1 220/271/1 170/277/1 47/266/1
f 169/267/1 47/266/1 167/257/1 222/256/1 1396/430/1 520/431/1 2008/432/1
f 522/433/1 2010/434/1 3683/435/1
f 80/275/1 1399/436/1 523/437/1 2011/438/1 224/249/1 165/255/1 8/276/1
f 56/2/1 225/245/1 58/248/1 1/3/1
f 8/276/1 165/255/1 225/245/1 56/2/1
f 165/255/1 46/254/1 163/246/1 225/245/1
f 160/235/2 226/241/2 162/244/2 45/236/2
f 13/214/2 85/8/2 226/241/2 160/235/2
f 85/8/2 2/7/2 83/242/2 226/241/2
f 61/215/2 13/214/2 160/235/2 227/234/2 1402/439/2 526/440/2 2014/441/2
f 527/442/2 3682/443/2 1403/444/2
f 156/221/2 1405/445/2 529/446/2 2017/447/2 229/227/2 158/233/2 44/222/2
f 157/223/2 44/222/2 155/213/2 231/212/2 1410/448/2 534/449/2 2022/450/2
f 536/451/2 2024/452/2 3681/453/2
f 84/231/2 1413/454/2 537/455/2 2025/456/2 233/205/2 153/211/2 12/232/2
f 60/6/2 234/201/2 62/204/2 2/7/2
f 12/232/2 153/211/2 234/201/2 60/6/2
f 153/211/2 43/210/2 151/202/2 234/201/2
f 148/191/3 235/197/3 150/200/3 42/192/3
f 17/170/3 89/12/3 235/197/3 148/191/3
f 89/12/3 3/11/3 87/198/3 235/197/3
f 65/171/3 17/170/3 148/191/3 236/190/3 1416/457/3 540/458/3 2028/459/3
f 541/460/3 3680/461/3 1417/462/3
f 144/177/3 1419/463/3 543/464/3 2031/465/3 238/183/3 146/189/3 41/178/3
f 145/179/3 41/178/3 143/169/3 240/168/3 1424/466/3 548/467/3 2036/468/3
f 550/469/3 2038/470/3 3679/471/3
f 88/187/3 1427/472/3 551/473/3 2039/474/3 242/161/3 141/167/3 16/188/3
f 64/10/3 243/157/3 66/160/3 3/11/3
f 16/188/3 141/167/3 243/157/3 64/10/3
f 141/167/3 40/166/3 139/158/3 243/157/3
f 136/147/4 244/153/4 138/156/4 39/148/4
f 21/126/4 93/16/4 244/153/4 136/147/4
f 93/16/4 4/15/4 91/154/4 244/153/4
f 69/127/4 21/126/4 136/147/4 245/146/4 1430/475/4 554/476/4 2042/477/4
f 555/478/4 3678/479/4 1431/480/4
f 132/133/4 1433/481/4 557/482/4 2045/483/4 247/139/4 134/145/4 38/134/4
f 133/135/4 38/134/4 131/125/4 249/124/4 1438/484/4 562/485/4 2050/486/4
f 564/487/4 2052/488/4 3677/489/4
f 92/143/4 1441/490/4 565/491/4 2053/492/4 251/117/4 129/123/4 20/144/4
f 68/14/4 252/113/4 70/116/4 4/15/4
f 20/144/4 129/123/4 252/113/4 68/14/4
f 129/123/4 37/122/4 127/114/4 252/113/4
f 124/103/5 253/109/5 126/112/5 36/104/5
f 25/82/5 97/20/5 253/109/5 124/103/5
f 97/20/5 5/19/5 95/110/5 253/109/5
f 73/83/5 25/82/5 124/103/5 254/102/5 1444/493/5 568/494/5 2056/495/5
f 569/496/5 3676/497/5 1445/498/5
f 120/89/5 1447/499/5 571/500/5 2059/501/5 256/95/5 122/101/5 35/90/5
f 121/91/5 35/90/5 119/81/5 258/80/5 1452/502/5 576/503/5 2064/504/5
f 578/505/5 2066/506/5 3675/507/5
f 96/99/5 1455/508/5 579/509/5 2067/510/5 260/73/5 117/79/5 24/100/5
f 72/18/5 261/69/5 74/72/5 5/19/5
f 24/100/5 117/79/5 261/69/5 72/18/5
f 117/79/5 34/78/5 115/70/5 261/69/5
f 112/59/6 262/65/6 114/68/6 33/60/6
f 29/38/6 101/24/6 262/65/6 112/59/6
f 101/24/6 6/23/6 99/66/6 262/65/6
f 77/39/6 29/38/6 112/59/6 263/58/6 1458/511/6 582/512/6 2070/513/6
f 583/514/6 3674/515/6 1459/516/6
f 108/45/6 1461/517/6 585/518/6 2073/519/6 265/51/6 110/57/6 32/46/6
f 109/47/6 32/46/6 107/37/6 267/36/6 1466/520/6 590/521/6 2078/522/6
f 592/523/6 2080/524/6 3673/525/6
f 100/55/6 1469/526/6 593/527/6 2081/528/6 269/29/6 105/35/6 28/56/6
f 76/22/6 270/25/6 78/28/6 6/23/6
f 28/56/6 105/35/6 270/25/6 76/22/6
f 105/35/6 31/34/6 103/26/6 270/25/6
f 103/26/6 271/529/6 2083/530/6 595/531/6 1471/532/6 102/318/6 30/27/6
f 31/34/6 106/533/6 2084/534/6 596/535/6 1472/536/6 271/529/6 103/26/6
f 107/37/6 272/21/6 101/24/6 29/38/6
f 32/46/6 110/57/6 272/21/6 107/37/6
f 110/57/6 28/56/6 76/22/6 272/21/6
f 33/60/6 114/68/6 273/537/6 2085/538/6 597/539/6 1473/540/6 111/541/6
f 114/68/6 27/67/6 75/326/6 2086/542/6 598/543/6 1474/544/6 273/537/6
f 115/70/5 274/545/5 2087/546/5 599/547/5 1475/548/5 98/336/5 26/71/5
f 34/78/5 118/549/5 2088/550/5 600/551/5 1476/552/5 274/545/5 115/70/5
f 119/81/5 275/17/5 97/20/5 25/82/5
f 35/90/5 122/101/5 275/17/5 119/81/5
f 122/101/5 24/100/5 72/18/5 275/17/5
f 36/104/5 126/112/5 276/553/5 2089/554/5 601/555/5 1477/556/5 123/557/5
f 126/112/5 23/111/5 71/344/5 2090/558/5 602/559/5 1478/560/5 276/553/5
f 127/114/4 277/561/4 2091/562/4 603/563/4 1479/564/4 94/354/4 22/115/4
f 37/122/4 130/565/4 2092/566/4 604/567/4 1480/568/4 277/561/4 127/114/4
f 131/125/4 278/13/4 93/16/4 21/126/4
f 38/134/4 134/145/4 278/13/4 131/125/4
f 134/145/4 20/144/4 68/14/4 278/13/4
f 39/148/4 138/156/4 279/569/4 2093/570/4 605/571/4 1481/572/4 135/573/4
f 138/156/4 19/155/4 67/362/4 2094/574/4 606/575/4 1482/576/4 279/569/4
f 139/158/3 280/577/3 2095/578/3 607/579/3 1483/580/3 90/372/3 18/159/3
f 40/166/3 142/581/3 2096/582/3 608/583/3 1484/584/3 280/577/3 139/158/3
f 143/169/3 281/9/3 89/12/3 17/170/3
f 41/178/3 146/189/3 281/9/3 143/169/3
f 146/189/3 16/188/3 64/10/3 281/9/3
f 42/192/3 150/200/3 282/585/3 2097/586/3 609/587/3 1485/588/3 147/589/3
f 150/200/3 15/199/3 63/380/3 2098/590/3 610/591/3 1486/592/3 282/585/3
f 151/202/2 283/593/2 2099/594/2 611/595/2 1487/596/2 86/390/2 14/203/2
f 43/210/2 154/597/2 2100/598/2 612/599/2 1488/600/2 283/593/2 151/202/2
f 155/213/2 284/5/2 85/8/2 13/214/2
f 44/222/2 158/233/2 284/5/2 155/213/2
f 158/233/2 12/232/2 60/6/2 284/5/2
f 45/236/2 162/244/2 285/601/2 2101/602/2 613/603/2 1489/604/2 159/605/2
f 162/244/2 11/243/2 59/398/2 2102/606/2 614/607/2 1490/608/2 285/601/2
f 163/246/1 286/609/1 2103/610/1 615/611/1 1491/612/1 82/408/1 10/247/1
f 46/254/1 166/613/1 2104/614/1 616/615/1 1492/616/1 286/609/1 163/246/1
f 167/257/1 287/1/1 81/4/1 9/258/1
f 47/266/1 170/277/1 287/1/1 167/257/1
f 170/277/1 8/276/1 56/2/1 287/1/1
f 48/280/1 174/288/1 288/617/1 2105/618/1 617/619/1 1493/620/1 171/621/1
f 174/288/1 7/287/1 55/416/1 2106/622/1 618/623/1 1494/624/1 288/617/1
f 620/625/1 3672/626/1 2108/627/1
f 622/628/2 3671/629/2 2110/630/2
f 624/631/3 3670/632/3 2112/633/3
f 626/634/4 3669/635/4 2114/636/4
f 628/637/5 3668/638/5 2116/639/5
f 630/640/6 3667/641/6 2118/642/6
f 295/643/7 2120/644/56 1507/645/55
f 298/646/10 2123/647/59 1510/648/58
f 301/649/13 2126/650/62 1513/651/61
f 304/652/16 2129/653/65 1516/654/64
f 307/655/19 2132/656/68 1519/657/67
f 310/658/22 2135/659/71 1522/660/70
f 313/661/25 2138/662/74 1525/663/73
f 316/664/28 2141/665/77 1528/666/76
f 4746/667/79 2140/668/76 318/669/30 2145/670/32
f 4745/671/80 2134/672/70 312/673/24 2148/674/34
f 4744/675/81 2123/647/59 298/646/10 2151/676/36
f 4743/677/82 2138/662/74 313/661/25 2154/678/38
f 4742/679/83 2129/653/65 304/652/16 2157/680/40
f 4741/681/84 2136/682/72 311/683/23 2160/684/42
f 4740/685/85 2139/686/75 314/687/26 2163/688/44
f 4739/689/86 2125/690/61 303/691/15 2166/692/46
f 4738/693/87 2130/694/66 305/695/17 2169/696/48
f 4737/697/88 2131/698/67 309/699/21 2172/700/50
f 4736/701/89 2119/702/55 297/703/9 2175/704/52
f 4735/705/90 2124/706/60 299/707/11 2178/708/54
f 4734/709/79 1569/710/79 320/711/32 2182/712/32
f 4733/713/80 1573/714/80 322/715/34 2186/716/34
f 4732/717/81 1577/718/81 324/719/36 2190/720/36
f 4731/721/82 1581/722/82 326/723/38 2194/724/38
f 4730/725/83 1585/726/83 328/727/40 2198/728/40
f 4729/729/84 1589/730/84 330/731/42 2202/732/42
f 4728/733/85 1593/734/85 332/735/44 2206/736/44
f 4727/737/86 1597/738/86 334/739/46 2210/740/46
f 4726/741/87 1601/742/87 336/743/48 2214/744/48
f 4725/745/88 1605/746/88 338/747/50 2218/748/50
f 4724/749/89 1609/750/89 340/751/52 2222/752/52
f 4723/753/90 1613/754/90 342/755/54 2226/756/54
f 4722/757/79 1617/758/79 344/759/32 2230/760/32
f 4721/761/80 1621/762/80 346/763/34 2234/764/34
f 4720/765/81 1625/766/81 348/767/36 2238/768/36
f 4719/769/82 1629/770/82 350/771/38 2242/772/38
f 4718/773/83 1633/774/83 352/775/40 2246/776/40
f 4717/777/84 1637/778/84 354/779/42 2250/780/42
f 4716/781/85 1641/782/85 356/783/44 2254/784/44
f 4715/785/86 1645/786/86 358/787/46 2258/788/46
f 4714/789/87 1649/790/87 360/791/48 2262/792/48
f 4713/793/88 1653/794/88 362/795/50 2266/796/50
f 4712/797/89 1657/798/89 364/799/52 2270/800/52
f 4711/801/90 1661/802/90 366/803/54 2274/804/54
f 4710/805/79 1665/806/79 368/807/32 2278/808/32
f 4709/809/80 1669/810/80 370/811/34 2282/812/34
f 4708/813/81 1673/814/81 372/815/36 2286/816/36
f 4707/817/82 1677/818/82 374/819/38 2290/820/38
f 4706/821/83 1681/822/83 376/823/40 2294/824/40
f 4705/825/84 1685/826/84 378/827/42 2298/828/42
f 4704/829/85 1689/830/85 380/831/44 2302/832/44
f 4703/833/86 1693/834/86 382/835/46 2306/836/46
f 4702/837/87 1697/838/87 384/839/48 2310/840/48
f 4701/841/88 1701/842/88 386/843/50 2314/844/50
f 4700/845/89 1705/846/89 388/847/52 2318/848/52
f 4699/849/90 1709/850/90 390/851/54 2322/852/54
f 4698/853/79 2143/854/79 391/855/32 2324/856/32
f 4697/857/80 2146/858/80 393/859/34 2326/860/34
f 4696/861/81 2149/862/81 395/863/36 2328/864/36
f 4695/865/82 2152/866/82 397/867/38 2330/868/38
f 4694/869/83 2155/870/83 399/871/40 2332/872/40
f 4693/873/84 2158/874/84 401/875/42 2334/876/42
f 4692/877/85 2161/878/85 403/879/44 2336/880/44
f 4691/881/86 2164/882/86 405/883/46 2338/884/46
f 4690/885/87 2167/886/87 407/887/48 2340/888/48
f 4689/889/88 2170/890/88 409/891/50 2342/892/50
f 4688/893/89 2173/894/89 411/895/52 2344/896/52
f 4687/897/90 2176/898/90 413/899/54 2346/900/54
f 4686/901/79 2179/902/79 415/903/32 2348/904/32
f 4685/905/80 2183/906/80 417/907/34 2350/908/34
f 4684/909/81 2187/910/81 419/911/36 2352/912/36
f 4683/913/82 2191/914/82 421/915/38 2354/916/38
f 4682/917/83 2195/918/83 423/919/40 2356/920/40
f 4681/921/84 2199/922/84 425/923/42 2358/924/42
f 4680/925/85 2203/926/85 427/927/44 2360/928/44
f 4679/929/86 2207/930/86 429/931/46 2362/932/46
f 4678/933/87 2211/934/87 431/935/48 2364/936/48
f 4677/937/88 2215/938/88 433/939/50 2366/940/50
f 4676/941/89 2219/942/89 435/943/52 2368/944/52
f 4675/945/90 2223/946/90 437/947/54 2370/948/54
f 4674/949/79 2227/950/79 439/951/32 2372/952/32
f 4673/953/80 2231/954/80 441/955/34 2374/956/34
f 4672/957/81 2235/958/81 443/959/36 2376/960/36
f 4671/961/82 2239/962/82 445/963/38 2378/964/38
f 4670/965/83 2243/966/83 447/967/40 2380/968/40
f 4669/969/84 2247/970/84 449/971/42 2382/972/42
f 4668/973/85 2251/974/85 451/975/44 2384/976/44
f 4667/977/86 2255/978/86 453/979/46 2386/980/46
f 4666/981/87 2259/982/87 455/983/48 2388/984/48
f 4665/985/88 2263/986/88 457/987/50 2390/988/50
f 4664/989/89 2267/990/89 459/991/52 2392/992/52
f 4663/993/90 2271/994/90 461/995/54 2394/996/54
f 4662/997/79 2275/998/79 463/999/32 2396/1000/32
f 4661/1001/80 2279/1002/80 465/1003/34 2398/1004/34
f 4660/1005/81 2283/1006/81 467/1007/36 2400/1008/36
f 4659/1009/82 2287/1010/82 469/1011/38 2402/1012/38
f 4658/1013/83 2291/1014/83 471/1015/40 2404/1016/40
f 4657/1017/84 2295/1018/84 473/1019/42 2406/1020/42
f 4656/1021/85 2299/1022/85 475/1023/44 2408/1024/44
f 4655/1025/86 2303/1026/86 477/1027/46 2410/1028/46
f 4654/1029/87 2307/1030/87 479/1031/48 2412/1032/48
f 4653/1033/88 2311/1034/88 481/1035/50 2414/1036/50
f 4652/1037/89 2315/1038/89 483/1039/52 2416/1040/52
f 4651/1041/90 2319/1042/90 485/1043/54 2418/1044/54
f 4650/1045/6 1807/1046/6 266/1047/6 2420/1048/6
f 4649/1049/1 2175/704/52 297/703/9 1788/1050/36
f 4648/1051/2 2410/1028/46 477/1027/46 2424/1052/2
f 4647/1053/2 1813/1054/2 230/1055/2 2426/1056/2
f 4646/1057/3 2177/1058/53 414/1059/53 2428/1060/3
f 4645/1061/1 1818/1062/1 395/863/36 1539/1063/36
f 4644/1064/6 1820/1065/6 476/1066/43 1795/1067/43
f 4643/1068/2 2166/692/46 303/691/15 1792/1069/40
f 4642/1070/5 2408/1024/44 475/1023/44 2436/1071/5
f 4641/1072/5 1825/1073/5 257/1074/5 2438/1075/5
f 4640/1076/3 2417/1077/53 306/1078/18 1556/1079/47
f 4639/1080/2 1830/1081/2 399/871/40 1545/1082/40
f 4638/1083/6 2171/1084/49 410/1085/49 2444/1086/6
f 4637/1087/4 2172/700/50 309/699/21 1794/1088/42
f 4636/1089/1 2416/1040/52 483/1039/52 2448/1090/1
f 4635/1091/3 1837/1092/3 239/1093/3 2450/1094/3
f 4634/1095/1 1839/1096/1 221/1097/1 2452/1098/1
f 4633/1099/4 1842/1100/4 401/875/42 1548/1101/42
f 4632/1102/4 2414/1036/50 481/1035/50 2456/1103/4
f 4631/1104/5 2163/688/44 314/687/26 1541/1105/37
f 4630/1106/6 2413/1107/49 315/1108/27 1550/1109/43
f 4629/1110/4 1849/1111/4 248/1112/4 2462/1113/4
f 4628/1114/5 1852/1115/5 470/1116/37 1789/1117/37
f 4627/1118/3 1854/1119/3 480/1120/47 1799/1121/47
f 4626/1122/4 1430/475/4 245/146/4 2468/1123/4
f 4625/1124/4 1437/128/4 69/127/4 1855/1125/4
f 4624/1126/3 1423/172/3 65/171/3 2471/1127/3
f 4623/1128/3 1416/457/3 236/190/3 2472/1129/3
f 4622/1130/3 1862/1131/3 242/161/3 2039/474/3
f 4621/1132/1 1388/421/1 218/278/1 2476/1133/1
f 4620/1134/1 1395/260/1 57/259/1 1863/1135/1
f 4619/1136/3 2473/1137/3 88/187/3 2032/186/3
f 4618/1138/2 1868/1139/2 233/205/2 2025/456/2
f 4617/1140/1 1870/1141/1 419/911/36 1578/1142/36
f 4616/1143/1 2481/1144/1 324/719/36 1764/1145/36
f 4615/1146/2 2479/1147/2 84/231/2 2018/230/2
f 4614/1148/4 1874/1149/4 92/143/4 2046/142/4
f 4613/1150/5 1876/1151/5 325/1152/37 1580/1153/37
f 4612/1154/5 1877/1155/5 446/1156/37 1765/1157/37
f 4611/1158/4 1878/1159/4 251/117/4 2053/492/4
f 4610/1160/5 1880/1161/5 260/73/5 2067/510/5
f 4609/1162/2 1882/1163/2 423/919/40 1586/1164/40
f 4608/1165/2 2493/1166/2 328/727/40 1768/1167/40
f 4607/1168/5 2491/1169/5 96/99/5 2060/98/5
f 4606/1170/1 1886/1171/1 224/249/1 2011/438/1
f 4605/1172/4 1888/1173/4 425/923/42 1590/1174/42
f 4604/1175/4 2499/1176/4 330/731/42 1770/1177/42
f 4603/1178/1 2497/1179/1 80/275/1 2004/274/1
f 4602/1180/6 1892/1181/6 331/1182/43 1592/1183/43
f 4601/1184/6 1893/1185/6 452/1186/43 1771/1187/43
f 4600/1188/5 2384/976/44 451/975/44 2507/1189/5
f 4599/1190/5 2206/736/44 332/735/44 1894/1191/5
f 4598/1192/6 1465/40/6 77/39/6 2510/1193/6
f 4597/1194/6 1458/511/6 263/58/6 2511/1195/6
f 4596/1196/2 2386/980/46 453/979/46 2513/1197/2
f 4595/1198/2 2210/740/46 334/739/46 1900/1199/2
f 4594/1200/5 1444/493/5 254/102/5 2516/1201/5
f 4593/1202/5 1451/84/5 73/83/5 1903/1203/5
f 4592/1204/3 1907/1205/3 335/1206/47 1600/1207/47
f 4591/1208/3 1908/1209/3 456/1210/47 1775/1211/47
f 4590/1212/6 2216/1213/49 434/1214/49 2522/1215/6
f 4589/1216/4 2390/988/50 457/987/50 2524/1217/4
f 4588/1218/4 2218/748/50 338/747/50 1911/1219/4
f 4587/1220/6 2389/1221/49 337/1222/49 1909/1223/6
f 4586/1224/6 1916/1225/6 269/29/6 2081/528/6
f 4585/1226/1 2392/992/52 459/991/52 2530/1227/1
f 4584/1228/1 2222/752/52 340/751/52 1917/1229/1
f 4583/1230/6 2527/1231/6 100/55/6 2074/54/6
f 4582/1232/2 1402/439/2 227/234/2 2534/1233/2
f 4581/1234/2 1409/216/2 61/215/2 1921/1235/2
f 4580/1236/3 2393/1237/53 341/1238/53 2537/1239/3
f 4579/1240/3 2224/1241/53 438/1242/53 2538/1243/3
f 4578/1244/4 1438/484/4 249/124/4 1857/1245/4
f 4577/1246/3 1417/462/3 237/1247/3 1853/1248/3
f 4576/1249/4 1435/136/4 133/135/4 1927/1250/4
f 4575/1251/3 1415/194/3 149/193/3 1928/1252/3
f 4574/1253/3 2478/1254/3 238/183/3 2031/465/3
f 4573/1255/1 1396/430/1 222/256/1 1865/1256/1
f 4572/1257/1 1393/268/1 169/267/1 1930/1258/1
f 4571/1259/3 2541/1260/3 144/177/3 2034/176/3
f 4570/1261/1 2483/1262/1 443/959/36 1626/1263/36
f 4569/1264/1 2543/1265/1 348/767/36 1716/1266/36
f 4568/1267/2 1932/1268/2 156/221/2 2020/220/2
f 4567/1269/2 2484/1270/2 229/227/2 2017/447/2
f 4566/1271/4 1933/1272/4 128/121/4 2054/120/4
f 4565/1273/5 1934/1274/5 349/1275/37 1628/1276/37
f 4564/1277/5 2457/1278/5 398/1279/37 1717/1280/37
f 4563/1281/4 2455/1282/4 250/1283/4 2052/488/4
f 4562/1284/2 2495/1285/2 447/967/40 1634/1286/40
f 4561/1287/2 2547/1288/2 352/775/40 1720/1289/40
f 4560/1290/5 1936/1291/5 120/89/5 2062/88/5
f 4559/1292/5 2496/1293/5 256/95/5 2059/501/5
f 4558/1294/4 2501/1295/4 449/971/42 1638/1296/42
f 4557/1297/4 2549/1298/4 354/779/42 1722/1299/42
f 4556/1300/1 1938/1301/1 168/265/1 2006/264/1
f 4555/1302/1 2502/1303/1 220/271/1 2003/429/1
f 4554/1304/6 1939/1305/6 355/1306/43 1640/1307/43
f 4553/1308/6 2459/1309/6 404/1310/43 1723/1311/43
f 4552/1312/5 2336/880/44 403/879/44 1846/1313/5
f 4551/1314/5 2254/784/44 356/783/44 1940/1315/5
f 4550/1316/6 1457/62/6 113/61/6 2553/1317/6
f 4549/1318/6 1459/516/6 264/1319/6 1819/1320/6
f 4548/1321/2 2338/884/46 405/883/46 1822/1322/2
f 4547/1323/2 2258/788/46 358/787/46 1942/1324/2
f 4546/1325/5 1452/502/5 258/80/5 1905/1326/5
f 4545/1327/3 2439/1328/3 408/1329/47 1727/1330/47
f 4544/1331/5 1449/92/5 121/91/5 1943/1332/5
f 4543/1333/3 2556/1334/3 359/1335/47 1648/1336/47
f 4542/1337/6 2264/1338/49 458/1339/49 1914/1340/6
f 4541/1341/4 2342/892/50 409/891/50 1834/1342/4
f 4540/1343/6 2341/1344/49 361/1345/49 1945/1346/6
f 4539/1347/4 2266/796/50 362/795/50 1946/1348/4
f 4538/1349/6 2532/1350/6 265/51/6 2073/519/6
f 4537/1351/1 2344/896/52 411/895/52 1810/1352/1
f 4536/1353/6 2559/1354/6 108/45/6 2076/44/6
f 4535/1355/1 2270/800/52 364/799/52 1948/1356/1
f 4534/1357/3 2272/1358/53 462/1359/53 1924/1360/3
f 4533/1361/2 1410/448/2 231/212/2 1923/1362/2
f 4532/1363/2 1407/224/2 157/223/2 1950/1364/2
f 4531/1365/3 2345/1366/53 365/1367/53 1949/1368/3
f 4530/1369/4 1431/480/4 246/1370/4 1841/1371/4
f 4529/1372/3 1424/466/3 240/168/3 1858/1373/3
f 4528/1374/4 1429/150/4 137/149/4 1951/1375/4
f 4527/1376/3 1421/180/3 145/179/3 1952/1377/3
f 4526/1378/3 2427/1379/3 241/1380/3 2038/470/3
f 4525/1381/1 1389/426/1 219/1382/1 1817/1383/1
f 4524/1384/1 1387/282/1 173/281/1 1954/1385/1
f 4523/1386/3 2565/1387/3 140/165/3 2040/164/3
f 4522/1388/1 2421/1389/1 467/1007/36 1674/1390/36
f 4521/1391/1 2567/1392/1 372/815/36 1740/1393/36
f 4520/1394/2 1956/1395/2 152/209/2 2026/208/2
f 4519/1396/2 2423/1397/2 232/1398/2 2024/452/2
f 4518/1399/4 1957/1400/4 132/133/4 2048/132/4
f 4517/1401/5 1958/1402/5 373/1403/37 1676/1404/37
f 4516/1405/5 2487/1406/5 422/1407/37 1741/1408/37
f 4515/1409/4 2485/1410/4 247/139/4 2045/483/4
f 4514/1411/2 2433/1412/2 471/1015/40 1682/1413/40
f 4513/1414/2 2571/1415/2 376/823/40 1744/1416/40
f 4512/1417/5 1960/1418/5 116/77/5 2068/76/5
f 4511/1419/5 2435/1420/5 259/1421/5 2066/506/5
f 4510/1422/4 2445/1423/4 473/1019/42 1686/1424/42
f 4509/1425/4 2573/1426/4 378/827/42 1746/1427/42
f 4508/1428/1 1962/1429/1 164/253/1 2012/252/1
f 4507/1430/1 2447/1431/1 223/1432/1 2010/434/1
f 4506/1433/5 2302/832/44 380/831/44 2575/1434/5
f 4505/1435/6 1964/1436/6 379/1437/43 1688/1438/43
f 4504/1439/6 2503/1440/6 428/1441/43 1747/1442/43
f 4503/1443/5 2360/928/44 427/927/44 1896/1444/5
f 4502/1445/6 1463/48/6 109/47/6 2577/1446/6
f 4501/1447/6 1466/520/6 267/36/6 1897/1448/6
f 4500/1449/2 2362/932/46 429/931/46 1902/1450/2
f 4499/1451/2 2306/836/46 382/835/46 1966/1452/2
f 4498/1453/5 1445/498/5 255/1454/5 1851/1455/5
f 4497/1456/3 2518/1457/3 432/1458/47 1751/1459/47
f 4496/1460/5 1443/106/5 125/105/5 1967/1461/5
f 4495/1462/3 2580/1463/3 383/1464/47 1696/1465/47
f 4494/1466/6 2312/1467/49 482/1468/49 1848/1469/6
f 4493/1470/4 2366/940/50 433/939/50 1913/1471/4
f 4492/1472/4 2314/844/50 386/843/50 1970/1473/4
f 4491/1474/6 2365/1475/49 385/1476/49 1969/1477/6
f 4490/1478/6 2443/1479/6 268/1480/6 2080/524/6
f 4489/1481/1 2368/944/52 435/943/52 1919/1482/1
f 4488/1483/6 2583/1484/6 104/33/6 2082/32/6
f 4487/1485/1 2318/848/52 388/847/52 1972/1486/1
f 4486/1487/3 2320/1488/53 486/1489/53 1828/1490/3
f 4485/1491/2 1403/444/2 228/1492/2 1829/1493/2
f 4484/1494/2 1401/238/2 161/237/2 1974/1495/2
f 4483/1496/3 2369/1497/53 389/1498/53 1973/1499/3
f 4482/1500/3 2587/1501/3 1097/1502/3 2585/1503/3
f 4481/1504/3 2588/1505/3 1099/1506/3 2589/1507/3
f 4480/1508/3 1757/1509/53 881/1510/53 2590/1511/3
f 4479/1512/2 2591/1513/2 1098/1514/2 2586/1515/2
f 4478/1516/2 2592/1517/2 1100/1518/2 2593/1519/2
f 4477/1520/2 2013/240/2 525/239/2 2594/1521/2
f 4476/1522/2 2595/1523/2 953/1524/2 2441/1525/2
f 4475/1526/2 2596/1527/2 1101/1528/2 2597/1529/2
f 4474/1530/2 2015/1531/2 527/442/2 2598/1532/2
f 4473/1533/3 2599/1534/3 952/1535/3 2440/1536/3
f 4472/1537/3 2600/1538/3 1102/1539/3 2601/1540/3
f 4471/1541/3 1708/1542/53 832/1543/53 2602/1544/3
f 4470/1545/1 2603/1546/1 1096/1547/1 2584/1548/1
f 4469/1549/1 2604/1550/1 1103/1551/1 2605/1552/1
f 4468/1553/1 1706/1554/52 830/1555/52 2606/1556/1
f 4467/1557/6 2607/1558/6 594/31/6 1470/30/6
f 4466/1559/6 2608/1560/6 1104/1561/6 2609/1562/6
f 4465/1563/6 1971/1564/6 1095/1565/6 2610/1566/6
f 4464/1567/1 2611/1568/1 1043/1569/1 2531/1570/1
f 4463/1571/1 2612/1572/1 1105/1573/1 2613/1574/1
f 4462/1575/1 1756/1576/52 880/1577/52 2614/1578/1
f 4461/1579/6 2615/1580/6 592/523/6 1468/1581/6
f 4460/1582/6 2616/1583/6 1106/1584/6 2617/1585/6
f 4459/1586/6 1831/1587/6 955/1588/6 2618/1589/6
f 4458/1590/6 2619/1591/6 1093/1592/6 2581/1593/6
f 4457/1594/6 2620/1595/6 1107/1596/6 2621/1597/6
f 4456/1598/6 1753/1599/49 877/1600/49 2622/1601/6
f 4455/1602/4 2623/1603/4 1094/1604/4 2582/1605/4
f 4454/1606/4 2624/1607/4 1108/1608/4 2625/1609/4
f 4453/1610/4 1702/1611/50 826/1612/50 2626/1613/4
f 4452/1614/4 2627/1615/4 1037/1616/4 2525/1617/4
f 4451/1618/4 2628/1619/4 1109/1620/4 2629/1621/4
f 4450/1622/4 1754/1623/50 878/1624/50 2630/1625/4
f 4449/1626/6 2631/1627/6 972/1628/6 2460/1629/6
f 4448/1630/6 2632/1631/6 1110/1632/6 2633/1633/6
f 4447/1634/6 1700/1635/49 824/1636/49 2634/1637/6
f 4446/1638/3 2635/1639/3 820/1640/47 2308/1641/47
f 4445/1642/3 2636/1643/3 1111/1644/3 2637/1645/3
f 4444/1646/3 1968/1647/3 1092/1648/3 2638/1649/3
f 4443/1650/5 2639/1651/5 1091/1652/5 2579/1653/5
f 4442/1654/5 2640/1655/5 1112/1656/5 2641/1657/5
f 4441/1658/5 2055/108/5 567/107/5 2642/1659/5
f 4440/1660/3 2643/1661/3 875/1662/47 2363/1663/47
f 4439/1664/3 2644/1665/3 1113/1666/3 2645/1667/3
f 4438/1668/3 1906/1669/3 1030/1670/3 2646/1671/3
f 4437/1672/5 2647/1673/5 975/1674/5 2463/1675/5
f 4436/1676/5 2648/1677/5 1114/1678/5 2649/1679/5
f 4435/1680/5 2057/1681/5 569/496/5 2650/1682/5
f 4434/1683/2 2651/1684/2 1090/1685/2 2578/1686/2
f 4433/1687/2 2652/1688/2 1115/1689/2 2653/1690/2
f 4432/1691/2 1694/1692/46 818/1693/46 2654/1694/2
f 4431/1695/2 2655/1696/2 1026/1697/2 2514/1698/2
f 4430/1699/2 2656/1700/2 1116/1701/2 2657/1702/2
f 4429/1703/2 1750/1704/46 874/1705/46 2658/1706/2
f 4428/1707/6 2659/1708/6 1021/1709/6 2509/1710/6
f 4427/1711/6 2660/1712/6 1117/1713/6 2661/1714/6
f 4426/1715/6 2078/522/6 590/521/6 2662/1716/6
f 4425/1717/6 2663/1718/6 1089/1719/6 1965/1720/6
f 4424/1721/6 2664/1722/6 1118/1723/6 2665/1724/6
f 4423/1725/6 2075/1726/6 587/49/6 2666/1727/6
f 4422/1728/5 2667/1729/5 1020/1730/5 2508/1731/5
f 4421/1732/5 2668/1733/5 1119/1734/5 2669/1735/5
f 4420/1736/5 1748/1737/44 872/1738/44 2670/1739/5
f 4419/1740/6 2671/1741/6 871/1742/43 2359/1743/43
f 4418/1744/6 2672/1745/6 1120/1746/6 2673/1747/6
f 4417/1748/6 1891/1749/6 1015/1750/6 2674/1751/6
f 4416/1752/6 2675/1753/6 812/1754/43 2300/1755/43
f 4415/1756/6 2676/1757/6 1121/1758/6 2677/1759/6
f 4414/1760/6 2576/1761/6 1088/1762/6 2678/1763/6
f 4413/1764/5 2679/1765/5 1087/1766/5 1963/1767/5
f 4412/1768/5 2680/1769/5 1122/1770/5 2681/1771/5
f 4411/1772/5 1690/1773/44 814/1774/44 2682/1775/5
f 4410/1776/1 2683/1777/1 522/433/1 1398/1778/1
f 4409/1779/1 2684/1780/1 1123/1781/1 2685/1782/1
f 4408/1783/1 1835/1784/1 959/1785/1 2686/1786/1
f 4407/1787/1 2687/1788/1 524/251/1 1400/250/1
f 4406/1789/1 2688/1790/1 1124/1791/1 2689/1792/1
f 4405/1793/1 2574/1794/1 1086/1795/1 2690/1796/1
f 4404/1797/4 2691/1798/4 870/1799/42 2358/924/42
f 4403/1800/4 2692/1801/4 1125/1802/4 2693/1803/4
f 4402/1804/4 1961/1805/4 1085/1806/4 2694/1807/4
f 4401/1808/4 2695/1809/4 810/1810/42 2298/828/42
f 4400/1811/4 2696/1812/4 1126/1813/4 2697/1814/4
f 4399/1815/4 1833/1816/4 957/1817/4 2698/1818/4
f 4398/1819/5 2699/1820/5 578/505/5 1454/1821/5
f 4397/1822/5 2700/1823/5 1127/1824/5 2701/1825/5
f 4396/1826/5 1823/1827/5 947/1828/5 2702/1829/5
f 4395/1830/5 2703/1831/5 580/75/5 1456/74/5
f 4394/1832/5 2704/1833/5 1128/1834/5 2705/1835/5
f 4393/1836/5 2572/1837/5 1084/1838/5 2706/1839/5
f 4392/1840/2 2707/1841/2 868/1842/40 2356/920/40
f 4391/1843/2 2708/1844/2 1129/1845/2 2709/1846/2
f 4390/1847/2 1959/1848/2 1083/1849/2 2710/1850/2
f 4389/1851/2 2711/1852/2 806/1853/40 2294/824/40
f 4388/1854/2 2712/1855/2 1130/1856/2 2713/1857/2
f 4387/1858/2 1821/1859/2 945/1860/2 2714/1861/2
f 4386/1862/4 2715/1863/4 557/482/4 1433/481/4
f 4385/1864/4 2716/1865/4 1131/1866/4 2717/1867/4
f 4384/1868/4 1873/1869/4 997/1870/4 2718/1871/4
f 4383/1872/5 2719/1873/5 865/1874/37 2353/1875/37
f 4382/1876/5 2720/1877/5 1132/1878/5 2721/1879/5
f 4381/1880/5 1875/1881/5 999/1882/5 2722/1883/5
f 4380/1884/5 2723/1885/5 800/1886/37 2288/1887/37
f 4379/1888/5 2724/1889/5 1133/1890/5 2725/1891/5
f 4378/1892/5 2570/1893/5 1082/1894/5 2726/1895/5
f 4377/1896/4 2727/1897/4 560/131/4 1436/1898/4
f 4376/1899/4 2728/1900/4 1134/1901/4 2729/1902/4
f 4375/1903/4 2569/1904/4 1081/1905/4 2730/1906/4
f 4374/1907/2 2731/1908/2 536/451/2 1412/1909/2
f 4373/1910/2 2732/1911/2 1135/1912/2 2733/1913/2
f 4372/1914/2 1811/1915/2 935/1916/2 2734/1917/2
f 4371/1918/2 2735/1919/2 538/207/2 1414/206/2
f 4370/1920/2 2736/1921/2 1136/1922/2 2737/1923/2
f 4369/1924/2 2568/1925/2 1080/1926/2 2738/1927/2
f 4368/1928/1 2739/1929/1 864/1930/36 2352/912/36
f 4367/1931/1 2740/1932/1 1137/1933/1 2741/1934/1
f 4366/1935/1 1955/1936/1 1079/1937/1 2742/1938/1
f 4365/1939/1 2743/1940/1 798/1941/36 2286/816/36
f 4364/1942/1 2744/1943/1 1138/1944/1 2745/1945/1
f 4363/1946/1 1809/1947/1 933/1948/1 2746/1949/1
f 4362/1950/3 2747/1951/3 552/163/3 1428/162/3
f 4361/1952/3 2748/1953/3 1139/1954/3 2749/1955/3
f 4360/1956/3 1953/1957/3 1077/1958/3 2750/1959/3
f 4359/1960/1 2751/1961/1 1078/1962/1 2566/1963/1
f 4358/1964/1 2752/1965/1 1140/1966/1 2753/1967/1
f 4357/1968/1 1999/284/1 511/283/1 2754/1969/1
f 4356/1970/1 2755/1971/1 941/1972/1 2429/1973/1
f 4355/1974/1 2756/1975/1 1141/1976/1 2757/1977/1
f 4354/1978/1 2001/1979/1 513/424/1 2758/1980/1
f 4353/1981/3 2759/1982/3 550/469/3 1426/1983/3
f 4352/1984/3 2760/1985/3 1142/1986/3 2761/1987/3
f 4351/1988/3 1815/1989/3 939/1990/3 2762/1991/3
f 4350/1992/3 2763/1993/3 1076/1994/3 2564/1995/3
f 4349/1996/3 2764/1997/3 1143/1998/3 2765/1999/3
f 4348/2000/3 2033/2001/3 545/181/3 2766/2002/3
f 4347/2003/4 2767/2004/4 1075/2005/4 2563/2006/4
f 4346/2007/4 2768/2008/4 1144/2009/4 2769/2010/4
f 4345/2011/4 2041/152/4 553/151/4 2770/2012/4
f 4344/2013/3 2771/2014/3 982/2015/3 2470/2016/3
f 4343/2017/3 2772/2018/3 1145/2019/3 2773/2020/3
f 4342/2021/3 2036/468/3 548/467/3 2774/2022/3
f 4341/2023/4 2775/2024/4 965/2025/4 2453/2026/4
f 4340/2027/4 2776/2028/4 1146/2029/4 2777/2030/4
f 4339/2031/4 2043/2032/4 555/478/4 2778/2033/4
f 4338/2034/3 2779/2035/3 1073/2036/3 2561/2037/3
f 4337/2038/3 2780/2039/3 1147/2040/3 2781/2041/3
f 4336/2042/3 1733/2043/53 857/2044/53 2782/2045/3
f 4335/2046/2 2783/2047/2 1074/2048/2 2562/2049/2
f 4334/2050/2 2784/2051/2 1148/2052/2 2785/2053/2
f 4333/2054/2 2019/2055/2 531/225/2 2786/2056/2
f 4332/2057/2 2787/2058/2 1047/2059/2 2535/2060/2
f 4331/2061/2 2788/2062/2 1149/2063/2 2789/2064/2
f 4330/2065/2 2022/450/2 534/449/2 2790/2066/2
f 4329/2067/3 2791/2068/3 1048/2069/3 2536/2070/3
f 4328/2071/3 2792/2072/3 1150/2073/3 2793/2074/3
f 4327/2075/3 1660/2076/53 784/2077/53 2794/2078/3
f 4326/2079/1 2795/2080/1 1072/2081/1 2560/2082/1
f 4325/2083/1 2796/2084/1 1151/2085/1 2797/2086/1
f 4324/2087/1 1658/2088/52 782/2089/52 2798/2090/1
f 4323/2091/6 2799/2092/6 588/43/6 1464/2093/6
f 4322/2094/6 2800/2095/6 1152/2096/6 2801/2097/6
f 4321/2098/6 1947/2099/6 1071/2100/6 2802/2101/6
f 4320/2102/1 2803/2103/1 934/2104/1 2422/2105/1
f 4319/2106/1 2804/2107/1 1153/2108/1 2805/2109/1
f 4318/2110/1 1732/2111/52 856/2112/52 2806/2113/1
f 4317/2114/6 2807/2115/6 585/518/6 1461/517/6
f 4316/2116/6 2808/2117/6 1154/2118/6 2809/2119/6
f 4315/2120/6 1920/2121/6 1044/2122/6 2810/2123/6
f 4314/2124/4 2811/2125/4 1070/2126/4 2558/2127/4
f 4313/2128/4 2812/2129/4 1155/2130/4 2813/2131/4
f 4312/2132/4 1654/2133/50 778/2134/50 2814/2135/4
f 4311/2136/6 2815/2137/6 1069/2138/6 2557/2139/6
f 4310/2140/6 2816/2141/6 1156/2142/6 2817/2143/6
f 4309/2144/6 1729/2145/49 853/2146/49 2818/2147/6
f 4308/2148/4 2819/2149/4 958/2150/4 2446/2151/4
f 4307/2152/4 2820/2153/4 1157/2154/4 2821/2155/4
f 4306/2156/4 1730/2157/50 854/2158/50 2822/2159/4
f 4305/2160/6 2823/2161/6 1038/2162/6 2526/2163/6
f 4304/2164/6 2824/2165/6 1158/2166/6 2825/2167/6
f 4303/2168/6 1652/2169/49 776/2170/49 2826/2171/6
f 4302/2172/3 2827/2173/3 772/2174/47 2260/2175/47
f 4301/2176/3 2828/2177/3 1159/2178/3 2829/2179/3
f 4300/2180/3 1944/2181/3 1068/2182/3 2830/2183/3
f 4299/2184/5 2831/2185/5 1067/2186/5 2555/2187/5
f 4298/2188/5 2832/2189/5 1160/2190/5 2833/2191/5
f 4297/2192/5 2061/2193/5 573/93/5 2834/2194/5
f 4296/2195/3 2835/2196/3 851/2197/47 2339/2198/47
f 4295/2199/3 2836/2200/3 1161/2201/3 2837/2202/3
f 4294/2203/3 1827/2204/3 951/2205/3 2838/2206/3
f 4293/2207/5 2839/2208/5 1029/2209/5 2517/2210/5
f 4292/2211/5 2840/2212/5 1162/2213/5 2841/2214/5
f 4291/2215/5 2064/504/5 576/503/5 2842/2216/5
f 4290/2217/2 2843/2218/2 1066/2219/2 2554/2220/2
f 4289/2221/2 2844/2222/2 1163/2223/2 2845/2224/2
f 4288/2225/2 1646/2226/46 770/2227/46 2846/2228/2
f 4287/2229/2 2847/2230/2 946/2231/2 2434/2232/2
f 4286/2233/2 2848/2234/2 1164/2235/2 2849/2236/2
f 4285/2237/2 1726/2238/46 850/2239/46 2850/2240/2
f 4284/2241/6 2851/2242/6 943/2243/6 2431/2244/6
f 4283/2245/6 2852/2246/6 1165/2247/6 2853/2248/6
f 4282/2249/6 2071/2250/6 583/514/6 2854/2251/6
f 4281/2252/6 2855/2253/6 1065/2254/6 1941/2255/6
f 4280/2256/6 2856/2257/6 1166/2258/6 2857/2259/6
f 4279/2260/6 2069/64/6 581/63/6 2858/2261/6
f 4278/2262/5 2859/2263/5 1064/2264/5 2552/2265/5
f 4277/2266/5 2860/2267/5 1167/2268/5 2861/2269/5
f 4276/2270/5 1642/2271/44 766/2272/44 2862/2273/5
f 4275/2274/5 2863/2275/5 970/2276/5 2458/2277/5
f 4274/2278/5 2864/2279/5 1168/2280/5 2865/2281/5
f 4273/2282/5 1724/2283/44 848/2284/44 2866/2285/5
f 4272/2286/6 2867/2287/6 847/2288/43 2335/2289/43
f 4271/2290/6 2868/2291/6 1169/2292/6 2869/2293/6
f 4270/2294/6 1847/2295/6 971/2296/6 2870/2297/6
f 4269/2298/6 2871/2299/6 764/2300/43 2252/2301/43
f 4268/2302/6 2872/2303/6 1170/2304/6 2873/2305/6
f 4267/2306/6 2551/2307/6 1063/2308/6 2874/2309/6
f 4266/2310/1 2875/2311/1 515/428/1 1391/427/1
f 4265/2312/1 2876/2313/1 1171/2314/1 2877/2315/1
f 4264/2316/1 1890/2317/1 1014/2318/1 2878/2319/1
f 4263/2320/1 2879/2321/1 518/263/1 1394/2322/1
f 4262/2323/1 2880/2324/1 1172/2325/1 2881/2326/1
f 4261/2327/1 2550/2328/1 1062/2329/1 2882/2330/1
f 4260/2331/4 2883/2332/4 846/2333/42 2334/876/42
f 4259/2334/4 2884/2335/4 1173/2336/4 2885/2337/4
f 4258/2338/4 1937/2339/4 1061/2340/4 2886/2341/4
f 4257/2342/4 2887/2343/4 762/2344/42 2250/780/42
f 4256/2345/4 2888/2346/4 1174/2347/4 2889/2348/4
f 4255/2349/4 1889/2350/4 1013/2351/4 2890/2352/4
f 4254/2353/5 2891/2354/5 571/500/5 1447/499/5
f 4253/2355/5 2892/2356/5 1175/2357/5 2893/2358/5
f 4252/2359/5 1884/2360/5 1008/2361/5 2894/2362/5
f 4251/2363/5 2895/2364/5 574/87/5 1450/2365/5
f 4250/2366/5 2896/2367/5 1176/2368/5 2897/2369/5
f 4249/2370/5 2548/2371/5 1060/2372/5 2898/2373/5
f 4248/2374/2 2899/2375/2 844/2376/40 2332/872/40
f 4247/2377/2 2900/2378/2 1177/2379/2 2901/2380/2
f 4246/2381/2 1935/2382/2 1059/2383/2 2902/2384/2
f 4245/2385/2 2903/2386/2 758/2387/40 2246/776/40
f 4244/2388/2 2904/2389/2 1178/2390/2 2905/2391/2
f 4243/2392/2 1883/2393/2 1007/2394/2 2906/2395/2
f 4242/2396/4 2907/2397/4 564/487/4 1440/2398/4
f 4241/2399/4 2908/2400/4 1179/2401/4 2909/2402/4
f 4240/2403/4 1843/2404/4 967/2405/4 2910/2406/4
f 4239/2407/5 2911/2408/5 841/2409/37 2329/2410/37
f 4238/2411/5 2912/2412/5 1180/2413/5 2913/2414/5
f 4237/2415/5 1845/2416/5 969/2417/5 2914/2418/5
f 4236/2419/5 2915/2420/5 752/2421/37 2240/2422/37
f 4235/2423/5 2916/2424/5 1181/2425/5 2917/2426/5
f 4234/2427/5 2546/2428/5 1058/2429/5 2918/2430/5
f 4233/2431/4 2919/2432/4 566/119/4 1442/118/4
f 4232/2433/4 2920/2434/4 1182/2435/4 2921/2436/4
f 4231/2437/4 2545/2438/4 1057/2439/4 2922/2440/4
f 4230/2441/2 2923/2442/2 529/446/2 1405/445/2
f 4229/2443/2 2924/2444/2 1183/2445/2 2925/2446/2
f 4228/2447/2 1872/2448/2 996/2449/2 2926/2450/2
f 4227/2451/2 2927/2452/2 532/219/2 1408/2453/2
f 4226/2454/2 2928/2455/2 1184/2456/2 2929/2457/2
f 4225/2458/2 2544/2459/2 1056/2460/2 2930/2461/2
f 4224/2462/1 2931/2463/1 840/2464/36 2328/864/36
f 4223/2465/1 2932/2466/1 1185/2467/1 2933/2468/1
f 4222/2469/1 1931/2470/1 1055/2471/1 2934/2472/1
f 4221/2473/1 2935/2474/1 750/2475/36 2238/768/36
f 4220/2476/1 2936/2477/1 1186/2478/1 2937/2479/1
f 4219/2480/1 1871/2481/1 995/2482/1 2938/2483/1
f 4218/2484/3 2939/2485/3 546/175/3 1422/2486/3
f 4217/2487/3 2940/2488/3 1187/2489/3 2941/2490/3
f 4216/2491/3 1929/2492/3 1053/2493/3 2942/2494/3
f 4215/2495/1 2943/2496/1 1054/2497/1 2542/2498/1
f 4214/2499/1 2944/2500/1 1188/2501/1 2945/2502/1
f 4213/2503/1 2005/2504/1 517/269/1 2946/2505/1
f 4212/2506/1 2947/2507/1 989/2508/1 2477/2509/1
f 4211/2510/1 2948/2511/1 1189/2512/1 2949/2513/1
f 4210/2514/1 2008/432/1 520/431/1 2950/2515/1
f 4209/2516/3 2951/2517/3 543/464/3 1419/463/3
f 4208/2518/3 2952/2519/3 1190/2520/3 2953/2521/3
f 4207/2522/3 1866/2523/3 990/2524/3 2954/2525/3
f 4206/2526/3 2955/2527/3 1052/2528/3 2540/2529/3
f 4205/2530/3 2956/2531/3 1191/2532/3 2957/2533/3
f 4204/2534/3 2027/196/3 539/195/3 2958/2535/3
f 4203/2536/4 2959/2537/4 1051/2538/4 2539/2539/4
f 4202/2540/4 2960/2541/4 1192/2542/4 2961/2543/4
f 4201/2544/4 2047/2545/4 559/137/4 2962/2546/4
f 4200/2547/3 2963/2548/3 977/2549/3 2465/2550/3
f 4199/2551/3 2964/2552/3 1193/2553/3 2965/2554/3
f 4198/2555/3 2029/2556/3 541/460/3 2966/2557/3
f 4197/2558/4 2967/2559/4 981/2560/4 2469/2561/4
f 4196/2562/4 2968/2563/4 1194/2564/4 2969/2565/4
f 4195/2566/4 2050/486/4 562/485/4 2970/2567/4
f 4194/2568/3 2971/2569/3 1050/2570/3 1926/2571/3
f 4193/2572/3 2972/2573/3 1195/2574/3 2973/2575/3
f 4192/2576/3 1612/2577/53 736/2578/53 2974/2579/3
f 4191/2580/3 2975/2581/3 1049/2582/3 1925/2583/3
f 4190/2584/3 2976/2585/3 1196/2586/3 2977/2587/3
f 4189/2588/3 1781/2589/53 905/2590/53 2978/2591/3
f 4188/2592/2 2979/2593/2 1045/2594/2 2533/2595/2
f 4187/2596/2 2980/2597/2 1197/2598/2 2981/2599/2
f 4186/2600/2 2021/218/2 533/217/2 2982/2601/2
f 4185/2602/2 2983/2603/2 1046/2604/2 1922/2605/2
f 4184/2606/2 2984/2607/2 1198/2608/2 2985/2609/2
f 4183/2610/2 2014/441/2 526/440/2 2986/2611/2
f 4182/2612/6 2987/2613/6 586/53/6 1462/52/6
f 4181/2614/6 2988/2615/6 1199/2616/6 2989/2617/6
f 4180/2618/6 1915/2619/6 1039/2620/6 2990/2621/6
f 4179/2622/1 2991/2623/1 1041/2624/1 2529/2625/1
f 4178/2626/1 2992/2627/1 1200/2628/1 2993/2629/1
f 4177/2630/1 1610/2631/52 734/2632/52 2994/2633/1
f 4176/2634/1 2995/2635/1 1042/2636/1 1918/2637/1
f 4175/2638/1 2996/2639/1 1201/2640/1 2997/2641/1
f 4174/2642/1 1780/2643/52 904/2644/52 2998/2645/1
f 4173/2646/6 2999/2647/6 593/527/6 1469/526/6
f 4172/2648/6 3000/2649/6 1202/2650/6 3001/2651/6
f 4171/2652/6 2528/2653/6 1040/2654/6 3002/2655/6
f 4170/2656/6 3003/2657/6 1033/2658/6 2521/2659/6
f 4169/2660/6 3004/2661/6 1203/2662/6 3005/2663/6
f 4168/2664/6 1777/2665/49 901/2666/49 3006/2667/6
f 4167/2668/4 3007/2669/4 1035/2670/4 2523/2671/4
f 4166/2672/4 3008/2673/4 1204/2674/4 3009/2675/4
f 4165/2676/4 1606/2677/50 730/2678/50 3010/2679/4
f 4164/2680/4 3011/2681/4 1036/2682/4 1912/2683/4
f 4163/2684/4 3012/2685/4 1205/2686/4 3013/2687/4
f 4162/2688/4 1778/2689/50 902/2690/50 3014/2691/4
f 4161/2692/6 3015/2693/6 1034/2694/6 1910/2695/6
f 4160/2696/6 3016/2697/6 1206/2698/6 3017/2699/6
f 4159/2700/6 1604/2701/49 728/2702/49 3018/2703/6
f 4158/2704/3 3019/2705/3 899/2706/47 2387/2707/47
f 4157/2708/3 3020/2709/3 1207/2710/3 3021/2711/3
f 4156/2712/3 2520/2713/3 1032/2714/3 3022/2715/3
f 4155/2716/3 3023/2717/3 724/2718/47 2212/2719/47
f 4154/2720/3 3024/2721/3 1208/2722/3 3025/2723/3
f 4153/2724/3 2519/2725/3 1031/2726/3 3026/2727/3
f 4152/2728/5 3027/2729/5 1027/2730/5 2515/2731/5
f 4151/2732/5 3028/2733/5 1209/2734/5 3029/2735/5
f 4150/2736/5 2063/86/5 575/85/5 3030/2737/5
f 4149/2738/5 3031/2739/5 1028/2740/5 1904/2741/5
f 4148/2742/5 3032/2743/5 1210/2744/5 3033/2745/5
f 4147/2746/5 2056/495/5 568/494/5 3034/2747/5
f 4146/2748/2 3035/2749/2 1024/2750/2 2512/2751/2
f 4145/2752/2 3036/2753/2 1211/2754/2 3037/2755/2
f 4144/2756/2 1598/2757/46 722/2758/46 3038/2759/2
f 4143/2760/2 3039/2761/2 1025/2762/2 1901/2763/2
f 4142/2764/2 3040/2765/2 1212/2766/2 3041/2767/2
f 4141/2768/2 1774/2769/46 898/2770/46 3042/2771/2
f 4140/2772/6 3043/2773/6 1023/2774/6 1899/2775/6
f 4139/2776/6 3044/2777/6 1213/2778/6 3045/2779/6
f 4138/2780/6 2070/513/6 582/512/6 3046/2781/6
f 4137/2782/6 3047/2783/6 1022/2784/6 1898/2785/6
f 4136/2786/6 3048/2787/6 1214/2788/6 3049/2789/6
f 4135/2790/6 2077/42/6 589/41/6 3050/2791/6
f 4134/2792/5 3051/2793/5 1018/2794/5 2506/2795/5
f 4133/2796/5 3052/2797/5 1215/2798/5 3053/2799/5
f 4132/2800/5 1594/2801/44 718/2802/44 3054/2803/5
f 4131/2804/5 3055/2805/5 1019/2806/5 1895/2807/5
f 4130/2808/5 3056/2809/5 1216/2810/5 3057/2811/5
f 4129/2812/5 1772/2813/44 896/2814/44 3058/2815/5
f 4128/2816/6 3059/2817/6 895/2818/43 2383/2819/43
f 4127/2820/6 3060/2821/6 1217/2822/6 3061/2823/6
f 4126/2824/6 2505/2825/6 1017/2826/6 3062/2827/6
f 4125/2828/6 3063/2829/6 716/2830/43 2204/2831/43
f 4124/2832/6 3064/2833/6 1218/2834/6 3065/2835/6
f 4123/2836/6 2504/2837/6 1016/2838/6 3066/2839/6
f 4122/2840/1 3067/2841/1 516/273/1 1392/272/1
f 4121/2842/1 3068/2843/1 1219/2844/1 3069/2845/1
f 4120/2846/1 1885/2847/1 1009/2848/1 3070/2849/1
f 4119/2850/4 3071/2851/4 894/2852/42 2382/972/42
f 4118/2853/4 3072/2854/4 1220/2855/4 3073/2856/4
f 4117/2857/4 1887/2858/4 1011/2859/4 3074/2860/4
f 4116/2861/4 3075/2862/4 714/2863/42 2202/732/42
f 4115/2864/4 3076/2865/4 1221/2866/4 3077/2867/4
f 4114/2868/4 2500/2869/4 1012/2870/4 3078/2871/4
f 4113/2872/1 3079/2873/1 523/437/1 1399/436/1
f 4112/2874/1 3080/2875/1 1222/2876/1 3081/2877/1
f 4111/2878/1 2498/2879/1 1010/2880/1 3082/2881/1
f 4110/2882/5 3083/2883/5 572/97/5 1448/96/5
f 4109/2884/5 3084/2885/5 1223/2886/5 3085/2887/5
f 4108/2888/5 1879/2889/5 1003/2890/5 3086/2891/5
f 4107/2892/2 3087/2893/2 892/2894/40 2380/968/40
f 4106/2895/2 3088/2896/2 1224/2897/2 3089/2898/2
f 4105/2899/2 1881/2900/2 1005/2901/2 3090/2902/2
f 4104/2903/2 3091/2904/2 710/2905/40 2198/728/40
f 4103/2906/2 3092/2907/2 1225/2908/2 3093/2909/2
f 4102/2910/2 2494/2911/2 1006/2912/2 3094/2913/2
f 4101/2914/5 3095/2915/5 579/509/5 1455/508/5
f 4100/2916/5 3096/2917/5 1226/2918/5 3097/2919/5
f 4099/2920/5 2492/2921/5 1004/2922/5 3098/2923/5
f 4098/2924/4 3099/2925/4 565/491/4 1441/490/4
f 4097/2926/4 3100/2927/4 1227/2928/4 3101/2929/4
f 4096/2930/4 2490/2931/4 1002/2932/4 3102/2933/4
f 4095/2934/5 3103/2935/5 889/2936/37 2377/2937/37
f 4094/2938/5 3104/2939/5 1228/2940/5 3105/2941/5
f 4093/2942/5 2489/2943/5 1001/2944/5 3106/2945/5
f 4092/2946/5 3107/2947/5 704/2948/37 2192/2949/37
f 4091/2950/5 3108/2951/5 1229/2952/5 3109/2953/5
f 4090/2954/5 2488/2955/5 1000/2956/5 3110/2957/5
f 4089/2958/4 3111/2959/4 558/141/4 1434/140/4
f 4088/2960/4 3112/2961/4 1230/2962/4 3113/2963/4
f 4087/2964/4 2486/2965/4 998/2966/4 3114/2967/4
f 4086/2968/2 3115/2969/2 530/229/2 1406/228/2
f 4085/2970/2 3116/2971/2 1231/2972/2 3117/2973/2
f 4084/2974/2 1867/2975/2 991/2976/2 3118/2977/2
f 4083/2978/1 3119/2979/1 888/2980/36 2376/960/36
f 4082/2981/1 3120/2982/1 1232/2983/1 3121/2984/1
f 4081/2985/1 1869/2986/1 993/2987/1 3122/2988/1
f 4080/2989/1 3123/2990/1 702/2991/36 2190/720/36
f 4079/2992/1 3124/2993/1 1233/2994/1 3125/2995/1
f 4078/2996/1 2482/2997/1 994/2998/1 3126/2999/1
f 4077/3000/2 3127/3001/2 537/455/2 1413/454/2
f 4076/3002/2 3128/3003/2 1234/3004/2 3129/3005/2
f 4075/3006/2 2480/3007/2 992/3008/2 3130/3009/2
f 4074/3010/3 3131/3011/3 544/185/3 1420/184/3
f 4073/3012/3 3132/3013/3 1235/3014/3 3133/3015/3
f 4072/3016/3 1861/3017/3 985/3018/3 3134/3019/3
f 4071/3020/1 3135/3021/1 987/3022/1 2475/3023/1
f 4070/3024/1 3136/3025/1 1236/3026/1 3137/3027/1
f 4069/3028/1 2007/262/1 519/261/1 3138/3029/1
f 4068/3030/1 3139/3031/1 988/3032/1 1864/3033/1
f 4067/3034/1 3140/3035/1 1237/3036/1 3141/3037/1
f 4066/3038/1 2000/423/1 512/422/1 3142/3039/1
f 4065/3040/3 3143/3041/3 551/473/3 1427/472/3
f 4064/3042/3 3144/3043/3 1238/3044/3 3145/3045/3
f 4063/3046/3 2474/3047/3 986/3048/3 3146/3049/3
f 4062/3050/3 3147/3051/3 984/3052/3 1860/3053/3
f 4061/3054/3 3148/3055/3 1239/3056/3 3149/3057/3
f 4060/3058/3 2028/459/3 540/458/3 3150/3059/3
f 4059/3060/3 3151/3061/3 983/3062/3 1859/3063/3
f 4058/3064/3 3152/3065/3 1240/3066/3 3153/3067/3
f 4057/3068/3 2035/174/3 547/173/3 3154/3069/3
f 4056/3070/4 3155/3071/4 979/3072/4 2467/3073/4
f 4055/3074/4 3156/3075/4 1241/3076/4 3157/3077/4
f 4054/3078/4 2049/130/4 561/129/4 3158/3079/4
f 4053/3080/4 3159/3081/4 980/3082/4 1856/3083/4
f 4052/3084/4 3160/3085/4 1242/3086/4 3161/3087/4
f 4051/3088/4 2042/477/4 554/476/4 3162/3089/4
f 4050/3090/3 3163/3091/3 923/3092/47 2411/3093/47
f 4049/3094/3 3164/3095/3 1243/3096/3 3165/3097/3
f 4048/3098/3 2466/3099/3 978/3100/3 3166/3101/3
f 4047/3102/5 3167/3103/5 913/3104/37 2401/3105/37
f 4046/3106/5 3168/3107/5 1244/3108/5 3169/3109/5
f 4045/3110/5 2464/3111/5 976/3112/5 3170/3113/5
f 4044/3114/4 3171/3115/4 974/3116/4 1850/3117/4
f 4043/3118/4 3172/3119/4 1245/3120/4 3173/3121/4
f 4042/3122/4 2461/3123/4 973/3124/4 3174/3125/4
f 4041/3126/6 3175/3127/6 674/3128/43 2162/3129/43
f 4040/3130/6 3176/3131/6 1246/3132/6 3177/3133/6
f 4039/3134/6 1801/3135/49 925/3136/49 3178/3137/6
f 4038/3138/5 3179/3139/5 665/3140/37 2153/3141/37
f 4037/3142/5 3180/3143/5 1247/3144/5 3181/3145/5
f 4036/3146/5 1551/3147/44 675/3148/44 3182/3149/5
f 4035/3150/4 3183/3151/4 968/3152/4 1844/3153/4
f 4034/3154/4 3184/3155/4 1248/3156/4 3185/3157/4
f 4033/3158/4 1802/3159/50 926/3160/50 3186/3161/4
f 4032/3162/4 3187/3163/4 672/3164/42 2160/684/42
f 4031/3165/4 3188/3166/4 1249/3167/4 3189/3168/4
f 4030/3169/4 2454/3170/4 966/3171/4 3190/3172/4
f 4029/3173/1 3191/3174/1 964/3175/1 1840/3176/1
f 4028/3177/1 3192/3178/1 1250/3179/1 3193/3180/1
f 4027/3181/1 2451/3182/1 963/3183/1 3194/3184/1
f 4026/3185/3 3195/3186/3 962/3187/3 1838/3188/3
f 4025/3189/3 3196/3190/3 1251/3191/3 3197/3192/3
f 4024/3193/3 2449/3194/3 961/3195/3 3198/3196/3
f 4023/3197/1 3199/3198/1 960/3199/1 1836/3200/1
f 4022/3201/1 3200/3202/1 1252/3203/1 3201/3204/1
f 4021/3205/1 1804/3206/52 928/3207/52 3202/3208/1
f 4020/3209/4 3203/3210/4 918/3211/42 2406/1020/42
f 4019/3212/4 3204/3213/4 1253/3214/4 3205/3215/4
f 4018/3216/4 1560/3217/50 684/3218/50 3206/3219/4
f 4017/3220/6 3207/3221/6 956/3222/6 1832/3223/6
f 4016/3224/6 3208/3225/6 1254/3226/6 3209/3227/6
f 4015/3228/6 1559/3229/49 683/3230/49 3210/3231/6
f 4014/3232/2 3211/3233/2 669/3234/40 2157/680/40
f 4013/3235/2 3212/3236/2 1255/3237/2 3213/3238/2
f 4012/3239/2 2442/3240/2 954/3241/2 3214/3242/2
f 4011/3243/3 3215/3244/3 680/3245/47 2168/3246/47
f 4010/3247/3 3216/3248/3 1256/3249/3 3217/3250/3
f 4009/3251/3 1805/3252/53 929/3253/53 3218/3254/3
f 4008/3255/5 3219/3256/5 950/3257/5 1826/3258/5
f 4007/3259/5 3220/3260/5 1257/3261/5 3221/3262/5
f 4006/3263/5 2437/3264/5 949/3265/5 3222/3266/5
f 4005/3267/5 3223/3268/5 948/3269/5 1824/3270/5
f 4004/3271/5 3224/3272/5 1258/3273/5 3225/3274/5
f 4003/3275/5 1796/3276/44 920/3277/44 3226/3278/5
f 4002/3279/2 3227/3280/2 916/3281/40 2404/1016/40
f 4001/3282/2 3228/3283/2 1259/3284/2 3229/3285/2
f 4000/3286/2 1554/3287/46 678/3288/46 3230/3289/2
f 3999/3290/6 3231/3291/6 919/3292/43 2407/3293/43
f 3998/3294/6 3232/3295/6 1260/3296/6 3233/3297/6
f 3997/3298/6 2432/3299/6 944/3300/6 3234/3301/6
f 3996/3302/1 3235/3303/1 663/3304/36 2151/676/36
f 3995/3305/1 3236/3306/1 1261/3307/1 3237/3308/1
f 3994/3309/1 2430/3310/1 942/3311/1 3238/3312/1
f 3993/3313/3 3239/3314/3 940/3315/3 1816/3316/3
f 3992/3317/3 3240/3318/3 1262/3319/3 3241/3320/3
f 3991/3321/3 1565/3322/53 689/3323/53 3242/3324/3
f 3990/3325/2 3243/3326/2 938/3327/2 1814/3328/2
f 3989/3329/2 3244/3330/2 1263/3331/2 3245/3332/2
f 3988/3333/2 2425/3334/2 937/3335/2 3246/3336/2
f 3987/3337/2 3247/3338/2 936/3339/2 1812/3340/2
f 3986/3341/2 3248/3342/2 1264/3343/2 3249/3344/2
f 3985/3345/2 1798/3346/46 922/3347/46 3250/3348/2
f 3984/3349/1 3251/3350/1 912/3351/36 2400/1008/36
f 3983/3352/1 3252/3353/1 1265/3354/1 3253/3355/1
f 3982/3356/1 1563/3357/52 687/3358/52 3254/3359/1
f 3981/3360/6 3255/3361/6 932/3362/6 1808/3363/6
f 3980/3364/6 3256/3365/6 1266/3366/6 3257/3367/6
f 3979/3368/6 2419/3369/6 931/3370/6 3258/3371/6
f 3978/3372/90 3259/3373/90 930/3374/54 1806/3375/54
f 3977/3376/90 3260/3377/90 1267/3378/90 3261/3379/90
f 3976/3380/90 1707/3381/90 831/3382/90 3262/3383/90
f 3975/3384/89 3263/3385/89 928/3207/52 1804/3206/52
f 3974/3386/89 3264/3387/89 1268/3388/89 3265/3389/89
f 3973/3390/89 1703/3391/89 827/3392/89 3266/3393/89
f 3972/3394/88 3267/3395/88 926/3160/50 1802/3159/50
f 3971/3396/88 3268/3397/88 1269/3398/88 3269/3399/88
f 3970/3400/88 1699/3401/88 823/3402/88 3270/3403/88
f 3969/3404/87 3271/3405/87 924/3406/48 1800/3407/48
f 3968/3408/87 3272/3409/87 1270/3410/87 3273/3411/87
f 3967/3412/87 1695/3413/87 819/3414/87 3274/3415/87
f 3966/3416/86 3275/3417/86 922/3347/46 1798/3346/46
f 3965/3418/86 3276/3419/86 1271/3420/86 3277/3421/86
f 3964/3422/86 1691/3423/86 815/3424/86 3278/3425/86
f 3963/3426/85 3279/3427/85 920/3277/44 1796/3276/44
f 3962/3428/85 3280/3429/85 1272/3430/85 3281/3431/85
f 3961/3432/85 1687/3433/85 811/3434/85 3282/3435/85
f 3960/3436/84 3283/3437/84 918/3211/42 1794/1088/42
f 3959/3438/84 3284/3439/84 1273/3440/84 3285/3441/84
f 3958/3442/84 1683/3443/84 807/3444/84 3286/3445/84
f 3957/3446/83 3287/3447/83 916/3281/40 1792/1069/40
f 3956/3448/83 3288/3449/83 1274/3450/83 3289/3451/83
f 3955/3452/83 1679/3453/83 803/3454/83 3290/3455/83
f 3954/3456/82 3291/3457/82 914/3458/38 1790/3459/38
f 3953/3460/82 3292/3461/82 1275/3462/82 3293/3463/82
f 3952/3464/82 1675/3465/82 799/3466/82 3294/3467/82
f 3951/3468/81 3295/3469/81 912/3351/36 1788/1050/36
f 3950/3470/81 3296/3471/81 1276/3472/81 3297/3473/81
f 3949/3474/81 1671/3475/81 795/3476/81 3298/3477/81
f 3948/3478/80 3299/3479/80 910/3480/34 1786/3481/34
f 3947/3482/80 3300/3483/80 1277/3484/80 3301/3485/80
f 3946/3486/80 1667/3487/80 791/3488/80 3302/3489/80
f 3945/3490/79 3303/3491/79 908/3492/32 1784/3493/32
f 3944/3494/79 3304/3495/79 1278/3496/79 3305/3497/79
f 3943/3498/79 1663/3499/79 787/3500/79 3306/3501/79
f 3942/3502/90 3307/3503/90 906/3504/54 1782/3505/54
f 3941/3506/90 3308/3507/90 1279/3508/90 3309/3509/90
f 3940/3510/90 1659/3511/90 783/3512/90 3310/3513/90
f 3939/3514/89 3311/3515/89 904/2644/52 1780/2643/52
f 3938/3516/89 3312/3517/89 1280/3518/89 3313/3519/89
f 3937/3520/89 1655/3521/89 779/3522/89 3314/3523/89
f 3936/3524/88 3315/3525/88 902/2690/50 1778/2689/50
f 3935/3526/88 3316/3527/88 1281/3528/88 3317/3529/88
f 3934/3530/88 1651/3531/88 775/3532/88 3318/3533/88
f 3933/3534/87 3319/3535/87 900/3536/48 1776/3537/48
f 3932/3538/87 3320/3539/87 1282/3540/87 3321/3541/87
f 3931/3542/87 1647/3543/87 771/3544/87 3322/3545/87
f 3930/3546/86 3323/3547/86 898/2770/46 1774/2769/46
f 3929/3548/86 3324/3549/86 1283/3550/86 3325/3551/86
f 3928/3552/86 1643/3553/86 767/3554/86 3326/3555/86
f 3927/3556/85 3327/3557/85 896/2814/44 1772/2813/44
f 3926/3558/85 3328/3559/85 1284/3560/85 3329/3561/85
f 3925/3562/85 1639/3563/85 763/3564/85 3330/3565/85
f 3924/3566/84 3331/3567/84 894/2852/42 1770/1177/42
f 3923/3568/84 3332/3569/84 1285/3570/84 3333/3571/84
f 3922/3572/84 1635/3573/84 759/3574/84 3334/3575/84
f 3921/3576/83 3335/3577/83 892/2894/40 1768/1167/40
f 3920/3578/83 3336/3579/83 1286/3580/83 3337/3581/83
f 3919/3582/83 1631/3583/83 755/3584/83 3338/3585/83
f 3918/3586/82 3339/3587/82 890/3588/38 1766/3589/38
f 3917/3590/82 3340/3591/82 1287/3592/82 3341/3593/82
f 3916/3594/82 1627/3595/82 751/3596/82 3342/3597/82
f 3915/3598/81 3343/3599/81 888/2980/36 1764/1145/36
f 3914/3600/81 3344/3601/81 1288/3602/81 3345/3603/81
f 3913/3604/81 1623/3605/81 747/3606/81 3346/3607/81
f 3912/3608/80 3347/3609/80 886/3610/34 1762/3611/34
f 3911/3612/80 3348/3613/80 1289/3614/80 3349/3615/80
f 3910/3616/80 1619/3617/80 743/3618/80 3350/3619/80
f 3909/3620/79 3351/3621/79 884/3622/32 1760/3623/32
f 3908/3624/79 3352/3625/79 1290/3626/79 3353/3627/79
f 3907/3628/79 1615/3629/79 739/3630/79 3354/3631/79
f 3906/3632/90 3355/3633/90 882/3634/54 1758/3635/54
f 3905/3636/90 3356/3637/90 1291/3638/90 3357/3639/90
f 3904/3640/90 1611/3641/90 735/3642/90 3358/3643/90
f 3903/3644/89 3359/3645/89 880/1577/52 1756/1576/52
f 3902/3646/89 3360/3647/89 1292/3648/89 3361/3649/89
f 3901/3650/89 1607/3651/89 731/3652/89 3362/3653/89
f 3900/3654/88 3363/3655/88 878/1624/50 1754/1623/50
f 3899/3656/88 3364/3657/88 1293/3658/88 3365/3659/88
f 3898/3660/88 1603/3661/88 727/3662/88 3366/3663/88
f 3897/3664/87 3367/3665/87 876/3666/48 1752/3667/48
f 3896/3668/87 3368/3669/87 1294/3670/87 3369/3671/87
f 3895/3672/87 1599/3673/87 723/3674/87 3370/3675/87
f 3894/3676/86 3371/3677/86 874/1705/46 1750/1704/46
f 3893/3678/86 3372/3679/86 1295/3680/86 3373/3681/86
f 3892/3682/86 1595/3683/86 719/3684/86 3374/3685/86
f 3891/3686/85 3375/3687/85 872/1738/44 1748/1737/44
f 3890/3688/85 3376/3689/85 1296/3690/85 3377/3691/85
f 3889/3692/85 1591/3693/85 715/3694/85 3378/3695/85
f 3888/3696/84 3379/3697/84 870/1799/42 1746/1427/42
f 3887/3698/84 3380/3699/84 1297/3700/84 3381/3701/84
f 3886/3702/84 1587/3703/84 711/3704/84 3382/3705/84
f 3885/3706/83 3383/3707/83 868/1842/40 1744/1416/40
f 3884/3708/83 3384/3709/83 1298/3710/83 3385/3711/83
f 3883/3712/83 1583/3713/83 707/3714/83 3386/3715/83
f 3882/3716/82 3387/3717/82 866/3718/38 1742/3719/38
f 3881/3720/82 3388/3721/82 1299/3722/82 3389/3723/82
f 3880/3724/82 1579/3725/82 703/3726/82 3390/3727/82
f 3879/3728/81 3391/3729/81 864/1930/36 1740/1393/36
f 3878/3730/81 3392/3731/81 1300/3732/81 3393/3733/81
f 3877/3734/81 1575/3735/81 699/3736/81 3394/3737/81
f 3876/3738/80 3395/3739/80 862/3740/34 1738/3741/34
f 3875/3742/80 3396/3743/80 1301/3744/80 3397/3745/80
f 3874/3746/80 1571/3747/80 695/3748/80 3398/3749/80
f 3873/3750/79 3399/3751/79 860/3752/32 1736/3753/32
f 3872/3754/79 3400/3755/79 1302/3756/79 3401/3757/79
f 3871/3758/79 1567/3759/79 691/3760/79 3402/3761/79
f 3870/3762/90 3403/3763/90 858/3764/54 1734/3765/54
f 3869/3766/90 3404/3767/90 1303/3768/90 3405/3769/90
f 3868/3770/90 1564/3771/90 688/3772/90 3406/3773/90
f 3867/3774/89 3407/3775/89 856/2112/52 1732/2111/52
f 3866/3776/89 3408/3777/89 1304/3778/89 3409/3779/89
f 3865/3780/89 1561/3781/89 685/3782/89 3410/3783/89
f 3864/3784/88 3411/3785/88 854/2158/50 1730/2157/50
f 3863/3786/88 3412/3787/88 1305/3788/88 3413/3789/88
f 3862/3790/88 1558/3791/88 682/3792/88 3414/3793/88
f 3861/3794/87 3415/3795/87 852/3796/48 1728/3797/48
f 3860/3798/87 3416/3799/87 1306/3800/87 3417/3801/87
f 3859/3802/87 1555/3803/87 679/3804/87 3418/3805/87
f 3858/3806/86 3419/3807/86 850/2239/46 1726/2238/46
f 3857/3808/86 3420/3809/86 1307/3810/86 3421/3811/86
f 3856/3812/86 1552/3813/86 676/3814/86 3422/3815/86
f 3855/3816/85 3423/3817/85 848/2284/44 1724/2283/44
f 3854/3818/85 3424/3819/85 1308/3820/85 3425/3821/85
f 3853/3822/85 1549/3823/85 673/3824/85 3426/3825/85
f 3852/3826/84 3427/3827/84 846/2333/42 1722/1299/42
f 3851/3828/84 3428/3829/84 1309/3830/84 3429/3831/84
f 3850/3832/84 1546/3833/84 670/3834/84 3430/3835/84
f 3849/3836/83 3431/3837/83 844/2376/40 1720/1289/40
f 3848/3838/83 3432/3839/83 1310/3840/83 3433/3841/83
f 3847/3842/83 1543/3843/83 667/3844/83 3434/3845/83
f 3846/3846/82 3435/3847/82 842/3848/38 1718/3849/38
f 3845/3850/82 3436/3851/82 1311/3852/82 3437/3853/82
f 3844/3854/82 1540/3855/82 664/3856/82 3438/3857/82
f 3843/3858/81 3439/3859/81 840/2464/36 1716/1266/36
f 3842/3860/81 3440/3861/81 1312/3862/81 3441/3863/81
f 3841/3864/81 1537/3865/81 661/3866/81 3442/3867/81
f 3840/3868/80 3443/3869/80 838/3870/34 1714/3871/34
f 3839/3872/80 3444/3873/80 1313/3874/80 3445/3875/80
f 3838/3876/80 1534/3877/80 658/3878/80 3446/3879/80
f 3837/3880/79 3447/3881/79 836/3882/32 1712/3883/32
f 3836/3884/79 3448/3885/79 1314/3886/79 3449/3887/79
f 3835/3888/79 1531/3889/79 655/3890/79 3450/3891/79
f 3834/3892/90 3451/3893/90 834/3894/54 1710/3895/54
f 3833/3896/90 3452/3897/90 1315/3898/90 3453/3899/90
f 3832/3900/90 2321/3901/90 833/3902/90 3454/3903/90
f 3831/3904/89 3455/3905/89 830/1555/52 1706/1554/52
f 3830/3906/89 3456/3907/89 1316/3908/89 3457/3909/89
f 3829/3910/89 2317/3911/89 829/3912/89 3458/3913/89
f 3828/3914/88 3459/3915/88 826/1612/50 1702/1611/50
f 3827/3916/88 3460/3917/88 1317/3918/88 3461/3919/88
f 3826/3920/88 2313/3921/88 825/3922/88 3462/3923/88
f 3825/3924/87 3463/3925/87 822/3926/48 1698/3927/48
f 3824/3928/87 3464/3929/87 1318/3930/87 3465/3931/87
f 3823/3932/87 2309/3933/87 821/3934/87 3466/3935/87
f 3822/3936/86 3467/3937/86 818/1693/46 1694/1692/46
f 3821/3938/86 3468/3939/86 1319/3940/86 3469/3941/86
f 3820/3942/86 2305/3943/86 817/3944/86 3470/3945/86
f 3819/3946/85 3471/3947/85 814/1774/44 1690/1773/44
f 3818/3948/85 3472/3949/85 1320/3950/85 3473/3951/85
f 3817/3952/85 2301/3953/85 813/3954/85 3474/3955/85
f 3816/3956/84 3475/3957/84 810/1810/42 1686/1424/42
f 3815/3958/84 3476/3959/84 1321/3960/84 3477/3961/84
f 3814/3962/84 2297/3963/84 809/3964/84 3478/3965/84
f 3813/3966/83 3479/3967/83 806/1853/40 1682/1413/40
f 3812/3968/83 3480/3969/83 1322/3970/83 3481/3971/83
f 3811/3972/83 2293/3973/83 805/3974/83 3482/3975/83
f 3810/3976/82 3483/3977/82 802/3978/38 1678/3979/38
f 3809/3980/82 3484/3981/82 1323/3982/82 3485/3983/82
f 3808/3984/82 2289/3985/82 801/3986/82 3486/3987/82
f 3807/3988/81 3487/3989/81 798/1941/36 1674/1390/36
f 3806/3990/81 3488/3991/81 1324/3992/81 3489/3993/81
f 3805/3994/81 2285/3995/81 797/3996/81 3490/3997/81
f 3804/3998/80 3491/3999/80 794/4000/34 1670/4001/34
f 3803/4002/80 3492/4003/80 1325/4004/80 3493/4005/80
f 3802/4006/80 2281/4007/80 793/4008/80 3494/4009/80
f 3801/4010/79 3495/4011/79 790/4012/32 1666/4013/32
f 3800/4014/79 3496/4015/79 1326/4016/79 3497/4017/79
f 3799/4018/79 2277/4019/79 789/4020/79 3498/4021/79
f 3798/4022/90 3499/4023/90 786/4024/54 1662/4025/54
f 3797/4026/90 3500/4027/90 1327/4028/90 3501/4029/90
f 3796/4030/90 2273/4031/90 785/4032/90 3502/4033/90
f 3795/4034/89 3503/4035/89 782/2089/52 1658/2088/52
f 3794/4036/89 3504/4037/89 1328/4038/89 3505/4039/89
f 3793/4040/89 2269/4041/89 781/4042/89 3506/4043/89
f 3792/4044/88 3507/4045/88 778/2134/50 1654/2133/50
f 3791/4046/88 3508/4047/88 1329/4048/88 3509/4049/88
f 3790/4050/88 2265/4051/88 777/4052/88 3510/4053/88
f 3789/4054/87 3511/4055/87 774/4056/48 1650/4057/48
f 3788/4058/87 3512/4059/87 1330/4060/87 3513/4061/87
f 3787/4062/87 2261/4063/87 773/4064/87 3514/4065/87
f 3786/4066/86 3515/4067/86 770/2227/46 1646/2226/46
f 3785/4068/86 3516/4069/86 1331/4070/86 3517/4071/86
f 3784/4072/86 2257/4073/86 769/4074/86 3518/4075/86
f 3783/4076/85 3519/4077/85 766/2272/44 1642/2271/44
f 3782/4078/85 3520/4079/85 1332/4080/85 3521/4081/85
f 3781/4082/85 2253/4083/85 765/4084/85 3522/4085/85
f 3780/4086/84 3523/4087/84 762/2344/42 1638/1296/42
f 3779/4088/84 3524/4089/84 1333/4090/84 3525/4091/84
f 3778/4092/84 2249/4093/84 761/4094/84 3526/4095/84
f 3777/4096/83 3527/4097/83 758/2387/40 1634/1286/40
f 3776/4098/83 3528/4099/83 1334/4100/83 3529/4101/83
f 3775/4102/83 2245/4103/83 757/4104/83 3530/4105/83
f 3774/4106/82 3531/4107/82 754/4108/38 1630/4109/38
f 3773/4110/82 3532/4111/82 1335/4112/82 3533/4113/82
f 3772/4114/82 2241/4115/82 753/4116/82 3534/4117/82
f 3771/4118/81 3535/4119/81 750/2475/36 1626/1263/36
f 3770/4120/81 3536/4121/81 1336/4122/81 3537/4123/81
f 3769/4124/81 2237/4125/81 749/4126/81 3538/4127/81
f 3768/4128/80 3539/4129/80 746/4130/34 1622/4131/34
f 3767/4132/80 3540/4133/80 1337/4134/80 3541/4135/80
f 3766/4136/80 2233/4137/80 745/4138/80 3542/4139/80
f 3765/4140/79 3543/4141/79 742/4142/32 1618/4143/32
f 3764/4144/79 3544/4145/79 1338/4146/79 3545/4147/79
f 3763/4148/79 2229/4149/79 741/4150/79 3546/4151/79
f 3762/4152/90 3547/4153/90 738/4154/54 1614/4155/54
f 3761/4156/90 3548/4157/90 1339/4158/90 3549/4159/90
f 3760/4160/90 2225/4161/90 737/4162/90 3550/4163/90
f 3759/4164/89 3551/4165/89 734/2632/52 1610/2631/52
f 3758/4166/89 3552/4167/89 1340/4168/89 3553/4169/89
f 3757/4170/89 2221/4171/89 733/4172/89 3554/4173/89
f 3756/4174/88 3555/4175/88 730/2678/50 1606/2677/50
f 3755/4176/88 3556/4177/88 1341/4178/88 3557/4179/88
f 3754/4180/88 2217/4181/88 729/4182/88 3558/4183/88
f 3753/4184/87 3559/4185/87 726/4186/48 1602/4187/48
f 3752/4188/87 3560/4189/87 1342/4190/87 3561/4191/87
f 3751/4192/87 2213/4193/87 725/4194/87 3562/4195/87
f 3750/4196/86 3563/4197/86 722/2758/46 1598/2757/46
f 3749/4198/86 3564/4199/86 1343/4200/86 3565/4201/86
f 3748/4202/86 2209/4203/86 721/4204/86 3566/4205/86
f 3747/4206/85 3567/4207/85 718/2802/44 1594/2801/44
f 3746/4208/85 3568/4209/85 1344/4210/85 3569/4211/85
f 3745/4212/85 2205/4213/85 717/4214/85 3570/4215/85
f 3744/4216/84 3571/4217/84 714/2863/42 1590/1174/42
f 3743/4218/84 3572/4219/84 1345/4220/84 3573/4221/84
f 3742/4222/84 2201/4223/84 713/4224/84 3574/4225/84
f 3741/4226/83 3575/4227/83 710/2905/40 1586/1164/40
f 3740/4228/83 3576/4229/83 1346/4230/83 3577/4231/83
f 3739/4232/83 2197/4233/83 709/4234/83 3578/4235/83
f 3738/4236/82 3579/4237/82 706/4238/38 1582/4239/38
f 3737/4240/82 3580/4241/82 1347/4242/82 3581/4243/82
f 3736/4244/82 2193/4245/82 705/4246/82 3582/4247/82
f 3735/4248/81 3583/4249/81 702/2991/36 1578/1142/36
f 3734/4250/81 3584/4251/81 1348/4252/81 3585/4253/81
f 3733/4254/81 2189/4255/81 701/4256/81 3586/4257/81
f 3732/4258/80 3587/4259/80 698/4260/34 1574/4261/34
f 3731/4262/80 3588/4263/80 1349/4264/80 3589/4265/80
f 3730/4266/80 2185/4267/80 697/4268/80 3590/4269/80
f 3729/4270/79 3591/4271/79 694/4272/32 1570/4273/32
f 3728/4274/79 3592/4275/79 1350/4276/79 3593/4277/79
f 3727/4278/79 2181/4279/79 693/4280/79 3594/4281/79
f 3726/4282/90 3595/4283/90 690/4284/54 1566/4285/54
f 3725/4286/90 3596/4287/90 1351/4288/90 3597/4289/90
f 3724/4290/90 1512/4291/60 636/4292/60 3598/4293/90
f 3723/4294/89 3599/4295/89 687/3358/52 1563/3357/52
f 3722/4296/89 3600/4297/89 1352/4298/89 3601/4299/89
f 3721/4300/89 1507/645/55 631/4301/55 3602/4302/89
f 3720/4303/88 3603/4304/88 684/3218/50 1560/3217/50
f 3719/4305/88 3604/4306/88 1353/4307/88 3605/4308/88
f 3718/4309/88 1519/657/67 643/4310/67 3606/4311/88
f 3717/4312/87 3607/4313/87 681/4314/48 1557/4315/48
f 3716/4316/87 3608/4317/87 1354/4318/87 3609/4319/87
f 3715/4320/87 1518/4321/66 642/4322/66 3610/4323/87
f 3714/4324/86 3611/4325/86 678/3288/46 1554/3287/46
f 3713/4326/86 3612/4327/86 1355/4328/86 3613/4329/86
f 3712/4330/86 1513/651/61 637/4331/61 3614/4332/86
f 3711/4333/85 3615/4334/85 675/3148/44 1551/3147/44
f 3710/4335/85 3616/4336/85 1356/4337/85 3617/4338/85
f 3709/4339/85 1527/4340/75 651/4341/75 3618/4342/85
f 3708/4343/84 3619/4344/84 672/3164/42 1548/1101/42
f 3707/4345/84 3620/4346/84 1357/4347/84 3621/4348/84
f 3706/4349/84 1524/4350/72 648/4351/72 3622/4352/84
f 3705/4353/83 3623/4354/83 669/3234/40 1545/1082/40
f 3704/4355/83 3624/4356/83 1358/4357/83 3625/4358/83
f 3703/4359/83 1517/4360/65 641/4361/65 3626/4362/83
f 3702/4363/82 3627/4364/82 666/4365/38 1542/4366/38
f 3701/4367/82 3628/4368/82 1359/4369/82 3629/4370/82
f 3700/4371/82 1526/4372/74 650/4373/74 3630/4374/82
f 3699/4375/81 3631/4376/81 663/3304/36 1539/1063/36
f 3698/4377/81 3632/4378/81 1360/4379/81 3633/4380/81
f 3697/4381/81 1511/4382/59 635/4383/59 3634/4384/81
f 3696/4385/80 3635/4386/80 660/4387/34 1536/4388/34
f 3695/4389/80 3636/4390/80 1361/4391/80 3637/4392/80
f 3694/4393/80 1522/660/70 646/4394/70 3638/4395/80
f 3693/4396/79 3639/4397/79 657/4398/32 1533/4399/32
f 3692/4400/79 3640/4401/79 1362/4402/79 3641/4403/79
f 3691/4404/79 1528/666/76 652/4405/76 3642/4406/79
f 652/4405/76 3643/4407/91 2140/668/76
f 652/4405/76 3644/4408/92 3643/4407/91
f 653/4409/77 1529/4410/77 3645/4411/93
f 649/4412/73 3646/4413/94 2137/4414/73
f 649/4412/73 3647/4415/95 3646/4413/94
f 650/4373/74 1526/4372/74 3648/4416/96
f 646/4394/70 3649/4417/97 2134/672/70
f 646/4394/70 3650/4418/98 3649/4417/97
f 647/4419/71 1523/4420/71 3651/4421/99
f 643/4310/67 3652/4422/100 2131/698/67
f 643/4310/67 3653/4423/101 3652/4422/100
f 644/4424/68 1520/4425/68 3654/4426/102
f 640/4427/64 3655/4428/103 2128/4429/64
f 640/4427/64 3656/4430/104 3655/4428/103
f 641/4361/65 1517/4360/65 3657/4431/105
f 637/4331/61 3658/4432/106 2125/690/61
f 637/4331/61 3659/4433/107 3658/4432/106
f 638/4434/62 1514/4435/62 3660/4436/108
f 634/4437/58 3661/4438/109 2122/4439/58
f 634/4437/58 3662/4440/110 3661/4438/109
f 635/4383/59 1511/4382/59 3663/4441/111
f 631/4301/55 3664/4442/112 2119/702/55
f 631/4301/55 3665/4443/113 3664/4442/112
f 632/4444/56 1508/4445/56 3666/4446/114
f 54/311/6 198/317/6 2117/4447/6 629/4448/6 3667/641/6 630/640/6 1506/4449/6 195/327/6
f 53/307/5 194/335/5 2115/4450/5 627/4451/5 3668/638/5 628/637/5 1504/4452/5 191/345/5
f 52/303/4 190/353/4 2113/4453/4 625/4454/4 3669/635/4 626/634/4 1502/4455/4 187/363/4
f 51/299/3 186/371/3 2111/4456/3 623/4457/3 3670/632/3 624/631/3 1500/4458/3 183/381/3
f 50/295/2 182/389/2 2109/4459/2 621/4460/2 3671/629/2 622/628/2 1498/4461/2 179/399/2
f 49/291/1 178/407/1 2107/4462/1 619/4463/1 3672/626/1 620/625/1 1496/4464/1 175/417/1
f 104/33/6 1468/1581/6 592/523/6 3673/525/6 591/4465/6 1467/4466/6 106/533/6 31/34/6
f 113/61/6 33/60/6 111/541/6 2072/4467/6 584/4468/6 3674/515/6 583/514/6 2071/2250/6
f 116/77/5 1454/1821/5 578/505/5 3675/507/5 577/4469/5 1453/4470/5 118/549/5 34/78/5
f 125/105/5 36/104/5 123/557/5 2058/4471/5 570/4472/5 3676/497/5 569/496/5 2057/1681/5
f 128/121/4 1440/2398/4 564/487/4 3677/489/4 563/4473/4 1439/4474/4 130/565/4 37/122/4
f 137/149/4 39/148/4 135/573/4 2044/4475/4 556/4476/4 3678/479/4 555/478/4 2043/2032/4
f 140/165/3 1426/1983/3 550/469/3 3679/471/3 549/4477/3 1425/4478/3 142/581/3 40/166/3
f 149/193/3 42/192/3 147/589/3 2030/4479/3 542/4480/3 3680/461/3 541/460/3 2029/2556/3
f 152/209/2 1412/1909/2 536/451/2 3681/453/2 535/4481/2 1411/4482/2 154/597/2 43/210/2
f 161/237/2 45/236/2 159/605/2 2016/4483/2 528/4484/2 3682/443/2 527/442/2 2015/1531/2
f 164/253/1 1398/1778/1 522/433/1 3683/435/1 521/4485/1 1397/4486/1 166/613/1 46/254/1
f 173/281/1 48/280/1 171/621/1 2002/4487/1 514/4488/1 3684/425/1 513/424/1 2001/1979/1
f 221/1097/1 1394/2322/1 2005/2504/1
f 230/1055/2 1408/2453/2 2019/2055/2
f 239/1093/3 1422/2486/3 2033/2001/3
f 248/1112/4 1436/1898/4 2047/2545/4
f 257/1074/5 1450/2365/5 2061/2193/5
f 266/1047/6 1464/2093/6 2075/1726/6
f 2075/1726/6 3690/50/6 587/49/6
f 2075/1726/6 1464/2093/6 3690/50/6
f 1464/2093/6 588/43/6 3690/50/6
f 2061/2193/5 3689/94/5 573/93/5
f 2061/2193/5 1450/2365/5 3689/94/5
f 1450/2365/5 574/87/5 3689/94/5
f 2047/2545/4 3688/138/4 559/137/4
f 2047/2545/4 1436/1898/4 3688/138/4
f 1436/1898/4 560/131/4 3688/138/4
f 2033/2001/3 3687/182/3 545/181/3
f 2033/2001/3 1422/2486/3 3687/182/3
f 1422/2486/3 546/175/3 3687/182/3
f 2019/2055/2 3686/226/2 531/225/2
f 2019/2055/2 1408/2453/2 3686/226/2
f 1408/2453/2 532/219/2 3686/226/2
f 2005/2504/1 3685/270/1 517/269/1
f 2005/2504/1 1394/2322/1 3685/270/1
f 1394/2322/1 518/263/1 3685/270/1
f 3666/4446/114 2121/4489/57 633/4490/57
f 3666/4446/114 1508/4445/56 2121/4489/57
f 1508/4445/56 296/4491/8 2121/4489/57
f 3664/4442/112 3666/4446/114 633/4490/57
f 3664/4442/112 3665/4443/113 3666/4446/114
f 3665/4443/113 632/4444/56 3666/4446/114
f 2119/702/55 1509/4492/57 297/703/9
f 2119/702/55 3664/4442/112 1509/4492/57
f 3664/4442/112 633/4490/57 1509/4492/57
f 3663/4441/111 2124/706/60 636/4292/60
f 3663/4441/111 1511/4382/59 2124/706/60
f 1511/4382/59 299/707/11 2124/706/60
f 3661/4438/109 3663/4441/111 636/4292/60
f 3661/4438/109 3662/4440/110 3663/4441/111
f 3662/4440/110 635/4383/59 3663/4441/111
f 2122/4439/58 1512/4291/60 300/4493/12
f 2122/4439/58 3661/4438/109 1512/4291/60
f 3661/4438/109 636/4292/60 1512/4291/60
f 3660/4436/108 2127/4494/63 639/4495/63
f 3660/4436/108 1514/4435/62 2127/4494/63
f 1514/4435/62 302/4496/14 2127/4494/63
f 3658/4432/106 3660/4436/108 639/4495/63
f 3658/4432/106 3659/4433/107 3660/4436/108
f 3659/4433/107 638/4434/62 3660/4436/108
f 2125/690/61 1515/4497/63 303/691/15
f 2125/690/61 3658/4432/106 1515/4497/63
f 3658/4432/106 639/4495/63 1515/4497/63
f 3657/4431/105 2130/694/66 642/4322/66
f 3657/4431/105 1517/4360/65 2130/694/66
f 1517/4360/65 305/695/17 2130/694/66
f 3655/4428/103 3657/4431/105 642/4322/66
f 3655/4428/103 3656/4430/104 3657/4431/105
f 3656/4430/104 641/4361/65 3657/4431/105
f 2128/4429/64 1518/4321/66 306/1078/18
f 2128/4429/64 3655/4428/103 1518/4321/66
f 3655/4428/103 642/4322/66 1518/4321/66
f 3654/4426/102 2133/4498/69 645/4499/69
f 3654/4426/102 1520/4425/68 2133/4498/69
f 1520/4425/68 308/4500/20 2133/4498/69
f 3652/4422/100 3654/4426/102 645/4499/69
f 3652/4422/100 3653/4423/101 3654/4426/102
f 3653/4423/101 644/4424/68 3654/4426/102
f 2131/698/67 1521/4501/69 309/699/21
f 2131/698/67 3652/4422/100 1521/4501/69
f 3652/4422/100 645/4499/69 1521/4501/69
f 3651/4421/99 2136/4502/72 648/4503/72
f 3651/4421/99 1523/4420/71 2136/4502/72
f 1523/4420/71 311/4504/23 2136/4502/72
f 3649/4417/97 3651/4421/99 648/4503/72
f 3649/4417/97 3650/4418/98 3651/4421/99
f 3650/4418/98 647/4419/71 3651/4421/99
f 2134/672/70 1524/4505/72 312/673/24
f 2134/672/70 3649/4417/97 1524/4505/72
f 3649/4417/97 648/4503/72 1524/4505/72
f 3648/4416/96 2139/4506/75 651/4507/75
f 3648/4416/96 1526/4372/74 2139/4506/75
f 1526/4372/74 314/4508/26 2139/4506/75
f 3646/4413/94 3648/4416/96 651/4507/75
f 3646/4413/94 3647/4415/95 3648/4416/96
f 3647/4415/95 650/4373/74 3648/4416/96
f 2137/4414/73 1527/4509/75 315/4510/27
f 2137/4414/73 3646/4413/94 1527/4509/75
f 3646/4413/94 651/4507/75 1527/4509/75
f 3645/4411/93 2142/4511/78 654/4512/78
f 3645/4411/93 1529/4410/77 2142/4511/78
f 1529/4410/77 317/4513/29 2142/4511/78
f 3643/4407/91 3645/4411/93 654/4512/78
f 3643/4407/91 3644/4408/92 3645/4411/93
f 3644/4408/92 653/4409/77 3645/4411/93
f 2140/668/76 1530/4514/78 318/669/30
f 2140/668/76 3643/4407/91 1530/4514/78
f 3643/4407/91 654/4512/78 1530/4514/78
f 3640/4401/79 3691/4404/79 3642/4406/79 1362/4402/79
f 656/4515/31 1532/4516/31 3691/4404/79 3640/4401/79
f 1532/4516/31 316/664/28 1528/666/76 3691/4404/79
f 1531/3889/79 3692/4400/79 3641/4403/79 655/3890/79
f 392/4517/31 2144/4518/31 3692/4400/79 1531/3889/79
f 2144/4518/31 656/4515/31 3640/4401/79 3692/4400/79
f 2143/854/79 3693/4396/79 1533/4399/32 391/855/32
f 655/3890/79 3641/4403/79 3693/4396/79 2143/854/79
f 3641/4403/79 1362/4402/79 3639/4397/79 3693/4396/79
f 3636/4390/80 3694/4393/80 3638/4395/80 1361/4391/80
f 659/4519/33 1535/4520/33 3694/4393/80 3636/4390/80
f 1535/4520/33 310/658/22 1522/660/70 3694/4393/80
f 1534/3877/80 3695/4389/80 3637/4392/80 658/3878/80
f 394/4521/33 2147/4522/33 3695/4389/80 1534/3877/80
f 2147/4522/33 659/4519/33 3636/4390/80 3695/4389/80
f 2146/858/80 3696/4385/80 1536/4388/34 393/859/34
f 658/3878/80 3637/4392/80 3696/4385/80 2146/858/80
f 3637/4392/80 1361/4391/80 3635/4386/80 3696/4385/80
f 3632/4378/81 3697/4381/81 3634/4384/81 1360/4379/81
f 662/4523/35 1538/4524/35 3697/4381/81 3632/4378/81
f 1538/4524/35 299/707/11 1511/4382/59 3697/4381/81
f 1537/3865/81 3698/4377/81 3633/4380/81 661/3866/81
f 396/4525/35 2150/4526/35 3698/4377/81 1537/3865/81
f 2150/4526/35 662/4523/35 3632/4378/81 3698/4377/81
f 2149/862/81 3699/4375/81 1539/1063/36 395/863/36
f 661/3866/81 3633/4380/81 3699/4375/81 2149/862/81
f 3633/4380/81 1360/4379/81 3631/4376/81 3699/4375/81
f 3628/4368/82 3700/4371/82 3630/4374/82 1359/4369/82
f 665/4527/37 1541/4528/37 3700/4371/82 3628/4368/82
f 1541/4528/37 314/4508/26 1526/4372/74 3700/4371/82
f 1540/3855/82 3701/4367/82 3629/4370/82 664/3856/82
f 398/4529/37 2153/4530/37 3701/4367/82 1540/3855/82
f 2153/4530/37 665/4527/37 3628/4368/82 3701/4367/82
f 2152/866/82 3702/4363/82 1542/4366/38 397/867/38
f 664/3856/82 3629/4370/82 3702/4363/82 2152/866/82
f 3629/4370/82 1359/4369/82 3627/4364/82 3702/4363/82
f 3624/4356/83 3703/4359/83 3626/4362/83 1358/4357/83
f 668/4531/39 1544/4532/39 3703/4359/83 3624/4356/83
f 1544/4532/39 305/695/17 1517/4360/65 3703/4359/83
f 1543/3843/83 3704/4355/83 3625/4358/83 667/3844/83
f 400/4533/39 2156/4534/39 3704/4355/83 1543/3843/83
f 2156/4534/39 668/4531/39 3624/4356/83 3704/4355/83
f 2155/870/83 3705/4353/83 1545/1082/40 399/871/40
f 667/3844/83 3625/4358/83 3705/4353/83 2155/870/83
f 3625/4358/83 1358/4357/83 3623/4354/83 3705/4353/83
f 3620/4346/84 3706/4349/84 3622/4352/84 1357/4347/84
f 671/4535/41 1547/4536/41 3706/4349/84 3620/4346/84
f 1547/4536/41 312/4537/24 1524/4350/72 3706/4349/84
f 1546/3833/84 3707/4345/84 3621/4348/84 670/3834/84
f 402/4538/41 2159/4539/41 3707/4345/84 1546/3833/84
f 2159/4539/41 671/4535/41 3620/4346/84 3707/4345/84
f 2158/874/84 3708/4343/84 1548/1101/42 401/875/42
f 670/3834/84 3621/4348/84 3708/4343/84 2158/874/84
f 3621/4348/84 1357/4347/84 3619/4344/84 3708/4343/84
f 3616/4336/85 3709/4339/85 3618/4342/85 1356/4337/85
f 674/4540/43 1550/4541/43 3709/4339/85 3616/4336/85
f 1550/4541/43 315/4542/27 1527/4340/75 3709/4339/85
f 1549/3823/85 3710/4335/85 3617/4338/85 673/3824/85
f 404/4543/43 2162/4544/43 3710/4335/85 1549/3823/85
f 2162/4544/43 674/4540/43 3616/4336/85 3710/4335/85
f 2161/878/85 3711/4333/85 1551/3147/44 403/879/44
f 673/3824/85 3617/4338/85 3711/4333/85 2161/878/85
f 3617/4338/85 1356/4337/85 3615/4334/85 3711/4333/85
f 3612/4327/86 3712/4330/86 3614/4332/86 1355/4328/86
f 677/4545/45 1553/4546/45 3712/4330/86 3612/4327/86
f 1553/4546/45 301/649/13 1513/651/61 3712/4330/86
f 1552/3813/86 3713/4326/86 3613/4329/86 676/3814/86
f 406/4547/45 2165/4548/45 3713/4326/86 1552/3813/86
f 2165/4548/45 677/4545/45 3612/4327/86 3713/4326/86
f 2164/882/86 3714/4324/86 1554/3287/46 405/883/46
f 676/3814/86 3613/4329/86 3714/4324/86 2164/882/86
f 3613/4329/86 1355/4328/86 3611/4325/86 3714/4324/86
f 3608/4317/87 3715/4320/87 3610/4323/87 1354/4318/87
f 680/3245/47 1556/1079/47 3715/4320/87 3608/4317/87
f 1556/1079/47 306/1078/18 1518/4321/66 3715/4320/87
f 1555/3803/87 3716/4316/87 3609/4319/87 679/3804/87
f 408/1329/47 2168/3246/47 3716/4316/87 1555/3803/87
f 2168/3246/47 680/3245/47 3608/4317/87 3716/4316/87
f 2167/886/87 3717/4312/87 1557/4315/48 407/887/48
f 679/3804/87 3609/4319/87 3717/4312/87 2167/886/87
f 3609/4319/87 1354/4318/87 3607/4313/87 3717/4312/87
f 3604/4306/88 3718/4309/88 3606/4311/88 1353/4307/88
f 683/4549/49 1559/4550/49 3718/4309/88 3604/4306/88
f 1559/4550/49 307/655/19 1519/657/67 3718/4309/88
f 1558/3791/88 3719/4305/88 3605/4308/88 682/3792/88
f 410/4551/49 2171/4552/49 3719/4305/88 1558/3791/88
f 2171/4552/49 683/4549/49 3604/4306/88 3719/4305/88
f 2170/890/88 3720/4303/88 1560/3217/50 409/891/50
f 682/3792/88 3605/4308/88 3720/4303/88 2170/890/88
f 3605/4308/88 1353/4307/88 3603/4304/88 3720/4303/88
f 3600/4297/89 3721/4300/89 3602/4302/89 1352/4298/89
f 686/4553/51 1562/4554/51 3721/4300/89 3600/4297/89
f 1562/4554/51 295/643/7 1507/645/55 3721/4300/89
f 1561/3781/89 3722/4296/89 3601/4299/89 685/3782/89
f 412/4555/51 2174/4556/51 3722/4296/89 1561/3781/89
f 2174/4556/51 686/4553/51 3600/4297/89 3722/4296/89
f 2173/894/89 3723/4294/89 1563/3357/52 411/895/52
f 685/3782/89 3601/4299/89 3723/4294/89 2173/894/89
f 3601/4299/89 1352/4298/89 3599/4295/89 3723/4294/89
f 3596/4287/90 3724/4290/90 3598/4293/90 1351/4288/90
f 689/3323/53 1565/3322/53 3724/4290/90 3596/4287/90
f 1565/3322/53 300/4493/12 1512/4291/60 3724/4290/90
f 1564/3771/90 3725/4286/90 3597/4289/90 688/3772/90
f 414/1059/53 2177/1058/53 3725/4286/90 1564/3771/90
f 2177/1058/53 689/3323/53 3596/4287/90 3725/4286/90
f 2176/898/90 3726/4282/90 1566/4285/54 413/899/54
f 688/3772/90 3597/4289/90 3726/4282/90 2176/898/90
f 3597/4289/90 1351/4288/90 3595/4283/90 3726/4282/90
f 3592/4275/79 3727/4278/79 3594/4281/79 1350/4276/79
f 692/4557/31 1568/4558/31 3727/4278/79 3592/4275/79
f 1568/4558/31 319/4559/31 2181/4279/79 3727/4278/79
f 1567/3759/79 3728/4274/79 3593/4277/79 691/3760/79
f 416/4560/31 2180/4561/31 3728/4274/79 1567/3759/79
f 2180/4561/31 692/4557/31 3592/4275/79 3728/4274/79
f 2179/902/79 3729/4270/79 1570/4273/32 415/903/32
f 691/3760/79 3593/4277/79 3729/4270/79 2179/902/79
f 3593/4277/79 1350/4276/79 3591/4271/79 3729/4270/79
f 3588/4263/80 3730/4266/80 3590/4269/80 1349/4264/80
f 696/4562/33 1572/4563/33 3730/4266/80 3588/4263/80
f 1572/4563/33 321/4564/33 2185/4267/80 3730/4266/80
f 1571/3747/80 3731/4262/80 3589/4265/80 695/3748/80
f 418/4565/33 2184/4566/33 3731/4262/80 1571/3747/80
f 2184/4566/33 696/4562/33 3588/4263/80 3731/4262/80
f 2183/906/80 3732/4258/80 1574/4261/34 417/907/34
f 695/3748/80 3589/4265/80 3732/4258/80 2183/906/80
f 3589/4265/80 1349/4264/80 3587/4259/80 3732/4258/80
f 3584/4251/81 3733/4254/81 3586/4257/81 1348/4252/81
f 700/4567/35 1576/4568/35 3733/4254/81 3584/4251/81
f 1576/4568/35 323/4569/35 2189/4255/81 3733/4254/81
f 1575/3735/81 3734/4250/81 3585/4253/81 699/3736/81
f 420/4570/35 2188/4571/35 3734/4250/81 1575/3735/81
f 2188/4571/35 700/4567/35 3584/4251/81 3734/4250/81
f 2187/910/81 3735/4248/81 1578/1142/36 419/911/36
f 699/3736/81 3585/4253/81 3735/4248/81 2187/910/81
f 3585/4253/81 1348/4252/81 3583/4249/81 3735/4248/81
f 3580/4241/82 3736/4244/82 3582/4247/82 1347/4242/82
f 704/4572/37 1580/4573/37 3736/4244/82 3580/4241/82
f 1580/4573/37 325/4574/37 2193/4245/82 3736/4244/82
f 1579/3725/82 3737/4240/82 3581/4243/82 703/3726/82
f 422/4575/37 2192/4576/37 3737/4240/82 1579/3725/82
f 2192/4576/37 704/4572/37 3580/4241/82 3737/4240/82
f 2191/914/82 3738/4236/82 1582/4239/38 421/915/38
f 703/3726/82 3581/4243/82 3738/4236/82 2191/914/82
f 3581/4243/82 1347/4242/82 3579/4237/82 3738/4236/82
f 3576/4229/83 3739/4232/83 3578/4235/83 1346/4230/83
f 708/4577/39 1584/4578/39 3739/4232/83 3576/4229/83
f 1584/4578/39 327/4579/39 2197/4233/83 3739/4232/83
f 1583/3713/83 3740/4228/83 3577/4231/83 707/3714/83
f 424/4580/39 2196/4581/39 3740/4228/83 1583/3713/83
f 2196/4581/39 708/4577/39 3576/4229/83 3740/4228/83
f 2195/918/83 3741/4226/83 1586/1164/40 423/919/40
f 707/3714/83 3577/4231/83 3741/4226/83 2195/918/83
f 3577/4231/83 1346/4230/83 3575/4227/83 3741/4226/83
f 3572/4219/84 3742/4222/84 3574/4225/84 1345/4220/84
f 712/4582/41 1588/4583/41 3742/4222/84 3572/4219/84
f 1588/4583/41 329/4584/41 2201/4223/84 3742/4222/84
f 1587/3703/84 3743/4218/84 3573/4221/84 711/3704/84
f 426/4585/41 2200/4586/41 3743/4218/84 1587/3703/84
f 2200/4586/41 712/4582/41 3572/4219/84 3743/4218/84
f 2199/922/84 3744/4216/84 1590/1174/42 425/923/42
f 711/3704/84 3573/4221/84 3744/4216/84 2199/922/84
f 3573/4221/84 1345/4220/84 3571/4217/84 3744/4216/84
f 3568/4209/85 3745/4212/85 3570/4215/85 1344/4210/85
f 716/4587/43 1592/4588/43 3745/4212/85 3568/4209/85
f 1592/4588/43 331/4589/43 2205/4213/85 3745/4212/85
f 1591/3693/85 3746/4208/85 3569/4211/85 715/3694/85
f 428/4590/43 2204/4591/43 3746/4208/85 1591/3693/85
f 2204/4591/43 716/4587/43 3568/4209/85 3746/4208/85
f 2203/926/85 3747/4206/85 1594/2801/44 427/927/44
f 715/3694/85 3569/4211/85 3747/4206/85 2203/926/85
f 3569/4211/85 1344/4210/85 3567/4207/85 3747/4206/85
f 3564/4199/86 3748/4202/86 3566/4205/86 1343/4200/86
f 720/4592/45 1596/4593/45 3748/4202/86 3564/4199/86
f 1596/4593/45 333/4594/45 2209/4203/86 3748/4202/86
f 1595/3683/86 3749/4198/86 3565/4201/86 719/3684/86
f 430/4595/45 2208/4596/45 3749/4198/86 1595/3683/86
f 2208/4596/45 720/4592/45 3564/4199/86 3749/4198/86
f 2207/930/86 3750/4196/86 1598/2757/46 429/931/46
f 719/3684/86 3565/4201/86 3750/4196/86 2207/930/86
f 3565/4201/86 1343/4200/86 3563/4197/86 3750/4196/86
f 3560/4189/87 3751/4192/87 3562/4195/87 1342/4190/87
f 724/2718/47 1600/1207/47 3751/4192/87 3560/4189/87
f 1600/1207/47 335/1206/47 2213/4193/87 3751/4192/87
f 1599/3673/87 3752/4188/87 3561/4191/87 723/3674/87
f 432/1458/47 2212/2719/47 3752/4188/87 1599/3673/87
f 2212/2719/47 724/2718/47 3560/4189/87 3752/4188/87
f 2211/934/87 3753/4184/87 1602/4187/48 431/935/48
f 723/3674/87 3561/4191/87 3753/4184/87 2211/934/87
f 3561/4191/87 1342/4190/87 3559/4185/87 3753/4184/87
f 3556/4177/88 3754/4180/88 3558/4183/88 1341/4178/88
f 728/4597/49 1604/4598/49 3754/4180/88 3556/4177/88
f 1604/4598/49 337/4599/49 2217/4181/88 3754/4180/88
f 1603/3661/88 3755/4176/88 3557/4179/88 727/3662/88
f 434/4600/49 2216/4601/49 3755/4176/88 1603/3661/88
f 2216/4601/49 728/4597/49 3556/4177/88 3755/4176/88
f 2215/938/88 3756/4174/88 1606/2677/50 433/939/50
f 727/3662/88 3557/4179/88 3756/4174/88 2215/938/88
f 3557/4179/88 1341/4178/88 3555/4175/88 3756/4174/88
f 3552/4167/89 3757/4170/89 3554/4173/89 1340/4168/89
f 732/4602/51 1608/4603/51 3757/4170/89 3552/4167/89
f 1608/4603/51 339/4604/51 2221/4171/89 3757/4170/89
f 1607/3651/89 3758/4166/89 3553/4169/89 731/3652/89
f 436/4605/51 2220/4606/51 3758/4166/89 1607/3651/89
f 2220/4606/51 732/4602/51 3552/4167/89 3758/4166/89
f 2219/942/89 3759/4164/89 1610/2631/52 435/943/52
f 731/3652/89 3553/4169/89 3759/4164/89 2219/942/89
f 3553/4169/89 1340/4168/89 3551/4165/89 3759/4164/89
f 3548/4157/90 3760/4160/90 3550/4163/90 1339/4158/90
f 736/2578/53 1612/2577/53 3760/4160/90 3548/4157/90
f 1612/2577/53 341/1238/53 2225/4161/90 3760/4160/90
f 1611/3641/90 3761/4156/90 3549/4159/90 735/3642/90
f 438/1242/53 2224/1241/53 3761/4156/90 1611/3641/90
f 2224/1241/53 736/2578/53 3548/4157/90 3761/4156/90
f 2223/946/90 3762/4152/90 1614/4155/54 437/947/54
f 735/3642/90 3549/4159/90 3762/4152/90 2223/946/90
f 3549/4159/90 1339/4158/90 3547/4153/90 3762/4152/90
f 3544/4145/79 3763/4148/79 3546/4151/79 1338/4146/79
f 740/4607/31 1616/4608/31 3763/4148/79 3544/4145/79
f 1616/4608/31 343/4609/31 2229/4149/79 3763/4148/79
f 1615/3629/79 3764/4144/79 3545/4147/79 739/3630/79
f 440/4610/31 2228/4611/31 3764/4144/79 1615/3629/79
f 2228/4611/31 740/4607/31 3544/4145/79 3764/4144/79
f 2227/950/79 3765/4140/79 1618/4143/32 439/951/32
f 739/3630/79 3545/4147/79 3765/4140/79 2227/950/79
f 3545/4147/79 1338/4146/79 3543/4141/79 3765/4140/79
f 3540/4133/80 3766/4136/80 3542/4139/80 1337/4134/80
f 744/4612/33 1620/4613/33 3766/4136/80 3540/4133/80
f 1620/4613/33 345/4614/33 2233/4137/80 3766/4136/80
f 1619/3617/80 3767/4132/80 3541/4135/80 743/3618/80
f 442/4615/33 2232/4616/33 3767/4132/80 1619/3617/80
f 2232/4616/33 744/4612/33 3540/4133/80 3767/4132/80
f 2231/954/80 3768/4128/80 1622/4131/34 441/955/34
f 743/3618/80 3541/4135/80 3768/4128/80 2231/954/80
f 3541/4135/80 1337/4134/80 3539/4129/80 3768/4128/80
f 3536/4121/81 3769/4124/81 3538/4127/81 1336/4122/81
f 748/4617/35 1624/4618/35 3769/4124/81 3536/4121/81
f 1624/4618/35 347/4619/35 2237/4125/81 3769/4124/81
f 1623/3605/81 3770/4120/81 3537/4123/81 747/3606/81
f 444/4620/35 2236/4621/35 3770/4120/81 1623/3605/81
f 2236/4621/35 748/4617/35 3536/4121/81 3770/4120/81
f 2235/958/81 3771/4118/81 1626/1263/36 443/959/36
f 747/3606/81 3537/4123/81 3771/4118/81 2235/958/81
f 3537/4123/81 1336/4122/81 3535/4119/81 3771/4118/81
f 3532/4111/82 3772/4114/82 3534/4117/82 1335/4112/82
f 752/4622/37 1628/4623/37 3772/4114/82 3532/4111/82
f 1628/4623/37 349/4624/37 2241/4115/82 3772/4114/82
f 1627/3595/82 3773/4110/82 3533/4113/82 751/3596/82
f 446/4625/37 2240/4626/37 3773/4110/82 1627/3595/82
f 2240/4626/37 752/4622/37 3532/4111/82 3773/4110/82
f 2239/962/82 3774/4106/82 1630/4109/38 445/963/38
f 751/3596/82 3533/4113/82 3774/4106/82 2239/962/82
f 3533/4113/82 1335/4112/82 3531/4107/82 3774/4106/82
f 3528/4099/83 3775/4102/83 3530/4105/83 1334/4100/83
f 756/4627/39 1632/4628/39 3775/4102/83 3528/4099/83
f 1632/4628/39 351/4629/39 2245/4103/83 3775/4102/83
f 1631/3583/83 3776/4098/83 3529/4101/83 755/3584/83
f 448/4630/39 2244/4631/39 3776/4098/83 1631/3583/83
f 2244/4631/39 756/4627/39 3528/4099/83 3776/4098/83
f 2243/966/83 3777/4096/83 1634/1286/40 447/967/40
f 755/3584/83 3529/4101/83 3777/4096/83 2243/966/83
f 3529/4101/83 1334/4100/83 3527/4097/83 3777/4096/83
f 3524/4089/84 3778/4092/84 3526/4095/84 1333/4090/84
f 760/4632/41 1636/4633/41 3778/4092/84 3524/4089/84
f 1636/4633/41 353/4634/41 2249/4093/84 3778/4092/84
f 1635/3573/84 3779/4088/84 3525/4091/84 759/3574/84
f 450/4635/41 2248/4636/41 3779/4088/84 1635/3573/84
f 2248/4636/41 760/4632/41 3524/4089/84 3779/4088/84
f 2247/970/84 3780/4086/84 1638/1296/42 449/971/42
f 759/3574/84 3525/4091/84 3780/4086/84 2247/970/84
f 3525/4091/84 1333/4090/84 3523/4087/84 3780/4086/84
f 3520/4079/85 3781/4082/85 3522/4085/85 1332/4080/85
f 764/4637/43 1640/4638/43 3781/4082/85 3520/4079/85
f 1640/4638/43 355/4639/43 2253/4083/85 3781/4082/85
f 1639/3563/85 3782/4078/85 3521/4081/85 763/3564/85
f 452/4640/43 2252/4641/43 3782/4078/85 1639/3563/85
f 2252/4641/43 764/4637/43 3520/4079/85 3782/4078/85
f 2251/974/85 3783/4076/85 1642/2271/44 451/975/44
f 763/3564/85 3521/4081/85 3783/4076/85 2251/974/85
f 3521/4081/85 1332/4080/85 3519/4077/85 3783/4076/85
f 3516/4069/86 3784/4072/86 3518/4075/86 1331/4070/86
f 768/4642/45 1644/4643/45 3784/4072/86 3516/4069/86
f 1644/4643/45 357/4644/45 2257/4073/86 3784/4072/86
f 1643/3553/86 3785/4068/86 3517/4071/86 767/3554/86
f 454/4645/45 2256/4646/45 3785/4068/86 1643/3553/86
f 2256/4646/45 768/4642/45 3516/4069/86 3785/4068/86
f 2255/978/86 3786/4066/86 1646/2226/46 453/979/46
f 767/3554/86 3517/4071/86 3786/4066/86 2255/978/86
f 3517/4071/86 1331/4070/86 3515/4067/86 3786/4066/86
f 3512/4059/87 3787/4062/87 3514/4065/87 1330/4060/87
f 772/2174/47 1648/1336/47 3787/4062/87 3512/4059/87
f 1648/1336/47 359/1335/47 2261/4063/87 3787/4062/87
f 1647/3543/87 3788/4058/87 3513/4061/87 771/3544/87
f 456/1210/47 2260/2175/47 3788/4058/87 1647/3543/87
f 2260/2175/47 772/2174/47 3512/4059/87 3788/4058/87
f 2259/982/87 3789/4054/87 1650/4057/48 455/983/48
f 771/3544/87 3513/4061/87 3789/4054/87 2259/982/87
f 3513/4061/87 1330/4060/87 3511/4055/87 3789/4054/87
f 3508/4047/88 3790/4050/88 3510/4053/88 1329/4048/88
f 776/4647/49 1652/4648/49 3790/4050/88 3508/4047/88
f 1652/4648/49 361/4649/49 2265/4051/88 3790/4050/88
f 1651/3531/88 3791/4046/88 3509/4049/88 775/3532/88
f 458/4650/49 2264/4651/49 3791/4046/88 1651/3531/88
f 2264/4651/49 776/4647/49 3508/4047/88 3791/4046/88
f 2263/986/88 3792/4044/88 1654/2133/50 457/987/50
f 775/3532/88 3509/4049/88 3792/4044/88 2263/986/88
f 3509/4049/88 1329/4048/88 3507/4045/88 3792/4044/88
f 3504/4037/89 3793/4040/89 3506/4043/89 1328/4038/89
f 780/4652/51 1656/4653/51 3793/4040/89 3504/4037/89
f 1656/4653/51 363/4654/51 2269/4041/89 3793/4040/89
f 1655/3521/89 3794/4036/89 3505/4039/89 779/3522/89
f 460/4655/51 2268/4656/51 3794/4036/89 1655/3521/89
f 2268/4656/51 780/4652/51 3504/4037/89 3794/4036/89
f 2267/990/89 3795/4034/89 1658/2088/52 459/991/52
f 779/3522/89 3505/4039/89 3795/4034/89 2267/990/89
f 3505/4039/89 1328/4038/89 3503/4035/89 3795/4034/89
f 3500/4027/90 3796/4030/90 3502/4033/90 1327/4028/90
f 784/2077/53 1660/2076/53 3796/4030/90 3500/4027/90
f 1660/2076/53 365/1367/53 2273/4031/90 3796/4030/90
f 1659/3511/90 3797/4026/90 3501/4029/90 783/3512/90
f 462/1359/53 2272/1358/53 3797/4026/90 1659/3511/90
f 2272/1358/53 784/2077/53 3500/4027/90 3797/4026/90
f 2271/994/90 3798/4022/90 1662/4025/54 461/995/54
f 783/3512/90 3501/4029/90 3798/4022/90 2271/994/90
f 3501/4029/90 1327/4028/90 3499/4023/90 3798/4022/90
f 3496/4015/79 3799/4018/79 3498/4021/79 1326/4016/79
f 788/4657/31 1664/4658/31 3799/4018/79 3496/4015/79
f 1664/4658/31 367/4659/31 2277/4019/79 3799/4018/79
f 1663/3499/79 3800/4014/79 3497/4017/79 787/3500/79
f 464/4660/31 2276/4661/31 3800/4014/79 1663/3499/79
f 2276/4661/31 788/4657/31 3496/4015/79 3800/4014/79
f 2275/998/79 3801/4010/79 1666/4013/32 463/999/32
f 787/3500/79 3497/4017/79 3801/4010/79 2275/998/79
f 3497/4017/79 1326/4016/79 3495/4011/79 3801/4010/79
f 3492/4003/80 3802/4006/80 3494/4009/80 1325/4004/80
f 792/4662/33 1668/4663/33 3802/4006/80 3492/4003/80
f 1668/4663/33 369/4664/33 2281/4007/80 3802/4006/80
f 1667/3487/80 3803/4002/80 3493/4005/80 791/3488/80
f 466/4665/33 2280/4666/33 3803/4002/80 1667/3487/80
f 2280/4666/33 792/4662/33 3492/4003/80 3803/4002/80
f 2279/1002/80 3804/3998/80 1670/4001/34 465/1003/34
f 791/3488/80 3493/4005/80 3804/3998/80 2279/1002/80
f 3493/4005/80 1325/4004/80 3491/3999/80 3804/3998/80
f 3488/3991/81 3805/3994/81 3490/3997/81 1324/3992/81
f 796/4667/35 1672/4668/35 3805/3994/81 3488/3991/81
f 1672/4668/35 371/4669/35 2285/3995/81 3805/3994/81
f 1671/3475/81 3806/3990/81 3489/3993/81 795/3476/81
f 468/4670/35 2284/4671/35 3806/3990/81 1671/3475/81
f 2284/4671/35 796/4667/35 3488/3991/81 3806/3990/81
f 2283/1006/81 3807/3988/81 1674/1390/36 467/1007/36
f 795/3476/81 3489/3993/81 3807/3988/81 2283/1006/81
f 3489/3993/81 1324/3992/81 3487/3989/81 3807/3988/81
f 3484/3981/82 3808/3984/82 3486/3987/82 1323/3982/82
f 800/4672/37 1676/4673/37 3808/3984/82 3484/3981/82
f 1676/4673/37 373/4674/37 2289/3985/82 3808/3984/82
f 1675/3465/82 3809/3980/82 3485/3983/82 799/3466/82
f 470/4675/37 2288/4676/37 3809/3980/82 1675/3465/82
f 2288/4676/37 800/4672/37 3484/3981/82 3809/3980/82
f 2287/1010/82 3810/3976/82 1678/3979/38 469/1011/38
f 799/3466/82 3485/3983/82 3810/3976/82 2287/1010/82
f 3485/3983/82 1323/3982/82 3483/3977/82 3810/3976/82
f 3480/3969/83 3811/3972/83 3482/3975/83 1322/3970/83
f 804/4677/39 1680/4678/39 3811/3972/83 3480/3969/83
f 1680/4678/39 375/4679/39 2293/3973/83 3811/3972/83
f 1679/3453/83 3812/3968/83 3481/3971/83 803/3454/83
f 472/4680/39 2292/4681/39 3812/3968/83 1679/3453/83
f 2292/4681/39 804/4677/39 3480/3969/83 3812/3968/83
f 2291/1014/83 3813/3966/83 1682/1413/40 471/1015/40
f 803/3454/83 3481/3971/83 3813/3966/83 2291/1014/83
f 3481/3971/83 1322/3970/83 3479/3967/83 3813/3966/83
f 3476/3959/84 3814/3962/84 3478/3965/84 1321/3960/84
f 808/4682/41 1684/4683/41 3814/3962/84 3476/3959/84
f 1684/4683/41 377/4684/41 2297/3963/84 3814/3962/84
f 1683/3443/84 3815/3958/84 3477/3961/84 807/3444/84
f 474/4685/41 2296/4686/41 3815/3958/84 1683/3443/84
f 2296/4686/41 808/4682/41 3476/3959/84 3815/3958/84
f 2295/1018/84 3816/3956/84 1686/1424/42 473/1019/42
f 807/3444/84 3477/3961/84 3816/3956/84 2295/1018/84
f 3477/3961/84 1321/3960/84 3475/3957/84 3816/3956/84
f 3472/3949/85 3817/3952/85 3474/3955/85 1320/3950/85
f 812/4687/43 1688/4688/43 3817/3952/85 3472/3949/85
f 1688/4688/43 379/4689/43 2301/3953/85 3817/3952/85
f 1687/3433/85 3818/3948/85 3473/3951/85 811/3434/85
f 476/4690/43 2300/4691/43 3818/3948/85 1687/3433/85
f 2300/4691/43 812/4687/43 3472/3949/85 3818/3948/85
f 2299/1022/85 3819/3946/85 1690/1773/44 475/1023/44
f 811/3434/85 3473/3951/85 3819/3946/85 2299/1022/85
f 3473/3951/85 1320/3950/85 3471/3947/85 3819/3946/85
f 3468/3939/86 3820/3942/86 3470/3945/86 1319/3940/86
f 816/4692/45 1692/4693/45 3820/3942/86 3468/3939/86
f 1692/4693/45 381/4694/45 2305/3943/86 3820/3942/86
f 1691/3423/86 3821/3938/86 3469/3941/86 815/3424/86
f 478/4695/45 2304/4696/45 3821/3938/86 1691/3423/86
f 2304/4696/45 816/4692/45 3468/3939/86 3821/3938/86
f 2303/1026/86 3822/3936/86 1694/1692/46 477/1027/46
f 815/3424/86 3469/3941/86 3822/3936/86 2303/1026/86
f 3469/3941/86 1319/3940/86 3467/3937/86 3822/3936/86
f 3464/3929/87 3823/3932/87 3466/3935/87 1318/3930/87
f 820/1640/47 1696/1465/47 3823/3932/87 3464/3929/87
f 1696/1465/47 383/1464/47 2309/3933/87 3823/3932/87
f 1695/3413/87 3824/3928/87 3465/3931/87 819/3414/87
f 480/1120/47 2308/1641/47 3824/3928/87 1695/3413/87
f 2308/1641/47 820/1640/47 3464/3929/87 3824/3928/87
f 2307/1030/87 3825/3924/87 1698/3927/48 479/1031/48
f 819/3414/87 3465/3931/87 3825/3924/87 2307/1030/87
f 3465/3931/87 1318/3930/87 3463/3925/87 3825/3924/87
f 3460/3917/88 3826/3920/88 3462/3923/88 1317/3918/88
f 824/4697/49 1700/4698/49 3826/3920/88 3460/3917/88
f 1700/4698/49 385/4699/49 2313/3921/88 3826/3920/88
f 1699/3401/88 3827/3916/88 3461/3919/88 823/3402/88
f 482/4700/49 2312/4701/49 3827/3916/88 1699/3401/88
f 2312/4701/49 824/4697/49 3460/3917/88 3827/3916/88
f 2311/1034/88 3828/3914/88 1702/1611/50 481/1035/50
f 823/3402/88 3461/3919/88 3828/3914/88 2311/1034/88
f 3461/3919/88 1317/3918/88 3459/3915/88 3828/3914/88
f 3456/3907/89 3829/3910/89 3458/3913/89 1316/3908/89
f 828/4702/51 1704/4703/51 3829/3910/89 3456/3907/89
f 1704/4703/51 387/4704/51 2317/3911/89 3829/3910/89
f 1703/3391/89 3830/3906/89 3457/3909/89 827/3392/89
f 484/4705/51 2316/4706/51 3830/3906/89 1703/3391/89
f 2316/4706/51 828/4702/51 3456/3907/89 3830/3906/89
f 2315/1038/89 3831/3904/89 1706/1554/52 483/1039/52
f 827/3392/89 3457/3909/89 3831/3904/89 2315/1038/89
f 3457/3909/89 1316/3908/89 3455/3905/89 3831/3904/89
f 3452/3897/90 3832/3900/90 3454/3903/90 1315/3898/90
f 832/1543/53 1708/1542/53 3832/3900/90 3452/3897/90
f 1708/1542/53 389/1498/53 2321/3901/90 3832/3900/90
f 1707/3381/90 3833/3896/90 3453/3899/90 831/3382/90
f 486/1489/53 2320/1488/53 3833/3896/90 1707/3381/90
f 2320/1488/53 832/1543/53 3452/3897/90 3833/3896/90
f 2319/1042/90 3834/3892/90 1710/3895/54 485/1043/54
f 831/3382/90 3453/3899/90 3834/3892/90 2319/1042/90
f 3453/3899/90 1315/3898/90 3451/3893/90 3834/3892/90
f 3448/3885/79 3835/3888/79 3450/3891/79 1314/3886/79
f 835/4707/31 1711/4708/31 3835/3888/79 3448/3885/79
f 1711/4708/31 392/4517/31 1531/3889/79 3835/3888/79
f 2229/4149/79 3836/3884/79 3449/3887/79 741/4150/79
f 343/4609/31 2323/4709/31 3836/3884/79 2229/4149/79
f 2323/4709/31 835/4707/31 3448/3885/79 3836/3884/79
f 1617/758/79 3837/3880/79 1712/3883/32 344/759/32
f 741/4150/79 3449/3887/79 3837/3880/79 1617/758/79
f 3449/3887/79 1314/3886/79 3447/3881/79 3837/3880/79
f 3444/3873/80 3838/3876/80 3446/3879/80 1313/3874/80
f 837/4710/33 1713/4711/33 3838/3876/80 3444/3873/80
f 1713/4711/33 394/4521/33 1534/3877/80 3838/3876/80
f 2233/4137/80 3839/3872/80 3445/3875/80 745/4138/80
f 345/4614/33 2325/4712/33 3839/3872/80 2233/4137/80
f 2325/4712/33 837/4710/33 3444/3873/80 3839/3872/80
f 1621/762/80 3840/3868/80 1714/3871/34 346/763/34
f 745/4138/80 3445/3875/80 3840/3868/80 1621/762/80
f 3445/3875/80 1313/3874/80 3443/3869/80 3840/3868/80
f 3440/3861/81 3841/3864/81 3442/3867/81 1312/3862/81
f 839/4713/35 1715/4714/35 3841/3864/81 3440/3861/81
f 1715/4714/35 396/4525/35 1537/3865/81 3841/3864/81
f 2237/4125/81 3842/3860/81 3441/3863/81 749/4126/81
f 347/4619/35 2327/4715/35 3842/3860/81 2237/4125/81
f 2327/4715/35 839/4713/35 3440/3861/81 3842/3860/81
f 1625/766/81 3843/3858/81 1716/1266/36 348/767/36
f 749/4126/81 3441/3863/81 3843/3858/81 1625/766/81
f 3441/3863/81 1312/3862/81 3439/3859/81 3843/3858/81
f 3436/3851/82 3844/3854/82 3438/3857/82 1311/3852/82
f 841/4716/37 1717/4717/37 3844/3854/82 3436/3851/82
f 1717/4717/37 398/4529/37 1540/3855/82 3844/3854/82
f 2241/4115/82 3845/3850/82 3437/3853/82 753/4116/82
f 349/4624/37 2329/4718/37 3845/3850/82 2241/4115/82
f 2329/4718/37 841/4716/37 3436/3851/82 3845/3850/82
f 1629/770/82 3846/3846/82 1718/3849/38 350/771/38
f 753/4116/82 3437/3853/82 3846/3846/82 1629/770/82
f 3437/3853/82 1311/3852/82 3435/3847/82 3846/3846/82
f 3432/3839/83 3847/3842/83 3434/3845/83 1310/3840/83
f 843/4719/39 1719/4720/39 3847/3842/83 3432/3839/83
f 1719/4720/39 400/4533/39 1543/3843/83 3847/3842/83
f 2245/4103/83 3848/3838/83 3433/3841/83 757/4104/83
f 351/4629/39 2331/4721/39 3848/3838/83 2245/4103/83
f 2331/4721/39 843/4719/39 3432/3839/83 3848/3838/83
f 1633/774/83 3849/3836/83 1720/1289/40 352/775/40
f 757/4104/83 3433/3841/83 3849/3836/83 1633/774/83
f 3433/3841/83 1310/3840/83 3431/3837/83 3849/3836/83
f 3428/3829/84 3850/3832/84 3430/3835/84 1309/3830/84
f 845/4722/41 1721/4723/41 3850/3832/84 3428/3829/84
f 1721/4723/41 402/4538/41 1546/3833/84 3850/3832/84
f 2249/4093/84 3851/3828/84 3429/3831/84 761/4094/84
f 353/4634/41 2333/4724/41 3851/3828/84 2249/4093/84
f 2333/4724/41 845/4722/41 3428/3829/84 3851/3828/84
f 1637/778/84 3852/3826/84 1722/1299/42 354/779/42
f 761/4094/84 3429/3831/84 3852/3826/84 1637/778/84
f 3429/3831/84 1309/3830/84 3427/3827/84 3852/3826/84
f 3424/3819/85 3853/3822/85 3426/3825/85 1308/3820/85
f 847/4725/43 1723/4726/43 3853/3822/85 3424/3819/85
f 1723/4726/43 404/4543/43 1549/3823/85 3853/3822/85
f 2253/4083/85 3854/3818/85 3425/3821/85 765/4084/85
f 355/4639/43 2335/4727/43 3854/3818/85 2253/4083/85
f 2335/4727/43 847/4725/43 3424/3819/85 3854/3818/85
f 1641/782/85 3855/3816/85 1724/2283/44 356/783/44
f 765/4084/85 3425/3821/85 3855/3816/85 1641/782/85
f 3425/3821/85 1308/3820/85 3423/3817/85 3855/3816/85
f 3420/3809/86 3856/3812/86 3422/3815/86 1307/3810/86
f 849/4728/45 1725/4729/45 3856/3812/86 3420/3809/86
f 1725/4729/45 406/4547/45 1552/3813/86 3856/3812/86
f 2257/4073/86 3857/3808/86 3421/3811/86 769/4074/86
f 357/4644/45 2337/4730/45 3857/3808/86 2257/4073/86
f 2337/4730/45 849/4728/45 3420/3809/86 3857/3808/86
f 1645/786/86 3858/3806/86 1726/2238/46 358/787/46
f 769/4074/86 3421/3811/86 3858/3806/86 1645/786/86
f 3421/3811/86 1307/3810/86 3419/3807/86 3858/3806/86
f 3416/3799/87 3859/3802/87 3418/3805/87 1306/3800/87
f 851/2197/47 1727/1330/47 3859/3802/87 3416/3799/87
f 1727/1330/47 408/1329/47 1555/3803/87 3859/3802/87
f 2261/4063/87 3860/3798/87 3417/3801/87 773/4064/87
f 359/1335/47 2339/2198/47 3860/3798/87 2261/4063/87
f 2339/2198/47 851/2197/47 3416/3799/87 3860/3798/87
f 1649/790/87 3861/3794/87 1728/3797/48 360/791/48
f 773/4064/87 3417/3801/87 3861/3794/87 1649/790/87
f 3417/3801/87 1306/3800/87 3415/3795/87 3861/3794/87
f 3412/3787/88 3862/3790/88 3414/3793/88 1305/3788/88
f 853/4731/49 1729/4732/49 3862/3790/88 3412/3787/88
f 1729/4732/49 410/4551/49 1558/3791/88 3862/3790/88
f 2265/4051/88 3863/3786/88 3413/3789/88 777/4052/88
f 361/4649/49 2341/4733/49 3863/3786/88 2265/4051/88
f 2341/4733/49 853/4731/49 3412/3787/88 3863/3786/88
f 1653/794/88 3864/3784/88 1730/2157/50 362/795/50
f 777/4052/88 3413/3789/88 3864/3784/88 1653/794/88
f 3413/3789/88 1305/3788/88 3411/3785/88 3864/3784/88
f 3408/3777/89 3865/3780/89 3410/3783/89 1304/3778/89
f 855/4734/51 1731/4735/51 3865/3780/89 3408/3777/89
f 1731/4735/51 412/4555/51 1561/3781/89 3865/3780/89
f 2269/4041/89 3866/3776/89 3409/3779/89 781/4042/89
f 363/4654/51 2343/4736/51 3866/3776/89 2269/4041/89
f 2343/4736/51 855/4734/51 3408/3777/89 3866/3776/89
f 1657/798/89 3867/3774/89 1732/2111/52 364/799/52
f 781/4042/89 3409/3779/89 3867/3774/89 1657/798/89
f 3409/3779/89 1304/3778/89 3407/3775/89 3867/3774/89
f 3404/3767/90 3868/3770/90 3406/3773/90 1303/3768/90
f 857/2044/53 1733/2043/53 3868/3770/90 3404/3767/90
f 1733/2043/53 414/1059/53 1564/3771/90 3868/3770/90
f 2273/4031/90 3869/3766/90 3405/3769/90 785/4032/90
f 365/1367/53 2345/1366/53 3869/3766/90 2273/4031/90
f 2345/1366/53 857/2044/53 3404/3767/90 3869/3766/90
f 1661/802/90 3870/3762/90 1734/3765/54 366/803/54
f 785/4032/90 3405/3769/90 3870/3762/90 1661/802/90
f 3405/3769/90 1303/3768/90 3403/3763/90 3870/3762/90
f 3400/3755/79 3871/3758/79 3402/3761/79 1302/3756/79
f 859/4737/31 1735/4738/31 3871/3758/79 3400/3755/79
f 1735/4738/31 416/4560/31 1567/3759/79 3871/3758/79
f 2277/4019/79 3872/3754/79 3401/3757/79 789/4020/79
f 367/4659/31 2347/4739/31 3872/3754/79 2277/4019/79
f 2347/4739/31 859/4737/31 3400/3755/79 3872/3754/79
f 1665/806/79 3873/3750/79 1736/3753/32 368/807/32
f 789/4020/79 3401/3757/79 3873/3750/79 1665/806/79
f 3401/3757/79 1302/3756/79 3399/3751/79 3873/3750/79
f 3396/3743/80 3874/3746/80 3398/3749/80 1301/3744/80
f 861/4740/33 1737/4741/33 3874/3746/80 3396/3743/80
f 1737/4741/33 418/4565/33 1571/3747/80 3874/3746/80
f 2281/4007/80 3875/3742/80 3397/3745/80 793/4008/80
f 369/4664/33 2349/4742/33 3875/3742/80 2281/4007/80
f 2349/4742/33 861/4740/33 3396/3743/80 3875/3742/80
f 1669/810/80 3876/3738/80 1738/3741/34 370/811/34
f 793/4008/80 3397/3745/80 3876/3738/80 1669/810/80
f 3397/3745/80 1301/3744/80 3395/3739/80 3876/3738/80
f 3392/3731/81 3877/3734/81 3394/3737/81 1300/3732/81
f 863/4743/35 1739/4744/35 3877/3734/81 3392/3731/81
f 1739/4744/35 420/4570/35 1575/3735/81 3877/3734/81
f 2285/3995/81 3878/3730/81 3393/3733/81 797/3996/81
f 371/4669/35 2351/4745/35 3878/3730/81 2285/3995/81
f 2351/4745/35 863/4743/35 3392/3731/81 3878/3730/81
f 1673/814/81 3879/3728/81 1740/1393/36 372/815/36
f 797/3996/81 3393/3733/81 3879/3728/81 1673/814/81
f 3393/3733/81 1300/3732/81 3391/3729/81 3879/3728/81
f 3388/3721/82 3880/3724/82 3390/3727/82 1299/3722/82
f 865/4746/37 1741/4747/37 3880/3724/82 3388/3721/82
f 1741/4747/37 422/4575/37 1579/3725/82 3880/3724/82
f 2289/3985/82 3881/3720/82 3389/3723/82 801/3986/82
f 373/4674/37 2353/4748/37 3881/3720/82 2289/3985/82
f 2353/4748/37 865/4746/37 3388/3721/82 3881/3720/82
f 1677/818/82 3882/3716/82 1742/3719/38 374/819/38
f 801/3986/82 3389/3723/82 3882/3716/82 1677/818/82
f 3389/3723/82 1299/3722/82 3387/3717/82 3882/3716/82
f 3384/3709/83 3883/3712/83 3386/3715/83 1298/3710/83
f 867/4749/39 1743/4750/39 3883/3712/83 3384/3709/83
f 1743/4750/39 424/4580/39 1583/3713/83 3883/3712/83
f 2293/3973/83 3884/3708/83 3385/3711/83 805/3974/83
f 375/4679/39 2355/4751/39 3884/3708/83 2293/3973/83
f 2355/4751/39 867/4749/39 3384/3709/83 3884/3708/83
f 1681/822/83 3885/3706/83 1744/1416/40 376/823/40
f 805/3974/83 3385/3711/83 3885/3706/83 1681/822/83
f 3385/3711/83 1298/3710/83 3383/3707/83 3885/3706/83
f 3380/3699/84 3886/3702/84 3382/3705/84 1297/3700/84
f 869/4752/41 1745/4753/41 3886/3702/84 3380/3699/84
f 1745/4753/41 426/4585/41 1587/3703/84 3886/3702/84
f 2297/3963/84 3887/3698/84 3381/3701/84 809/3964/84
f 377/4684/41 2357/4754/41 3887/3698/84 2297/3963/84
f 2357/4754/41 869/4752/41 3380/3699/84 3887/3698/84
f 1685/826/84 3888/3696/84 1746/1427/42 378/827/42
f 809/3964/84 3381/3701/84 3888/3696/84 1685/826/84
f 3381/3701/84 1297/3700/84 3379/3697/84 3888/3696/84
f 3376/3689/85 3889/3692/85 3378/3695/85 1296/3690/85
f 871/4755/43 1747/4756/43 3889/3692/85 3376/3689/85
f 1747/4756/43 428/4590/43 1591/3693/85 3889/3692/85
f 2301/3953/85 3890/3688/85 3377/3691/85 813/3954/85
f 379/4689/43 2359/4757/43 3890/3688/85 2301/3953/85
f 2359/4757/43 871/4755/43 3376/3689/85 3890/3688/85
f 1689/830/85 3891/3686/85 1748/1737/44 380/831/44
f 813/3954/85 3377/3691/85 3891/3686/85 1689/830/85
f 3377/3691/85 1296/3690/85 3375/3687/85 3891/3686/85
f 3372/3679/86 3892/3682/86 3374/3685/86 1295/3680/86
f 873/4758/45 1749/4759/45 3892/3682/86 3372/3679/86
f 1749/4759/45 430/4595/45 1595/3683/86 3892/3682/86
f 2305/3943/86 3893/3678/86 3373/3681/86 817/3944/86
f 381/4694/45 2361/4760/45 3893/3678/86 2305/3943/86
f 2361/4760/45 873/4758/45 3372/3679/86 3893/3678/86
f 1693/834/86 3894/3676/86 1750/1704/46 382/835/46
f 817/3944/86 3373/3681/86 3894/3676/86 1693/834/86
f 3373/3681/86 1295/3680/86 3371/3677/86 3894/3676/86
f 3368/3669/87 3895/3672/87 3370/3675/87 1294/3670/87
f 875/1662/47 1751/1459/47 3895/3672/87 3368/3669/87
f 1751/1459/47 432/1458/47 1599/3673/87 3895/3672/87
f 2309/3933/87 3896/3668/87 3369/3671/87 821/3934/87
f 383/1464/47 2363/1663/47 3896/3668/87 2309/3933/87
f 2363/1663/47 875/1662/47 3368/3669/87 3896/3668/87
f 1697/838/87 3897/3664/87 1752/3667/48 384/839/48
f 821/3934/87 3369/3671/87 3897/3664/87 1697/838/87
f 3369/3671/87 1294/3670/87 3367/3665/87 3897/3664/87
f 3364/3657/88 3898/3660/88 3366/3663/88 1293/3658/88
f 877/4761/49 1753/4762/49 3898/3660/88 3364/3657/88
f 1753/4762/49 434/4600/49 1603/3661/88 3898/3660/88
f 2313/3921/88 3899/3656/88 3365/3659/88 825/3922/88
f 385/4699/49 2365/4763/49 3899/3656/88 2313/3921/88
f 2365/4763/49 877/4761/49 3364/3657/88 3899/3656/88
f 1701/842/88 3900/3654/88 1754/1623/50 386/843/50
f 825/3922/88 3365/3659/88 3900/3654/88 1701/842/88
f 3365/3659/88 1293/3658/88 3363/3655/88 3900/3654/88
f 3360/3647/89 3901/3650/89 3362/3653/89 1292/3648/89
f 879/4764/51 1755/4765/51 3901/3650/89 3360/3647/89
f 1755/4765/51 436/4605/51 1607/3651/89 3901/3650/89
f 2317/3911/89 3902/3646/89 3361/3649/89 829/3912/89
f 387/4704/51 2367/4766/51 3902/3646/89 2317/3911/89
f 2367/4766/51 879/4764/51 3360/3647/89 3902/3646/89
f 1705/846/89 3903/3644/89 1756/1576/52 388/847/52
f 829/3912/89 3361/3649/89 3903/3644/89 1705/846/89
f 3361/3649/89 1292/3648/89 3359/3645/89 3903/3644/89
f 3356/3637/90 3904/3640/90 3358/3643/90 1291/3638/90
f 881/1510/53 1757/1509/53 3904/3640/90 3356/3637/90
f 1757/1509/53 438/1242/53 1611/3641/90 3904/3640/90
f 2321/3901/90 3905/3636/90 3357/3639/90 833/3902/90
f 389/1498/53 2369/1497/53 3905/3636/90 2321/3901/90
f 2369/1497/53 881/1510/53 3356/3637/90 3905/3636/90
f 1709/850/90 3906/3632/90 1758/3635/54 390/851/54
f 833/3902/90 3357/3639/90 3906/3632/90 1709/850/90
f 3357/3639/90 1291/3638/90 3355/3633/90 3906/3632/90
f 3352/3625/79 3907/3628/79 3354/3631/79 1290/3626/79
f 883/4767/31 1759/4768/31 3907/3628/79 3352/3625/79
f 1759/4768/31 440/4610/31 1615/3629/79 3907/3628/79
f 2181/4279/79 3908/3624/79 3353/3627/79 693/4280/79
f 319/4559/31 2371/4769/31 3908/3624/79 2181/4279/79
f 2371/4769/31 883/4767/31 3352/3625/79 3908/3624/79
f 1569/710/79 3909/3620/79 1760/3623/32 320/711/32
f 693/4280/79 3353/3627/79 3909/3620/79 1569/710/79
f 3353/3627/79 1290/3626/79 3351/3621/79 3909/3620/79
f 3348/3613/80 3910/3616/80 3350/3619/80 1289/3614/80
f 885/4770/33 1761/4771/33 3910/3616/80 3348/3613/80
f 1761/4771/33 442/4615/33 1619/3617/80 3910/3616/80
f 2185/4267/80 3911/3612/80 3349/3615/80 697/4268/80
f 321/4564/33 2373/4772/33 3911/3612/80 2185/4267/80
f 2373/4772/33 885/4770/33 3348/3613/80 3911/3612/80
f 1573/714/80 3912/3608/80 1762/3611/34 322/715/34
f 697/4268/80 3349/3615/80 3912/3608/80 1573/714/80
f 3349/3615/80 1289/3614/80 3347/3609/80 3912/3608/80
f 3344/3601/81 3913/3604/81 3346/3607/81 1288/3602/81
f 887/4773/35 1763/4774/35 3913/3604/81 3344/3601/81
f 1763/4774/35 444/4620/35 1623/3605/81 3913/3604/81
f 2189/4255/81 3914/3600/81 3345/3603/81 701/4256/81
f 323/4569/35 2375/4775/35 3914/3600/81 2189/4255/81
f 2375/4775/35 887/4773/35 3344/3601/81 3914/3600/81
f 1577/718/81 3915/3598/81 1764/1145/36 324/719/36
f 701/4256/81 3345/3603/81 3915/3598/81 1577/718/81
f 3345/3603/81 1288/3602/81 3343/3599/81 3915/3598/81
f 3340/3591/82 3916/3594/82 3342/3597/82 1287/3592/82
f 889/4776/37 1765/4777/37 3916/3594/82 3340/3591/82
f 1765/4777/37 446/4625/37 1627/3595/82 3916/3594/82
f 2193/4245/82 3917/3590/82 3341/3593/82 705/4246/82
f 325/4574/37 2377/4778/37 3917/3590/82 2193/4245/82
f 2377/4778/37 889/4776/37 3340/3591/82 3917/3590/82
f 1581/722/82 3918/3586/82 1766/3589/38 326/723/38
f 705/4246/82 3341/3593/82 3918/3586/82 1581/722/82
f 3341/3593/82 1287/3592/82 3339/3587/82 3918/3586/82
f 3336/3579/83 3919/3582/83 3338/3585/83 1286/3580/83
f 891/4779/39 1767/4780/39 3919/3582/83 3336/3579/83
f 1767/4780/39 448/4630/39 1631/3583/83 3919/3582/83
f 2197/4233/83 3920/3578/83 3337/3581/83 709/4234/83
f 327/4579/39 2379/4781/39 3920/3578/83 2197/4233/83
f 2379/4781/39 891/4779/39 3336/3579/83 3920/3578/83
f 1585/726/83 3921/3576/83 1768/1167/40 328/727/40
f 709/4234/83 3337/3581/83 3921/3576/83 1585/726/83
f 3337/3581/83 1286/3580/83 3335/3577/83 3921/3576/83
f 3332/3569/84 3922/3572/84 3334/3575/84 1285/3570/84
f 893/4782/41 1769/4783/41 3922/3572/84 3332/3569/84
f 1769/4783/41 450/4635/41 1635/3573/84 3922/3572/84
f 2201/4223/84 3923/3568/84 3333/3571/84 713/4224/84
f 329/4584/41 2381/4784/41 3923/3568/84 2201/4223/84
f 2381/4784/41 893/4782/41 3332/3569/84 3923/3568/84
f 1589/730/84 3924/3566/84 1770/1177/42 330/731/42
f 713/4224/84 3333/3571/84 3924/3566/84 1589/730/84
f 3333/3571/84 1285/3570/84 3331/3567/84 3924/3566/84
f 3328/3559/85 3925/3562/85 3330/3565/85 1284/3560/85
f 895/4785/43 1771/4786/43 3925/3562/85 3328/3559/85
f 1771/4786/43 452/4640/43 1639/3563/85 3925/3562/85
f 2205/4213/85 3926/3558/85 3329/3561/85 717/4214/85
f 331/4589/43 2383/4787/43 3926/3558/85 2205/4213/85
f 2383/4787/43 895/4785/43 3328/3559/85 3926/3558/85
f 1593/734/85 3927/3556/85 1772/2813/44 332/735/44
f 717/4214/85 3329/3561/85 3927/3556/85 1593/734/85
f 3329/3561/85 1284/3560/85 3327/3557/85 3927/3556/85
f 3324/3549/86 3928/3552/86 3326/3555/86 1283/3550/86
f 897/4788/45 1773/4789/45 3928/3552/86 3324/3549/86
f 1773/4789/45 454/4645/45 1643/3553/86 3928/3552/86
f 2209/4203/86 3929/3548/86 3325/3551/86 721/4204/86
f 333/4594/45 2385/4790/45 3929/3548/86 2209/4203/86
f 2385/4790/45 897/4788/45 3324/3549/86 3929/3548/86
f 1597/738/86 3930/3546/86 1774/2769/46 334/739/46
f 721/4204/86 3325/3551/86 3930/3546/86 1597/738/86
f 3325/3551/86 1283/3550/86 3323/3547/86 3930/3546/86
f 3320/3539/87 3931/3542/87 3322/3545/87 1282/3540/87
f 899/2706/47 1775/1211/47 3931/3542/87 3320/3539/87
f 1775/1211/47 456/1210/47 1647/3543/87 3931/3542/87
f 2213/4193/87 3932/3538/87 3321/3541/87 725/4194/87
f 335/1206/47 2387/2707/47 3932/3538/87 2213/4193/87
f 2387/2707/47 899/2706/47 3320/3539/87 3932/3538/87
f 1601/742/87 3933/3534/87 1776/3537/48 336/743/48
f 725/4194/87 3321/3541/87 3933/3534/87 1601/742/87
f 3321/3541/87 1282/3540/87 3319/3535/87 3933/3534/87
f 3316/3527/88 3934/3530/88 3318/3533/88 1281/3528/88
f 901/4791/49 1777/4792/49 3934/3530/88 3316/3527/88
f 1777/4792/49 458/4650/49 1651/3531/88 3934/3530/88
f 2217/4181/88 3935/3526/88 3317/3529/88 729/4182/88
f 337/4599/49 2389/4793/49 3935/3526/88 2217/4181/88
f 2389/4793/49 901/4791/49 3316/3527/88 3935/3526/88
f 1605/746/88 3936/3524/88 1778/2689/50 338/747/50
f 729/4182/88 3317/3529/88 3936/3524/88 1605/746/88
f 3317/3529/88 1281/3528/88 3315/3525/88 3936/3524/88
f 3312/3517/89 3937/3520/89 3314/3523/89 1280/3518/89
f 903/4794/51 1779/4795/51 3937/3520/89 3312/3517/89
f 1779/4795/51 460/4655/51 1655/3521/89 3937/3520/89
f 2221/4171/89 3938/3516/89 3313/3519/89 733/4172/89
f 339/4604/51 2391/4796/51 3938/3516/89 2221/4171/89
f 2391/4796/51 903/4794/51 3312/3517/89 3938/3516/89
f 1609/750/89 3939/3514/89 1780/2643/52 340/751/52
f 733/4172/89 3313/3519/89 3939/3514/89 1609/750/89
f 3313/3519/89 1280/3518/89 3311/3515/89 3939/3514/89
f 3308/3507/90 3940/3510/90 3310/3513/90 1279/3508/90
f 905/2590/53 1781/2589/53 3940/3510/90 3308/3507/90
f 1781/2589/53 462/1359/53 1659/3511/90 3940/3510/90
f 2225/4161/90 3941/3506/90 3309/3509/90 737/4162/90
f 341/1238/53 2393/1237/53 3941/3506/90 2225/4161/90
f 2393/1237/53 905/2590/53 3308/3507/90 3941/3506/90
f 1613/754/90 3942/3502/90 1782/3505/54 342/755/54
f 737/4162/90 3309/3509/90 3942/3502/90 1613/754/90
f 3309/3509/90 1279/3508/90 3307/3503/90 3942/3502/90
f 3304/3495/79 3943/3498/79 3306/3501/79 1278/3496/79
f 907/4797/31 1783/4798/31 3943/3498/79 3304/3495/79
f 1783/4798/31 464/4660/31 1663/3499/79 3943/3498/79
f 2135/659/71 3944/3494/79 3305/3497/79 647/4419/71
f 310/658/22 2395/4799/31 3944/3494/79 2135/659/71
f 2395/4799/31 907/4797/31 3304/3495/79 3944/3494/79
f 1523/4420/71 3945/3490/79 1784/3493/32 311/4504/23
f 647/4419/71 3305/3497/79 3945/3490/79 1523/4420/71
f 3305/3497/79 1278/3496/79 3303/3491/79 3945/3490/79
f 3300/3483/80 3946/3486/80 3302/3489/80 1277/3484/80
f 909/4800/33 1785/4801/33 3946/3486/80 3300/3483/80
f 1785/4801/33 466/4665/33 1667/3487/80 3946/3486/80
f 2122/4439/58 3947/3482/80 3301/3485/80 634/4437/58
f 300/4493/12 2397/4802/33 3947/3482/80 2122/4439/58
f 2397/4802/33 909/4800/33 3300/3483/80 3947/3482/80
f 1510/648/58 3948/3478/80 1786/3481/34 298/646/10
f 634/4437/58 3301/3485/80 3948/3478/80 1510/648/58
f 3301/3485/80 1277/3484/80 3299/3479/80 3948/3478/80
f 3296/3471/81 3949/3474/81 3298/3477/81 1276/3472/81
f 911/4803/35 1787/4804/35 3949/3474/81 3296/3471/81
f 1787/4804/35 468/4670/35 1671/3475/81 3949/3474/81
f 2121/4489/57 3950/3470/81 3297/3473/81 633/4490/57
f 296/4491/8 2399/4805/35 3950/3470/81 2121/4489/57
f 2399/4805/35 911/4803/35 3296/3471/81 3950/3470/81
f 1509/4492/57 3951/3468/81 1788/1050/36 297/703/9
f 633/4490/57 3297/3473/81 3951/3468/81 1509/4492/57
f 3297/3473/81 1276/3472/81 3295/3469/81 3951/3468/81
f 3292/3461/82 3952/3464/82 3294/3467/82 1275/3462/82
f 913/4806/37 1789/4807/37 3952/3464/82 3292/3461/82
f 1789/4807/37 470/4675/37 1675/3465/82 3952/3464/82
f 2142/4808/78 3953/3460/82 3293/3463/82 654/4809/78
f 317/4810/29 2401/4811/37 3953/3460/82 2142/4808/78
f 2401/4811/37 913/4806/37 3292/3461/82 3953/3460/82
f 1530/4812/78 3954/3456/82 1790/3459/38 318/4813/30
f 654/4809/78 3293/3463/82 3954/3456/82 1530/4812/78
f 3293/3463/82 1275/3462/82 3291/3457/82 3954/3456/82
f 3288/3449/83 3955/3452/83 3290/3455/83 1274/3450/83
f 915/4814/39 1791/4815/39 3955/3452/83 3288/3449/83
f 1791/4815/39 472/4680/39 1679/3453/83 3955/3452/83
f 2127/4494/63 3956/3448/83 3289/3451/83 639/4495/63
f 302/4496/14 2403/4816/39 3956/3448/83 2127/4494/63
f 2403/4816/39 915/4814/39 3288/3449/83 3956/3448/83
f 1515/4497/63 3957/3446/83 1792/1069/40 303/691/15
f 639/4495/63 3289/3451/83 3957/3446/83 1515/4497/63
f 3289/3451/83 1274/3450/83 3287/3447/83 3957/3446/83
f 3284/3439/84 3958/3442/84 3286/3445/84 1273/3440/84
f 917/4817/41 1793/4818/41 3958/3442/84 3284/3439/84
f 1793/4818/41 474/4685/41 1683/3443/84 3958/3442/84
f 2133/4498/69 3959/3438/84 3285/3441/84 645/4499/69
f 308/4500/20 2405/4819/41 3959/3438/84 2133/4498/69
f 2405/4819/41 917/4817/41 3284/3439/84 3959/3438/84
f 1521/4501/69 3960/3436/84 1794/1088/42 309/699/21
f 645/4499/69 3285/3441/84 3960/3436/84 1521/4501/69
f 3285/3441/84 1273/3440/84 3283/3437/84 3960/3436/84
f 3280/3429/85 3961/3432/85 3282/3435/85 1272/3430/85
f 919/4820/43 1795/4821/43 3961/3432/85 3280/3429/85
f 1795/4821/43 476/4690/43 1687/3433/85 3961/3432/85
f 2126/650/62 3962/3428/85 3281/3431/85 638/4434/62
f 301/649/13 2407/4822/43 3962/3428/85 2126/650/62
f 2407/4822/43 919/4820/43 3280/3429/85 3962/3428/85
f 1514/4435/62 3963/3426/85 1796/3276/44 302/4496/14
f 638/4434/62 3281/3431/85 3963/3426/85 1514/4435/62
f 3281/3431/85 1272/3430/85 3279/3427/85 3963/3426/85
f 3276/3419/86 3964/3422/86 3278/3425/86 1271/3420/86
f 921/4823/45 1797/4824/45 3964/3422/86 3276/3419/86
f 1797/4824/45 478/4695/45 1691/3423/86 3964/3422/86
f 2120/644/56 3965/3418/86 3277/3421/86 632/4444/56
f 295/643/7 2409/4825/45 3965/3418/86 2120/644/56
f 2409/4825/45 921/4823/45 3276/3419/86 3965/3418/86
f 1508/4445/56 3966/3416/86 1798/3346/46 296/4491/8
f 632/4444/56 3277/3421/86 3966/3416/86 1508/4445/56
f 3277/3421/86 1271/3420/86 3275/3417/86 3966/3416/86
f 3272/3409/87 3967/3412/87 3274/3415/87 1270/3410/87
f 923/3092/47 1799/1121/47 3967/3412/87 3272/3409/87
f 1799/1121/47 480/1120/47 1695/3413/87 3967/3412/87
f 2141/665/77 3968/3408/87 3273/3411/87 653/4409/77
f 316/664/28 2411/3093/47 3968/3408/87 2141/665/77
f 2411/3093/47 923/3092/47 3272/3409/87 3968/3408/87
f 1529/4410/77 3969/3404/87 1800/3407/48 317/4513/29
f 653/4409/77 3273/3411/87 3969/3404/87 1529/4410/77
f 3273/3411/87 1270/3410/87 3271/3405/87 3969/3404/87
f 3268/3397/88 3970/3400/88 3270/3403/88 1269/3398/88
f 925/4826/49 1801/4827/49 3970/3400/88 3268/3397/88
f 1801/4827/49 482/4700/49 1699/3401/88 3970/3400/88
f 2137/4414/73 3971/3396/88 3269/3399/88 649/4412/73
f 315/4510/27 2413/4828/49 3971/3396/88 2137/4414/73
f 2413/4828/49 925/4826/49 3268/3397/88 3971/3396/88
f 1525/663/73 3972/3394/88 1802/3159/50 313/661/25
f 649/4412/73 3269/3399/88 3972/3394/88 1525/663/73
f 3269/3399/88 1269/3398/88 3267/3395/88 3972/3394/88
f 3264/3387/89 3973/3390/89 3266/3393/89 1268/3388/89
f 927/4829/51 1803/4830/51 3973/3390/89 3264/3387/89
f 1803/4830/51 484/4705/51 1703/3391/89 3973/3390/89
f 2132/656/68 3974/3386/89 3265/3389/89 644/4424/68
f 307/655/19 2415/4831/51 3974/3386/89 2132/656/68
f 2415/4831/51 927/4829/51 3264/3387/89 3974/3386/89
f 1520/4425/68 3975/3384/89 1804/3206/52 308/4500/20
f 644/4424/68 3265/3389/89 3975/3384/89 1520/4425/68
f 3265/3389/89 1268/3388/89 3263/3385/89 3975/3384/89
f 3260/3377/90 3976/3380/90 3262/3383/90 1267/3378/90
f 929/3253/53 1805/3252/53 3976/3380/90 3260/3377/90
f 1805/3252/53 486/1489/53 1707/3381/90 3976/3380/90
f 2128/4429/64 3977/3376/90 3261/3379/90 640/4427/64
f 306/1078/18 2417/1077/53 3977/3376/90 2128/4429/64
f 2417/1077/53 929/3253/53 3260/3377/90 3977/3376/90
f 1516/654/64 3978/3372/90 1806/3375/54 304/652/16
f 640/4427/64 3261/3379/90 3978/3372/90 1516/654/64
f 3261/3379/90 1267/3378/90 3259/3373/90 3978/3372/90
f 3256/3365/6 3979/3368/6 3258/3371/6 1266/3366/6
f 686/4832/51 2174/4833/51 3979/3368/6 3256/3365/6
f 2174/4833/51 412/4834/51 2419/3369/6 3979/3368/6
f 2409/4825/45 3980/3364/6 3257/3367/6 921/4823/45
f 295/643/7 1562/4835/51 3980/3364/6 2409/4825/45
f 1562/4835/51 686/4832/51 3256/3365/6 3980/3364/6
f 1797/4824/45 3981/3360/6 1808/3363/6 478/4695/45
f 921/4823/45 3257/3367/6 3981/3360/6 1797/4824/45
f 3257/3367/6 1266/3366/6 3255/3361/6 3981/3360/6
f 3252/3353/1 3982/3356/1 3254/3359/1 1265/3354/1
f 934/2104/1 1810/1352/1 3982/3356/1 3252/3353/1
f 1810/1352/1 411/895/52 1563/3357/52 3982/3356/1
f 1809/1947/1 3983/3352/1 3253/3355/1 933/1948/1
f 289/4836/1 2422/2105/1 3983/3352/1 1809/1947/1
f 2422/2105/1 934/2104/1 3252/3353/1 3983/3352/1
f 2421/1389/1 3984/3349/1 2400/1008/36 467/1007/36
f 933/1948/1 3253/3355/1 3984/3349/1 2421/1389/1
f 3253/3355/1 1265/3354/1 3251/3350/1 3984/3349/1
f 3248/3342/2 3985/3345/2 3250/3348/2 1264/3343/2
f 911/4803/35 2399/4805/35 3985/3345/2 3248/3342/2
f 2399/4805/35 296/4491/8 1798/3346/46 3985/3345/2
f 1811/1915/2 3986/3341/2 3249/3344/2 935/1916/2
f 468/4670/35 1787/4804/35 3986/3341/2 1811/1915/2
f 1787/4804/35 911/4803/35 3248/3342/2 3986/3341/2
f 2423/1397/2 3987/3337/2 1812/3340/2 232/1398/2
f 935/1916/2 3249/3344/2 3987/3337/2 2423/1397/2
f 3249/3344/2 1264/3343/2 3247/3338/2 3987/3337/2
f 3244/3330/2 3988/3333/2 3246/3336/2 1263/3331/2
f 662/4523/35 2150/4526/35 3988/3333/2 3244/3330/2
f 2150/4526/35 396/4525/35 2425/3334/2 3988/3333/2
f 2178/708/54 3989/3329/2 3245/3332/2 690/4284/54
f 299/707/11 1538/4524/35 3989/3329/2 2178/708/54
f 1538/4524/35 662/4523/35 3244/3330/2 3989/3329/2
f 1566/4285/54 3990/3325/2 1814/3328/2 413/899/54
f 690/4284/54 3245/3332/2 3990/3325/2 1566/4285/54
f 3245/3332/2 1263/3331/2 3243/3326/2 3990/3325/2
f 3240/3318/3 3991/3321/3 3242/3324/3 1262/3319/3
f 909/4800/33 2397/4802/33 3991/3321/3 3240/3318/3
f 2397/4802/33 300/4493/12 1565/3322/53 3991/3321/3
f 1815/1989/3 3992/3317/3 3241/3320/3 939/1990/3
f 466/4665/33 1785/4801/33 3992/3317/3 1815/1989/3
f 1785/4801/33 909/4800/33 3240/3318/3 3992/3317/3
f 2427/1379/3 3993/3313/3 1816/3316/3 241/1380/3
f 939/1990/3 3241/3320/3 3993/3313/3 2427/1379/3
f 3241/3320/3 1262/3319/3 3239/3314/3 3993/3313/3
f 3236/3306/1 3994/3309/1 3238/3312/1 1261/3307/1
f 941/1972/1 1817/1383/1 3994/3309/1 3236/3306/1
f 1817/1383/1 219/1382/1 2430/3310/1 3994/3309/1
f 2398/4837/34 3995/3305/1 3237/3308/1 910/4838/34
f 465/4839/34 2429/1973/1 3995/3305/1 2398/4837/34
f 2429/1973/1 941/1972/1 3236/3306/1 3995/3305/1
f 1786/4840/34 3996/3302/1 2151/676/36 298/646/10
f 910/4838/34 3237/3308/1 3996/3302/1 1786/4840/34
f 3237/3308/1 1261/3307/1 3235/3303/1 3996/3302/1
f 3232/3295/6 3997/3298/6 3234/3301/6 1260/3296/6
f 943/2243/6 1819/1320/6 3997/3298/6 3232/3295/6
f 1819/1320/6 264/1319/6 2432/3299/6 3997/3298/6
f 2165/4548/45 3998/3294/6 3233/3297/6 677/4545/45
f 406/4547/45 2431/2244/6 3998/3294/6 2165/4548/45
f 2431/2244/6 943/2243/6 3232/3295/6 3998/3294/6
f 1553/4546/45 3999/3290/6 2407/3293/43 301/649/13
f 677/4545/45 3233/3297/6 3999/3290/6 1553/4546/45
f 3233/3297/6 1260/3296/6 3231/3291/6 3999/3290/6
f 3228/3283/2 4000/3286/2 3230/3289/2 1259/3284/2
f 946/2231/2 1822/1322/2 4000/3286/2 3228/3283/2
f 1822/1322/2 405/883/46 1554/3287/46 4000/3286/2
f 1821/1859/2 4001/3282/2 3229/3285/2 945/1860/2
f 290/4841/2 2434/2232/2 4001/3282/2 1821/1859/2
f 2434/2232/2 946/2231/2 3228/3283/2 4001/3282/2
f 2433/1412/2 4002/3279/2 2404/1016/40 471/1015/40
f 945/1860/2 3229/3285/2 4002/3279/2 2433/1412/2
f 3229/3285/2 1259/3284/2 3227/3280/2 4002/3279/2
f 3224/3272/5 4003/3275/5 3226/3278/5 1258/3273/5
f 915/4814/39 2403/4816/39 4003/3275/5 3224/3272/5
f 2403/4816/39 302/4496/14 1796/3276/44 4003/3275/5
f 1823/1827/5 4004/3271/5 3225/3274/5 947/1828/5
f 472/4680/39 1791/4815/39 4004/3271/5 1823/1827/5
f 1791/4815/39 915/4814/39 3224/3272/5 4004/3271/5
f 2435/1420/5 4005/3267/5 1824/3270/5 259/1421/5
f 947/1828/5 3225/3274/5 4005/3267/5 2435/1420/5
f 3225/3274/5 1258/3273/5 3223/3268/5 4005/3267/5
f 3220/3260/5 4006/3263/5 3222/3266/5 1257/3261/5
f 668/4531/39 2156/4534/39 4006/3263/5 3220/3260/5
f 2156/4534/39 400/4533/39 2437/3264/5 4006/3263/5
f 2169/4842/48 4007/3259/5 3221/3262/5 681/4843/48
f 305/695/17 1544/4532/39 4007/3259/5 2169/4842/48
f 1544/4532/39 668/4531/39 3220/3260/5 4007/3259/5
f 1557/4844/48 4008/3255/5 1826/3258/5 407/4845/48
f 681/4843/48 3221/3262/5 4008/3255/5 1557/4844/48
f 3221/3262/5 1257/3261/5 3219/3256/5 4008/3255/5
f 3216/3248/3 4009/3251/3 3218/3254/3 1256/3249/3
f 952/1535/3 1828/1490/3 4009/3251/3 3216/3248/3
f 1828/1490/3 486/1489/53 1805/3252/53 4009/3251/3
f 1827/2204/3 4010/3247/3 3217/3250/3 951/2205/3
f 291/4846/3 2440/1536/3 4010/3247/3 1827/2204/3
f 2440/1536/3 952/1535/3 3216/3248/3 4010/3247/3
f 2439/1328/3 4011/3243/3 2168/3246/47 408/1329/47
f 951/2205/3 3217/3250/3 4011/3243/3 2439/1328/3
f 3217/3250/3 1256/3249/3 3215/3244/3 4011/3243/3
f 3212/3236/2 4012/3239/2 3214/3242/2 1255/3237/2
f 953/1524/2 1829/1493/2 4012/3239/2 3212/3236/2
f 1829/1493/2 228/1492/2 2442/3240/2 4012/3239/2
f 2418/1044/54 4013/3235/2 3213/3238/2 930/3374/54
f 485/1043/54 2441/1525/2 4013/3235/2 2418/1044/54
f 2441/1525/2 953/1524/2 3212/3236/2 4013/3235/2
f 1806/3375/54 4014/3232/2 2157/680/40 304/652/16
f 930/3374/54 3213/3238/2 4014/3232/2 1806/3375/54
f 3213/3238/2 1255/3237/2 3211/3233/2 4014/3232/2
f 3208/3225/6 4015/3228/6 3210/3231/6 1254/3226/6
f 927/4847/51 2415/4848/51 4015/3228/6 3208/3225/6
f 2415/4848/51 307/4849/19 1559/3229/49 4015/3228/6
f 1831/1587/6 4016/3224/6 3209/3227/6 955/1588/6
f 484/4850/51 1803/4851/51 4016/3224/6 1831/1587/6
f 1803/4851/51 927/4847/51 3208/3225/6 4016/3224/6
f 2443/1479/6 4017/3220/6 1832/3223/6 268/1480/6
f 955/1588/6 3209/3227/6 4017/3220/6 2443/1479/6
f 3209/3227/6 1254/3226/6 3207/3221/6 4017/3220/6
f 3204/3213/4 4018/3216/4 3206/3219/4 1253/3214/4
f 958/2150/4 1834/1342/4 4018/3216/4 3204/3213/4
f 1834/1342/4 409/891/50 1560/3217/50 4018/3216/4
f 1833/1816/4 4019/3212/4 3205/3215/4 957/1817/4
f 292/4852/4 2446/2151/4 4019/3212/4 1833/1816/4
f 2446/2151/4 958/2150/4 3204/3213/4 4019/3212/4
f 2445/1423/4 4020/3209/4 2406/1020/42 473/1019/42
f 957/1817/4 3205/3215/4 4020/3209/4 2445/1423/4
f 3205/3215/4 1253/3214/4 3203/3210/4 4020/3209/4
f 3200/3202/1 4021/3205/1 3202/3208/1 1252/3203/1
f 917/4817/41 2405/4819/41 4021/3205/1 3200/3202/1
f 2405/4819/41 308/4500/20 1804/3206/52 4021/3205/1
f 1835/1784/1 4022/3201/1 3201/3204/1 959/1785/1
f 474/4685/41 1793/4818/41 4022/3201/1 1835/1784/1
f 1793/4818/41 917/4817/41 3200/3202/1 4022/3201/1
f 2447/1431/1 4023/3197/1 1836/3200/1 223/1432/1
f 959/1785/1 3201/3204/1 4023/3197/1 2447/1431/1
f 3201/3204/1 1252/3203/1 3199/3198/1 4023/3197/1
f 3196/3190/3 4024/3193/3 3198/3196/3 1251/3191/3
f 659/4519/33 2147/4522/33 4024/3193/3 3196/3190/3
f 2147/4522/33 394/4521/33 2449/3194/3 4024/3193/3
f 2395/4799/31 4025/3189/3 3197/3192/3 907/4797/31
f 310/658/22 1535/4520/33 4025/3189/3 2395/4799/31
f 1535/4520/33 659/4519/33 3196/3190/3 4025/3189/3
f 1783/4798/31 4026/3185/3 1838/3188/3 464/4660/31
f 907/4797/31 3197/3192/3 4026/3185/3 1783/4798/31
f 3197/3192/3 1251/3191/3 3195/3186/3 4026/3185/3
f 3192/3178/1 4027/3181/1 3194/3184/1 1250/3179/1
f 671/4535/41 2159/4539/41 4027/3181/1 3192/3178/1
f 2159/4539/41 402/4538/41 2451/3182/1 4027/3181/1
f 2148/4853/34 4028/3177/1 3193/3180/1 660/4854/34
f 312/4537/24 1547/4536/41 4028/3177/1 2148/4853/34
f 1547/4536/41 671/4535/41 3192/3178/1 4028/3177/1
f 1536/4855/34 4029/3173/1 1840/3176/1 393/4856/34
f 660/4854/34 3193/3180/1 4029/3173/1 1536/4855/34
f 3193/3180/1 1250/3179/1 3191/3174/1 4029/3173/1
f 3188/3166/4 4030/3169/4 3190/3172/4 1249/3167/4
f 965/2025/4 1841/1371/4 4030/3169/4 3188/3166/4
f 1841/1371/4 246/1370/4 2454/3170/4 4030/3169/4
f 2396/4857/32 4031/3165/4 3189/3168/4 908/4858/32
f 463/4859/32 2453/2026/4 4031/3165/4 2396/4857/32
f 2453/2026/4 965/2025/4 3188/3166/4 4031/3165/4
f 1784/4860/32 4032/3162/4 2160/684/42 311/683/23
f 908/4858/32 3189/3168/4 4032/3162/4 1784/4860/32
f 3189/3168/4 1249/3167/4 3187/3163/4 4032/3162/4
f 3184/3155/4 4033/3158/4 3186/3161/4 1248/3156/4
f 666/4365/38 2154/678/38 4033/3158/4 3184/3155/4
f 2154/678/38 313/661/25 1802/3159/50 4033/3158/4
f 1843/2404/4 4034/3154/4 3185/3157/4 967/2405/4
f 397/867/38 1542/4366/38 4034/3154/4 1843/2404/4
f 1542/4366/38 666/4365/38 3184/3155/4 4034/3154/4
f 2455/1282/4 4035/3150/4 1844/3153/4 250/1283/4
f 967/2405/4 3185/3157/4 4035/3150/4 2455/1282/4
f 3185/3157/4 1248/3156/4 3183/3151/4 4035/3150/4
f 3180/3143/5 4036/3146/5 3182/3149/5 1247/3144/5
f 970/2276/5 1846/1313/5 4036/3146/5 3180/3143/5
f 1846/1313/5 403/879/44 1551/3147/44 4036/3146/5
f 1845/2416/5 4037/3142/5 3181/3145/5 969/2417/5
f 293/4861/5 2458/2277/5 4037/3142/5 1845/2416/5
f 2458/2277/5 970/2276/5 3180/3143/5 4037/3142/5
f 2457/1278/5 4038/3138/5 2153/3141/37 398/1279/37
f 969/2417/5 3181/3145/5 4038/3138/5 2457/1278/5
f 3181/3145/5 1247/3144/5 3179/3139/5 4038/3138/5
f 3176/3131/6 4039/3134/6 3178/3137/6 1246/3132/6
f 972/1628/6 1848/1469/6 4039/3134/6 3176/3131/6
f 1848/1469/6 482/1468/49 1801/3135/49 4039/3134/6
f 1847/2295/6 4040/3130/6 3177/3133/6 971/2296/6
f 294/4862/6 2460/1629/6 4040/3130/6 1847/2295/6
f 2460/1629/6 972/1628/6 3176/3131/6 4040/3130/6
f 2459/1309/6 4041/3126/6 2162/3129/43 404/1310/43
f 971/2296/6 3177/3133/6 4041/3126/6 2459/1309/6
f 3177/3133/6 1246/3132/6 3175/3127/6 4041/3126/6
f 3172/3119/4 4042/3122/4 3174/3125/4 1245/3120/4
f 914/3458/38 2402/1012/38 4042/3122/4 3172/3119/4
f 2402/1012/38 469/1011/38 2461/3123/4 4042/3122/4
f 2145/4863/32 4043/3118/4 3173/3121/4 657/4864/32
f 318/4813/30 1790/3459/38 4043/3118/4 2145/4863/32
f 1790/3459/38 914/3458/38 3172/3119/4 4043/3118/4
f 1533/4865/32 4044/3114/4 1850/3117/4 391/4866/32
f 657/4864/32 3173/3121/4 4044/3114/4 1533/4865/32
f 3173/3121/4 1245/3120/4 3171/3115/4 4044/3114/4
f 3168/3107/5 4045/3110/5 3170/3113/5 1244/3108/5
f 975/1674/5 1851/1455/5 4045/3110/5 3168/3107/5
f 1851/1455/5 255/1454/5 2464/3111/5 4045/3110/5
f 2412/4867/48 4046/3106/5 3169/3109/5 924/4868/48
f 479/4869/48 2463/1675/5 4046/3106/5 2412/4867/48
f 2463/1675/5 975/1674/5 3168/3107/5 4046/3106/5
f 1800/4870/48 4047/3102/5 2401/3105/37 317/4871/29
f 924/4868/48 3169/3109/5 4047/3102/5 1800/4870/48
f 3169/3109/5 1244/3108/5 3167/3103/5 4047/3102/5
f 3164/3095/3 4048/3098/3 3166/3101/3 1243/3096/3
f 977/2549/3 1853/1248/3 4048/3098/3 3164/3095/3
f 1853/1248/3 237/1247/3 2466/3099/3 4048/3098/3
f 2144/4518/31 4049/3094/3 3165/3097/3 656/4515/31
f 392/4517/31 2465/2550/3 4049/3094/3 2144/4518/31
f 2465/2550/3 977/2549/3 3164/3095/3 4049/3094/3
f 1532/4516/31 4050/3090/3 2411/3093/47 316/664/28
f 656/4515/31 3165/3097/3 4050/3090/3 1532/4516/31
f 3165/3097/3 1243/3096/3 3163/3091/3 4050/3090/3
f 3160/3085/4 4051/3088/4 3162/3089/4 1242/3086/4
f 979/3072/4 1855/1125/4 4051/3088/4 3160/3085/4
f 1855/1125/4 69/127/4 2042/477/4 4051/3088/4
f 2182/4872/32 4052/3084/4 3161/3087/4 694/4873/32
f 320/4874/32 2467/3073/4 4052/3084/4 2182/4872/32
f 2467/3073/4 979/3072/4 3160/3085/4 4052/3084/4
f 1570/4875/32 4053/3080/4 1856/3083/4 415/4876/32
f 694/4873/32 3161/3087/4 4053/3080/4 1570/4875/32
f 3161/3087/4 1242/3086/4 3159/3081/4 4053/3080/4
f 3156/3075/4 4054/3078/4 3158/3079/4 1241/3076/4
f 981/2560/4 1857/1245/4 4054/3078/4 3156/3075/4
f 1857/1245/4 249/124/4 2049/130/4 4054/3078/4
f 2372/4877/32 4055/3074/4 3157/3077/4 884/4878/32
f 439/4879/32 2469/2561/4 4055/3074/4 2372/4877/32
f 2469/2561/4 981/2560/4 3156/3075/4 4055/3074/4
f 1760/4880/32 4056/3070/4 2467/3073/4 320/4874/32
f 884/4878/32 3157/3077/4 4056/3070/4 1760/4880/32
f 3157/3077/4 1241/3076/4 3155/3071/4 4056/3070/4
f 3152/3065/3 4057/3068/3 3154/3069/3 1240/3066/3
f 982/2015/3 1858/1373/3 4057/3068/3 3152/3065/3
f 1858/1373/3 240/168/3 2035/174/3 4057/3068/3
f 2180/4561/31 4058/3064/3 3153/3067/3 692/4557/31
f 416/4560/31 2470/2016/3 4058/3064/3 2180/4561/31
f 2470/2016/3 982/2015/3 3152/3065/3 4058/3064/3
f 1568/4558/31 4059/3060/3 1859/3063/3 319/4559/31
f 692/4557/31 3153/3067/3 4059/3060/3 1568/4558/31
f 3153/3067/3 1240/3066/3 3151/3061/3 4059/3060/3
f 3148/3055/3 4060/3058/3 3150/3059/3 1239/3056/3
f 983/3062/3 2471/1127/3 4060/3058/3 3148/3055/3
f 2471/1127/3 65/171/3 2028/459/3 4060/3058/3
f 2371/4769/31 4061/3054/3 3149/3057/3 883/4767/31
f 319/4559/31 1859/3063/3 4061/3054/3 2371/4769/31
f 1859/3063/3 983/3062/3 3148/3055/3 4061/3054/3
f 1759/4768/31 4062/3050/3 1860/3053/3 440/4610/31
f 883/4767/31 3149/3057/3 4062/3050/3 1759/4768/31
f 3149/3057/3 1239/3056/3 3147/3051/3 4062/3050/3
f 3144/3043/3 4063/3046/3 3146/3049/3 1238/3044/3
f 696/4562/33 2184/4566/33 4063/3046/3 3144/3043/3
f 2184/4566/33 418/4565/33 2474/3047/3 4063/3046/3
f 1861/3017/3 4064/3042/3 3145/3045/3 985/3018/3
f 321/4564/33 1572/4563/33 4064/3042/3 1861/3017/3
f 1572/4563/33 696/4562/33 3144/3043/3 4064/3042/3
f 2473/1137/3 4065/3040/3 1427/472/3 88/187/3
f 985/3018/3 3145/3045/3 4065/3040/3 2473/1137/3
f 3145/3045/3 1238/3044/3 3143/3041/3 4065/3040/3
f 3140/3035/1 4066/3038/1 3142/3039/1 1237/3036/1
f 987/3022/1 1863/1135/1 4066/3038/1 3140/3035/1
f 1863/1135/1 57/259/1 2000/423/1 4066/3038/1
f 2186/4881/34 4067/3034/1 3141/3037/1 698/4882/34
f 322/4883/34 2475/3023/1 4067/3034/1 2186/4881/34
f 2475/3023/1 987/3022/1 3140/3035/1 4067/3034/1
f 1574/4884/34 4068/3030/1 1864/3033/1 417/4885/34
f 698/4882/34 3141/3037/1 4068/3030/1 1574/4884/34
f 3141/3037/1 1237/3036/1 3139/3031/1 4068/3030/1
f 3136/3025/1 4069/3028/1 3138/3029/1 1236/3026/1
f 989/2508/1 1865/1256/1 4069/3028/1 3136/3025/1
f 1865/1256/1 222/256/1 2007/262/1 4069/3028/1
f 2374/4886/34 4070/3024/1 3137/3027/1 886/4887/34
f 441/4888/34 2477/2509/1 4070/3024/1 2374/4886/34
f 2477/2509/1 989/2508/1 3136/3025/1 4070/3024/1
f 1762/4889/34 4071/3020/1 2475/3023/1 322/4883/34
f 886/4887/34 3137/3027/1 4071/3020/1 1762/4889/34
f 3137/3027/1 1236/3026/1 3135/3021/1 4071/3020/1
f 3132/3013/3 4072/3016/3 3134/3019/3 1235/3014/3
f 885/4770/33 2373/4772/33 4072/3016/3 3132/3013/3
f 2373/4772/33 321/4564/33 1861/3017/3 4072/3016/3
f 1866/2523/3 4073/3012/3 3133/3015/3 990/2524/3
f 442/4615/33 1761/4771/33 4073/3012/3 1866/2523/3
f 1761/4771/33 885/4770/33 3132/3013/3 4073/3012/3
f 2478/1254/3 4074/3010/3 1420/184/3 238/183/3
f 990/2524/3 3133/3015/3 4074/3010/3 2478/1254/3
f 3133/3015/3 1235/3014/3 3131/3011/3 4074/3010/3
f 3128/3003/2 4075/3006/2 3130/3009/2 1234/3004/2
f 700/4567/35 2188/4571/35 4075/3006/2 3128/3003/2
f 2188/4571/35 420/4570/35 2480/3007/2 4075/3006/2
f 1867/2975/2 4076/3002/2 3129/3005/2 991/2976/2
f 323/4569/35 1576/4568/35 4076/3002/2 1867/2975/2
f 1576/4568/35 700/4567/35 3128/3003/2 4076/3002/2
f 2479/1147/2 4077/3000/2 1413/454/2 84/231/2
f 991/2976/2 3129/3005/2 4077/3000/2 2479/1147/2
f 3129/3005/2 1234/3004/2 3127/3001/2 4077/3000/2
f 3124/2993/1 4078/2996/1 3126/2999/1 1233/2994/1
f 509/414/1 1997/413/1 4078/2996/1 3124/2993/1
f 1997/413/1 216/412/1 2482/2997/1 4078/2996/1
f 1869/2986/1 4079/2992/1 3125/2995/1 993/2987/1
f 55/416/1 1385/415/1 4079/2992/1 1869/2986/1
f 1385/415/1 509/414/1 3124/2993/1 4079/2992/1
f 2481/1144/1 4080/2989/1 2190/720/36 324/719/36
f 993/2987/1 3125/2995/1 4080/2989/1 2481/1144/1
f 3125/2995/1 1233/2994/1 3123/2990/1 4080/2989/1
f 3120/2982/1 4081/2985/1 3122/2988/1 1232/2983/1
f 618/623/1 2106/622/1 4081/2985/1 3120/2982/1
f 2106/622/1 55/416/1 1869/2986/1 4081/2985/1
f 1871/2481/1 4082/2981/1 3121/2984/1 995/2482/1
f 288/617/1 1494/624/1 4082/2981/1 1871/2481/1
f 1494/624/1 618/623/1 3120/2982/1 4082/2981/1
f 2483/1262/1 4083/2978/1 2376/960/36 443/959/36
f 995/2482/1 3121/2984/1 4083/2978/1 2483/1262/1
f 3121/2984/1 1232/2983/1 3119/2979/1 4083/2978/1
f 3116/2971/2 4084/2974/2 3118/2977/2 1231/2972/2
f 887/4773/35 2375/4775/35 4084/2974/2 3116/2971/2
f 2375/4775/35 323/4569/35 1867/2975/2 4084/2974/2
f 1872/2448/2 4085/2970/2 3117/2973/2 996/2449/2
f 444/4620/35 1763/4774/35 4085/2970/2 1872/2448/2
f 1763/4774/35 887/4773/35 3116/2971/2 4085/2970/2
f 2484/1270/2 4086/2968/2 1406/228/2 229/227/2
f 996/2449/2 3117/2973/2 4086/2968/2 2484/1270/2
f 3117/2973/2 1231/2972/2 3115/2969/2 4086/2968/2
f 3112/2961/4 4087/2964/4 3114/2967/4 1230/2962/4
f 706/4238/38 2194/724/38 4087/2964/4 3112/2961/4
f 2194/724/38 326/723/38 2486/2965/4 4087/2964/4
f 1873/1869/4 4088/2960/4 3113/2963/4 997/1870/4
f 421/915/38 1582/4239/38 4088/2960/4 1873/1869/4
f 1582/4239/38 706/4238/38 3112/2961/4 4088/2960/4
f 2485/1410/4 4089/2958/4 1434/140/4 247/139/4
f 997/1870/4 3113/2963/4 4089/2958/4 2485/1410/4
f 3113/2963/4 1230/2962/4 3111/2959/4 4089/2958/4
f 3108/2951/5 4090/2954/5 3110/2957/5 1229/2952/5
f 602/559/5 2090/558/5 4090/2954/5 3108/2951/5
f 2090/558/5 71/344/5 2488/2955/5 4090/2954/5
f 1875/1881/5 4091/2950/5 3109/2953/5 999/1882/5
f 276/553/5 1478/560/5 4091/2950/5 1875/1881/5
f 1478/560/5 602/559/5 3108/2951/5 4091/2950/5
f 2487/1406/5 4092/2946/5 2192/2949/37 422/1407/37
f 999/1882/5 3109/2953/5 4092/2946/5 2487/1406/5
f 3109/2953/5 1229/2952/5 3107/2947/5 4092/2946/5
f 3104/2939/5 4093/2942/5 3106/2945/5 1228/2940/5
f 493/342/5 1981/341/5 4093/2942/5 3104/2939/5
f 1981/341/5 204/340/5 2489/2943/5 4093/2942/5
f 2488/2955/5 4094/2938/5 3105/2941/5 1000/2956/5
f 71/344/5 1369/343/5 4094/2938/5 2488/2955/5
f 1369/343/5 493/342/5 3104/2939/5 4094/2938/5
f 1876/1151/5 4095/2934/5 2377/2937/37 325/1152/37
f 1000/2956/5 3105/2941/5 4095/2934/5 1876/1151/5
f 3105/2941/5 1228/2940/5 3103/2935/5 4095/2934/5
f 3100/2927/4 4096/2930/4 3102/2933/4 1227/2928/4
f 890/3588/38 2378/964/38 4096/2930/4 3100/2927/4
f 2378/964/38 445/963/38 2490/2931/4 4096/2930/4
f 2486/2965/4 4097/2926/4 3101/2929/4 998/2966/4
f 326/723/38 1766/3589/38 4097/2926/4 2486/2965/4
f 1766/3589/38 890/3588/38 3100/2927/4 4097/2926/4
f 1874/1149/4 4098/2924/4 1441/490/4 92/143/4
f 998/2966/4 3101/2929/4 4098/2924/4 1874/1149/4
f 3101/2929/4 1227/2928/4 3099/2925/4 4098/2924/4
f 3096/2917/5 4099/2920/5 3098/2923/5 1226/2918/5
f 708/4577/39 2196/4581/39 4099/2920/5 3096/2917/5
f 2196/4581/39 424/4580/39 2492/2921/5 4099/2920/5
f 1879/2889/5 4100/2916/5 3097/2919/5 1003/2890/5
f 327/4579/39 1584/4578/39 4100/2916/5 1879/2889/5
f 1584/4578/39 708/4577/39 3096/2917/5 4100/2916/5
f 2491/1169/5 4101/2914/5 1455/508/5 96/99/5
f 1003/2890/5 3097/2919/5 4101/2914/5 2491/1169/5
f 3097/2919/5 1226/2918/5 3095/2915/5 4101/2914/5
f 3092/2907/2 4102/2910/2 3094/2913/2 1225/2908/2
f 505/396/2 1993/395/2 4102/2910/2 3092/2907/2
f 1993/395/2 213/394/2 2494/2911/2 4102/2910/2
f 1881/2900/2 4103/2906/2 3093/2909/2 1005/2901/2
f 59/398/2 1381/397/2 4103/2906/2 1881/2900/2
f 1381/397/2 505/396/2 3092/2907/2 4103/2906/2
f 2493/1166/2 4104/2903/2 2198/728/40 328/727/40
f 1005/2901/2 3093/2909/2 4104/2903/2 2493/1166/2
f 3093/2909/2 1225/2908/2 3091/2904/2 4104/2903/2
f 3088/2896/2 4105/2899/2 3090/2902/2 1224/2897/2
f 614/607/2 2102/606/2 4105/2899/2 3088/2896/2
f 2102/606/2 59/398/2 1881/2900/2 4105/2899/2
f 1883/2393/2 4106/2895/2 3089/2898/2 1007/2394/2
f 285/601/2 1490/608/2 4106/2895/2 1883/2393/2
f 1490/608/2 614/607/2 3088/2896/2 4106/2895/2
f 2495/1285/2 4107/2892/2 2380/968/40 447/967/40
f 1007/2394/2 3089/2898/2 4107/2892/2 2495/1285/2
f 3089/2898/2 1224/2897/2 3087/2893/2 4107/2892/2
f 3084/2885/5 4108/2888/5 3086/2891/5 1223/2886/5
f 891/4779/39 2379/4781/39 4108/2888/5 3084/2885/5
f 2379/4781/39 327/4579/39 1879/2889/5 4108/2888/5
f 1884/2360/5 4109/2884/5 3085/2887/5 1008/2361/5
f 448/4630/39 1767/4780/39 4109/2884/5 1884/2360/5
f 1767/4780/39 891/4779/39 3084/2885/5 4109/2884/5
f 2496/1293/5 4110/2882/5 1448/96/5 256/95/5
f 1008/2361/5 3085/2887/5 4110/2882/5 2496/1293/5
f 3085/2887/5 1223/2886/5 3083/2883/5 4110/2882/5
f 3080/2875/1 4111/2878/1 3082/2881/1 1222/2876/1
f 712/4582/41 2200/4586/41 4111/2878/1 3080/2875/1
f 2200/4586/41 426/4585/41 2498/2879/1 4111/2878/1
f 1885/2847/1 4112/2874/1 3081/2877/1 1009/2848/1
f 329/4584/41 1588/4583/41 4112/2874/1 1885/2847/1
f 1588/4583/41 712/4582/41 3080/2875/1 4112/2874/1
f 2497/1179/1 4113/2872/1 1399/436/1 80/275/1
f 1009/2848/1 3081/2877/1 4113/2872/1 2497/1179/1
f 3081/2877/1 1222/2876/1 3079/2873/1 4113/2872/1
f 3076/2865/4 4114/2868/4 3078/2871/4 1221/2866/4
f 497/360/4 1985/359/4 4114/2868/4 3076/2865/4
f 1985/359/4 207/358/4 2500/2869/4 4114/2868/4
f 1887/2858/4 4115/2864/4 3077/2867/4 1011/2859/4
f 67/362/4 1373/361/4 4115/2864/4 1887/2858/4
f 1373/361/4 497/360/4 3076/2865/4 4115/2864/4
f 2499/1176/4 4116/2861/4 2202/732/42 330/731/42
f 1011/2859/4 3077/2867/4 4116/2861/4 2499/1176/4
f 3077/2867/4 1221/2866/4 3075/2862/4 4116/2861/4
f 3072/2854/4 4117/2857/4 3074/2860/4 1220/2855/4
f 606/575/4 2094/574/4 4117/2857/4 3072/2854/4
f 2094/574/4 67/362/4 1887/2858/4 4117/2857/4
f 1889/2350/4 4118/2853/4 3073/2856/4 1013/2351/4
f 279/569/4 1482/576/4 4118/2853/4 1889/2350/4
f 1482/576/4 606/575/4 3072/2854/4 4118/2853/4
f 2501/1295/4 4119/2850/4 2382/972/42 449/971/42
f 1013/2351/4 3073/2856/4 4119/2850/4 2501/1295/4
f 3073/2856/4 1220/2855/4 3071/2851/4 4119/2850/4
f 3068/2843/1 4120/2846/1 3070/2849/1 1219/2844/1
f 893/4782/41 2381/4784/41 4120/2846/1 3068/2843/1
f 2381/4784/41 329/4584/41 1885/2847/1 4120/2846/1
f 1890/2317/1 4121/2842/1 3069/2845/1 1014/2318/1
f 450/4635/41 1769/4783/41 4121/2842/1 1890/2317/1
f 1769/4783/41 893/4782/41 3068/2843/1 4121/2842/1
f 2502/1303/1 4122/2840/1 1392/272/1 220/271/1
f 1014/2318/1 3069/2845/1 4122/2840/1 2502/1303/1
f 3069/2845/1 1219/2844/1 3067/2841/1 4122/2840/1
f 3064/2833/6 4123/2836/6 3066/2839/6 1218/2834/6
f 598/543/6 2086/542/6 4123/2836/6 3064/2833/6
f 2086/542/6 75/326/6 2504/2837/6 4123/2836/6
f 1891/1749/6 4124/2832/6 3065/2835/6 1015/1750/6
f 273/537/6 1474/544/6 4124/2832/6 1891/1749/6
f 1474/544/6 598/543/6 3064/2833/6 4124/2832/6
f 2503/1440/6 4125/2828/6 2204/2831/43 428/1441/43
f 1015/1750/6 3065/2835/6 4125/2828/6 2503/1440/6
f 3065/2835/6 1218/2834/6 3063/2829/6 4125/2828/6
f 3060/2821/6 4126/2824/6 3062/2827/6 1217/2822/6
f 489/324/6 1977/323/6 4126/2824/6 3060/2821/6
f 1977/323/6 201/322/6 2505/2825/6 4126/2824/6
f 2504/2837/6 4127/2820/6 3061/2823/6 1016/2838/6
f 75/326/6 1365/325/6 4127/2820/6 2504/2837/6
f 1365/325/6 489/324/6 3060/2821/6 4127/2820/6
f 1892/1181/6 4128/2816/6 2383/2819/43 331/1182/43
f 1016/2838/6 3061/2823/6 4128/2816/6 1892/1181/6
f 3061/2823/6 1217/2822/6 3059/2817/6 4128/2816/6
f 3056/2809/5 4129/2812/5 3058/2815/5 1216/2810/5
f 1018/2794/5 1894/1191/5 4129/2812/5 3056/2809/5
f 1894/1191/5 332/735/44 1772/2813/44 4129/2812/5
f 1980/337/5 4130/2808/5 3057/2811/5 492/338/5
f 98/336/5 2506/2795/5 4130/2808/5 1980/337/5
f 2506/2795/5 1018/2794/5 3056/2809/5 4130/2808/5
f 1368/339/5 4131/2804/5 1895/2807/5 202/331/5
f 492/338/5 3057/2811/5 4131/2804/5 1368/339/5
f 3057/2811/5 1216/2810/5 3055/2805/5 4131/2804/5
f 3052/2797/5 4132/2800/5 3054/2803/5 1215/2798/5
f 1020/1730/5 1896/1444/5 4132/2800/5 3052/2797/5
f 1896/1444/5 427/927/44 1594/2801/44 4132/2800/5
f 2087/546/5 4133/2796/5 3053/2799/5 599/547/5
f 274/545/5 2508/1731/5 4133/2796/5 2087/546/5
f 2508/1731/5 1020/1730/5 3052/2797/5 4133/2796/5
f 1475/548/5 4134/2792/5 2506/2795/5 98/336/5
f 599/547/5 3053/2799/5 4134/2792/5 1475/548/5
f 3053/2799/5 1215/2798/5 3051/2793/5 4134/2792/5
f 3048/2787/6 4135/2790/6 3050/2791/6 1214/2788/6
f 1021/1709/6 1897/1448/6 4135/2790/6 3048/2787/6
f 1897/1448/6 267/36/6 2077/42/6 4135/2790/6
f 2208/4596/45 4136/2786/6 3049/2789/6 720/4592/45
f 430/4595/45 2509/1710/6 4136/2786/6 2208/4596/45
f 2509/1710/6 1021/1709/6 3048/2787/6 4136/2786/6
f 1596/4593/45 4137/2782/6 1898/2785/6 333/4594/45
f 720/4592/45 3049/2789/6 4137/2782/6 1596/4593/45
f 3049/2789/6 1214/2788/6 3047/2783/6 4137/2782/6
f 3044/2777/6 4138/2780/6 3046/2781/6 1213/2778/6
f 1022/2784/6 2510/1193/6 4138/2780/6 3044/2777/6
f 2510/1193/6 77/39/6 2070/513/6 4138/2780/6
f 2385/4790/45 4139/2776/6 3045/2779/6 897/4788/45
f 333/4594/45 1898/2785/6 4139/2776/6 2385/4790/45
f 1898/2785/6 1022/2784/6 3044/2777/6 4139/2776/6
f 1773/4789/45 4140/2772/6 1899/2775/6 454/4645/45
f 897/4788/45 3045/2779/6 4140/2772/6 1773/4789/45
f 3045/2779/6 1213/2778/6 3043/2773/6 4140/2772/6
f 3040/2765/2 4141/2768/2 3042/2771/2 1212/2766/2
f 1024/2750/2 1900/1199/2 4141/2768/2 3040/2765/2
f 1900/1199/2 334/739/46 1774/2769/46 4141/2768/2
f 1992/391/2 4142/2764/2 3041/2767/2 504/392/2
f 86/390/2 2512/2751/2 4142/2764/2 1992/391/2
f 2512/2751/2 1024/2750/2 3040/2765/2 4142/2764/2
f 1380/393/2 4143/2760/2 1901/2763/2 211/385/2
f 504/392/2 3041/2767/2 4143/2760/2 1380/393/2
f 3041/2767/2 1212/2766/2 3039/2761/2 4143/2760/2
f 3036/2753/2 4144/2756/2 3038/2759/2 1211/2754/2
f 1026/1697/2 1902/1450/2 4144/2756/2 3036/2753/2
f 1902/1450/2 429/931/46 1598/2757/46 4144/2756/2
f 2099/594/2 4145/2752/2 3037/2755/2 611/595/2
f 283/593/2 2514/1698/2 4145/2752/2 2099/594/2
f 2514/1698/2 1026/1697/2 3036/2753/2 4145/2752/2
f 1487/596/2 4146/2748/2 2512/2751/2 86/390/2
f 611/595/2 3037/2755/2 4146/2748/2 1487/596/2
f 3037/2755/2 1211/2754/2 3035/2749/2 4146/2748/2
f 3032/2743/5 4147/2746/5 3034/2747/5 1210/2744/5
f 1027/2730/5 1903/1203/5 4147/2746/5 3032/2743/5
f 1903/1203/5 73/83/5 2056/495/5 4147/2746/5
f 2214/4890/48 4148/2742/5 3033/2745/5 726/4891/48
f 336/4892/48 2515/2731/5 4148/2742/5 2214/4890/48
f 2515/2731/5 1027/2730/5 3032/2743/5 4148/2742/5
f 1602/4893/48 4149/2738/5 1904/2741/5 431/4894/48
f 726/4891/48 3033/2745/5 4149/2738/5 1602/4893/48
f 3033/2745/5 1210/2744/5 3031/2739/5 4149/2738/5
f 3028/2733/5 4150/2736/5 3030/2737/5 1209/2734/5
f 1029/2209/5 1905/1326/5 4150/2736/5 3028/2733/5
f 1905/1326/5 258/80/5 2063/86/5 4150/2736/5
f 2388/4895/48 4151/2732/5 3029/2735/5 900/4896/48
f 455/4897/48 2517/2210/5 4151/2732/5 2388/4895/48
f 2517/2210/5 1029/2209/5 3028/2733/5 4151/2732/5
f 1776/4898/48 4152/2728/5 2515/2731/5 336/4892/48
f 900/4896/48 3029/2735/5 4152/2728/5 1776/4898/48
f 3029/2735/5 1209/2734/5 3027/2729/5 4152/2728/5
f 3024/2721/3 4153/2724/3 3026/2727/3 1208/2722/3
f 610/591/3 2098/590/3 4153/2724/3 3024/2721/3
f 2098/590/3 63/380/3 2519/2725/3 4153/2724/3
f 1906/1669/3 4154/2720/3 3025/2723/3 1030/1670/3
f 282/585/3 1486/592/3 4154/2720/3 1906/1669/3
f 1486/592/3 610/591/3 3024/2721/3 4154/2720/3
f 2518/1457/3 4155/2716/3 2212/2719/47 432/1458/47
f 1030/1670/3 3025/2723/3 4155/2716/3 2518/1457/3
f 3025/2723/3 1208/2722/3 3023/2717/3 4155/2716/3
f 3020/2709/3 4156/2712/3 3022/2715/3 1207/2710/3
f 501/378/3 1989/377/3 4156/2712/3 3020/2709/3
f 1989/377/3 210/376/3 2520/2713/3 4156/2712/3
f 2519/2725/3 4157/2708/3 3021/2711/3 1031/2726/3
f 63/380/3 1377/379/3 4157/2708/3 2519/2725/3
f 1377/379/3 501/378/3 3020/2709/3 4157/2708/3
f 1907/1205/3 4158/2704/3 2387/2707/47 335/1206/47
f 1031/2726/3 3021/2711/3 4158/2704/3 1907/1205/3
f 3021/2711/3 1207/2710/3 3019/2705/3 4158/2704/3
f 3016/2697/6 4159/2700/6 3018/2703/6 1206/2698/6
f 1033/2658/6 1909/1223/6 4159/2700/6 3016/2697/6
f 1909/1223/6 337/1222/49 1604/2701/49 4159/2700/6
f 1976/319/6 4160/2696/6 3017/2699/6 488/320/6
f 102/318/6 2521/2659/6 4160/2696/6 1976/319/6
f 2521/2659/6 1033/2658/6 3016/2697/6 4160/2696/6
f 1364/321/6 4161/2692/6 1910/2695/6 199/313/6
f 488/320/6 3017/2699/6 4161/2692/6 1364/321/6
f 3017/2699/6 1206/2698/6 3015/2693/6 4161/2692/6
f 3012/2685/4 4162/2688/4 3014/2691/4 1205/2686/4
f 1035/2670/4 1911/1219/4 4162/2688/4 3012/2685/4
f 1911/1219/4 338/747/50 1778/2689/50 4162/2688/4
f 1984/355/4 4163/2684/4 3013/2687/4 496/356/4
f 94/354/4 2523/2671/4 4163/2684/4 1984/355/4
f 2523/2671/4 1035/2670/4 3012/2685/4 4163/2684/4
f 1372/357/4 4164/2680/4 1912/2683/4 205/349/4
f 496/356/4 3013/2687/4 4164/2680/4 1372/357/4
f 3013/2687/4 1205/2686/4 3011/2681/4 4164/2680/4
f 3008/2673/4 4165/2676/4 3010/2679/4 1204/2674/4
f 1037/1616/4 1913/1471/4 4165/2676/4 3008/2673/4
f 1913/1471/4 433/939/50 1606/2677/50 4165/2676/4
f 2091/562/4 4166/2672/4 3009/2675/4 603/563/4
f 277/561/4 2525/1617/4 4166/2672/4 2091/562/4
f 2525/1617/4 1037/1616/4 3008/2673/4 4166/2672/4
f 1479/564/4 4167/2668/4 2523/2671/4 94/354/4
f 603/563/4 3009/2675/4 4167/2668/4 1479/564/4
f 3009/2675/4 1204/2674/4 3007/2669/4 4167/2668/4
f 3004/2661/6 4168/2664/6 3006/2667/6 1203/2662/6
f 1038/2162/6 1914/1340/6 4168/2664/6 3004/2661/6
f 1914/1340/6 458/1339/49 1777/2665/49 4168/2664/6
f 2083/530/6 4169/2660/6 3005/2663/6 595/531/6
f 271/529/6 2526/2163/6 4169/2660/6 2083/530/6
f 2526/2163/6 1038/2162/6 3004/2661/6 4169/2660/6
f 1471/532/6 4170/2656/6 2521/2659/6 102/318/6
f 595/531/6 3005/2663/6 4170/2656/6 1471/532/6
f 3005/2663/6 1203/2662/6 3003/2657/6 4170/2656/6
f 3000/2649/6 4171/2652/6 3002/2655/6 1202/2650/6
f 732/4899/51 2220/4900/51 4171/2652/6 3000/2649/6
f 2220/4900/51 436/4901/51 2528/2653/6 4171/2652/6
f 1915/2619/6 4172/2648/6 3001/2651/6 1039/2620/6
f 339/4902/51 1608/4903/51 4172/2648/6 1915/2619/6
f 1608/4903/51 732/4899/51 3000/2649/6 4172/2648/6
f 2527/1231/6 4173/2646/6 1469/526/6 100/55/6
f 1039/2620/6 3001/2651/6 4173/2646/6 2527/1231/6
f 3001/2651/6 1202/2650/6 2999/2647/6 4173/2646/6
f 2996/2639/1 4174/2642/1 2998/2645/1 1201/2640/1
f 1041/2624/1 1917/1229/1 4174/2642/1 2996/2639/1
f 1917/1229/1 340/751/52 1780/2643/52 4174/2642/1
f 1996/409/1 4175/2638/1 2997/2641/1 508/410/1
f 82/408/1 2529/2625/1 4175/2638/1 1996/409/1
f 2529/2625/1 1041/2624/1 2996/2639/1 4175/2638/1
f 1384/411/1 4176/2634/1 1918/2637/1 214/403/1
f 508/410/1 2997/2641/1 4176/2634/1 1384/411/1
f 2997/2641/1 1201/2640/1 2995/2635/1 4176/2634/1
f 2992/2627/1 4177/2630/1 2994/2633/1 1200/2628/1
f 1043/1569/1 1919/1482/1 4177/2630/1 2992/2627/1
f 1919/1482/1 435/943/52 1610/2631/52 4177/2630/1
f 2103/610/1 4178/2626/1 2993/2629/1 615/611/1
f 286/609/1 2531/1570/1 4178/2626/1 2103/610/1
f 2531/1570/1 1043/1569/1 2992/2627/1 4178/2626/1
f 1491/612/1 4179/2622/1 2529/2625/1 82/408/1
f 615/611/1 2993/2629/1 4179/2622/1 1491/612/1
f 2993/2629/1 1200/2628/1 2991/2623/1 4179/2622/1
f 2988/2615/6 4180/2618/6 2990/2621/6 1199/2616/6
f 903/4904/51 2391/4905/51 4180/2618/6 2988/2615/6
f 2391/4905/51 339/4902/51 1915/2619/6 4180/2618/6
f 1920/2121/6 4181/2614/6 2989/2617/6 1044/2122/6
f 460/4906/51 1779/4907/51 4181/2614/6 1920/2121/6
f 1779/4907/51 903/4904/51 2988/2615/6 4181/2614/6
f 2532/1350/6 4182/2612/6 1462/52/6 265/51/6
f 1044/2122/6 2989/2617/6 4182/2612/6 2532/1350/6
f 2989/2617/6 1199/2616/6 2987/2613/6 4182/2612/6
f 2984/2607/2 4183/2610/2 2986/2611/2 1198/2608/2
f 1045/2594/2 1921/1235/2 4183/2610/2 2984/2607/2
f 1921/1235/2 61/215/2 2014/441/2 4183/2610/2
f 2226/756/54 4184/2606/2 2985/2609/2 738/4154/54
f 342/755/54 2533/2595/2 4184/2606/2 2226/756/54
f 2533/2595/2 1045/2594/2 2984/2607/2 4184/2606/2
f 1614/4155/54 4185/2602/2 1922/2605/2 437/947/54
f 738/4154/54 2985/2609/2 4185/2602/2 1614/4155/54
f 2985/2609/2 1198/2608/2 2983/2603/2 4185/2602/2
f 2980/2597/2 4186/2600/2 2982/2601/2 1197/2598/2
f 1047/2059/2 1923/1362/2 4186/2600/2 2980/2597/2
f 1923/1362/2 231/212/2 2021/218/2 4186/2600/2
f 2394/996/54 4187/2596/2 2981/2599/2 906/3504/54
f 461/995/54 2535/2060/2 4187/2596/2 2394/996/54
f 2535/2060/2 1047/2059/2 2980/2597/2 4187/2596/2
f 1782/3505/54 4188/2592/2 2533/2595/2 342/755/54
f 906/3504/54 2981/2599/2 4188/2592/2 1782/3505/54
f 2981/2599/2 1197/2598/2 2979/2593/2 4188/2592/2
f 2976/2585/3 4189/2588/3 2978/2591/3 1196/2586/3
f 1048/2069/3 1924/1360/3 4189/2588/3 2976/2585/3
f 1924/1360/3 462/1359/53 1781/2589/53 4189/2588/3
f 2095/578/3 4190/2584/3 2977/2587/3 607/579/3
f 280/577/3 2536/2070/3 4190/2584/3 2095/578/3
f 2536/2070/3 1048/2069/3 2976/2585/3 4190/2584/3
f 1483/580/3 4191/2580/3 1925/2583/3 90/372/3
f 607/579/3 2977/2587/3 4191/2580/3 1483/580/3
f 2977/2587/3 1196/2586/3 2975/2581/3 4191/2580/3
f 2972/2573/3 4192/2576/3 2974/2579/3 1195/2574/3
f 1049/2582/3 2537/1239/3 4192/2576/3 2972/2573/3
f 2537/1239/3 341/1238/53 1612/2577/53 4192/2576/3
f 1988/373/3 4193/2572/3 2973/2575/3 500/374/3
f 90/372/3 1925/2583/3 4193/2572/3 1988/373/3
f 1925/2583/3 1049/2582/3 2972/2573/3 4193/2572/3
f 1376/375/3 4194/2568/3 1926/2571/3 208/367/3
f 500/374/3 2973/2575/3 4194/2568/3 1376/375/3
f 2973/2575/3 1195/2574/3 2971/2569/3 4194/2568/3
f 2968/2563/4 4195/2566/4 2970/2567/4 1194/2564/4
f 1051/2538/4 1927/1250/4 4195/2566/4 2968/2563/4
f 1927/1250/4 133/135/4 2050/486/4 4195/2566/4
f 2230/4908/32 4196/2562/4 2969/2565/4 742/4909/32
f 344/4910/32 2539/2539/4 4196/2562/4 2230/4908/32
f 2539/2539/4 1051/2538/4 2968/2563/4 4196/2562/4
f 1618/4911/32 4197/2558/4 2469/2561/4 439/4879/32
f 742/4909/32 2969/2565/4 4197/2558/4 1618/4911/32
f 2969/2565/4 1194/2564/4 2967/2559/4 4197/2558/4
f 2964/2552/3 4198/2555/3 2966/2557/3 1193/2553/3
f 1052/2528/3 1928/1252/3 4198/2555/3 2964/2552/3
f 1928/1252/3 149/193/3 2029/2556/3 4198/2555/3
f 2323/4709/31 4199/2551/3 2965/2554/3 835/4707/31
f 343/4609/31 2540/2529/3 4199/2551/3 2323/4709/31
f 2540/2529/3 1052/2528/3 2964/2552/3 4199/2551/3
f 1711/4708/31 4200/2547/3 2465/2550/3 392/4517/31
f 835/4707/31 2965/2554/3 4200/2547/3 1711/4708/31
f 2965/2554/3 1193/2553/3 2963/2548/3 4200/2547/3
f 2960/2541/4 4201/2544/4 2962/2546/4 1192/2542/4
f 974/3116/4 2462/1113/4 4201/2544/4 2960/2541/4
f 2462/1113/4 248/1112/4 2047/2545/4 4201/2544/4
f 2324/4912/32 4202/2540/4 2961/2543/4 836/4913/32
f 391/4866/32 1850/3117/4 4202/2540/4 2324/4912/32
f 1850/3117/4 974/3116/4 2960/2541/4 4202/2540/4
f 1712/4914/32 4203/2536/4 2539/2539/4 344/4910/32
f 836/4913/32 2961/2543/4 4203/2536/4 1712/4914/32
f 2961/2543/4 1192/2542/4 2959/2537/4 4203/2536/4
f 2956/2531/3 4204/2534/3 2958/2535/3 1191/2532/3
f 984/3052/3 2472/1129/3 4204/2534/3 2956/2531/3
f 2472/1129/3 236/190/3 2027/196/3 4204/2534/3
f 2228/4611/31 4205/2530/3 2957/2533/3 740/4607/31
f 440/4610/31 1860/3053/3 4205/2530/3 2228/4611/31
f 1860/3053/3 984/3052/3 2956/2531/3 4205/2530/3
f 1616/4608/31 4206/2526/3 2540/2529/3 343/4609/31
f 740/4607/31 2957/2533/3 4206/2526/3 1616/4608/31
f 2957/2533/3 1191/2532/3 2955/2527/3 4206/2526/3
f 2952/2519/3 4207/2522/3 2954/2525/3 1190/2520/3
f 744/4612/33 2232/4616/33 4207/2522/3 2952/2519/3
f 2232/4616/33 442/4615/33 1866/2523/3 4207/2522/3
f 1929/2492/3 4208/2518/3 2953/2521/3 1053/2493/3
f 345/4614/33 1620/4613/33 4208/2518/3 1929/2492/3
f 1620/4613/33 744/4612/33 2952/2519/3 4208/2518/3
f 2541/1260/3 4209/2516/3 1419/463/3 144/177/3
f 1053/2493/3 2953/2521/3 4209/2516/3 2541/1260/3
f 2953/2521/3 1190/2520/3 2951/2517/3 4209/2516/3
f 2948/2511/1 4210/2514/1 2950/2515/1 1189/2512/1
f 1054/2497/1 1930/1258/1 4210/2514/1 2948/2511/1
f 1930/1258/1 169/267/1 2008/432/1 4210/2514/1
f 2234/4915/34 4211/2510/1 2949/2513/1 746/4916/34
f 346/4917/34 2542/2498/1 4211/2510/1 2234/4915/34
f 2542/2498/1 1054/2497/1 2948/2511/1 4211/2510/1
f 1622/4918/34 4212/2506/1 2477/2509/1 441/4888/34
f 746/4916/34 2949/2513/1 4212/2506/1 1622/4918/34
f 2949/2513/1 1189/2512/1 2947/2507/1 4212/2506/1
f 2944/2500/1 4213/2503/1 2946/2505/1 1188/2501/1
f 964/3175/1 2452/1098/1 4213/2503/1 2944/2500/1
f 2452/1098/1 221/1097/1 2005/2504/1 4213/2503/1
f 2326/4919/34 4214/2499/1 2945/2502/1 838/4920/34
f 393/4856/34 1840/3176/1 4214/2499/1 2326/4919/34
f 1840/3176/1 964/3175/1 2944/2500/1 4214/2499/1
f 1714/4921/34 4215/2495/1 2542/2498/1 346/4917/34
f 838/4920/34 2945/2502/1 4215/2495/1 1714/4921/34
f 2945/2502/1 1188/2501/1 2943/2496/1 4215/2495/1
f 2940/2488/3 4216/2491/3 2942/2494/3 1187/2489/3
f 837/4710/33 2325/4712/33 4216/2491/3 2940/2488/3
f 2325/4712/33 345/4614/33 1929/2492/3 4216/2491/3
f 2449/3194/3 4217/2487/3 2941/2490/3 961/3195/3
f 394/4521/33 1713/4711/33 4217/2487/3 2449/3194/3
f 1713/4711/33 837/4710/33 2940/2488/3 4217/2487/3
f 1837/1092/3 4218/2484/3 1422/2486/3 239/1093/3
f 961/3195/3 2941/2490/3 4218/2484/3 1837/1092/3
f 2941/2490/3 1187/2489/3 2939/2485/3 4218/2484/3
f 2936/2477/1 4219/2480/1 2938/2483/1 1186/2478/1
f 617/619/1 2105/618/1 4219/2480/1 2936/2477/1
f 2105/618/1 288/617/1 1871/2481/1 4219/2480/1
f 1931/2470/1 4220/2476/1 2937/2479/1 1055/2471/1
f 171/621/1 1493/620/1 4220/2476/1 1931/2470/1
f 1493/620/1 617/619/1 2936/2477/1 4220/2476/1
f 2543/1265/1 4221/2473/1 2238/768/36 348/767/36
f 1055/2471/1 2937/2479/1 4221/2473/1 2543/1265/1
f 2937/2479/1 1186/2478/1 2935/2474/1 4221/2473/1
f 2932/2466/1 4222/2469/1 2934/2472/1 1185/2467/1
f 514/4488/1 2002/4487/1 4222/2469/1 2932/2466/1
f 2002/4487/1 171/621/1 1931/2470/1 4222/2469/1
f 2430/3310/1 4223/2465/1 2933/2468/1 942/3311/1
f 219/1382/1 1390/4922/1 4223/2465/1 2430/3310/1
f 1390/4922/1 514/4488/1 2932/2466/1 4223/2465/1
f 1818/1062/1 4224/2462/1 2328/864/36 395/863/36
f 942/3311/1 2933/2468/1 4224/2462/1 1818/1062/1
f 2933/2468/1 1185/2467/1 2931/2463/1 4224/2462/1
f 2928/2455/2 4225/2458/2 2930/2461/2 1184/2456/2
f 839/4713/35 2327/4715/35 4225/2458/2 2928/2455/2
f 2327/4715/35 347/4619/35 2544/2459/2 4225/2458/2
f 2425/3334/2 4226/2454/2 2929/2457/2 937/3335/2
f 396/4525/35 1715/4714/35 4226/2454/2 2425/3334/2
f 1715/4714/35 839/4713/35 2928/2455/2 4226/2454/2
f 1813/1054/2 4227/2451/2 1408/2453/2 230/1055/2
f 937/3335/2 2929/2457/2 4227/2451/2 1813/1054/2
f 2929/2457/2 1184/2456/2 2927/2452/2 4227/2451/2
f 2924/2444/2 4228/2447/2 2926/2450/2 1183/2445/2
f 748/4617/35 2236/4621/35 4228/2447/2 2924/2444/2
f 2236/4621/35 444/4620/35 1872/2448/2 4228/2447/2
f 2544/2459/2 4229/2443/2 2925/2446/2 1056/2460/2
f 347/4619/35 1624/4618/35 4229/2443/2 2544/2459/2
f 1624/4618/35 748/4617/35 2924/2444/2 4229/2443/2
f 1932/1268/2 4230/2441/2 1405/445/2 156/221/2
f 1056/2460/2 2925/2446/2 4230/2441/2 1932/1268/2
f 2925/2446/2 1183/2445/2 2923/2442/2 4230/2441/2
f 2920/2434/4 4231/2437/4 2922/2440/4 1182/2435/4
f 754/4108/38 2242/772/38 4231/2437/4 2920/2434/4
f 2242/772/38 350/771/38 2545/2438/4 4231/2437/4
f 2490/2931/4 4232/2433/4 2921/2436/4 1002/2932/4
f 445/963/38 1630/4109/38 4232/2433/4 2490/2931/4
f 1630/4109/38 754/4108/38 2920/2434/4 4232/2433/4
f 1878/1159/4 4233/2431/4 1442/118/4 251/117/4
f 1002/2932/4 2921/2436/4 4233/2431/4 1878/1159/4
f 2921/2436/4 1182/2435/4 2919/2432/4 4233/2431/4
f 2916/2424/5 4234/2427/5 2918/2430/5 1181/2425/5
f 494/347/5 1982/346/5 4234/2427/5 2916/2424/5
f 1982/346/5 191/345/5 2546/2428/5 4234/2427/5
f 2489/2943/5 4235/2423/5 2917/2426/5 1001/2944/5
f 204/340/5 1370/348/5 4235/2423/5 2489/2943/5
f 1370/348/5 494/347/5 2916/2424/5 4235/2423/5
f 1877/1155/5 4236/2419/5 2240/2422/37 446/1156/37
f 1001/2944/5 2917/2426/5 4236/2419/5 1877/1155/5
f 2917/2426/5 1181/2425/5 2915/2420/5 4236/2419/5
f 2912/2412/5 4237/2415/5 2914/2418/5 1180/2413/5
f 628/637/5 2116/639/5 4237/2415/5 2912/2412/5
f 2116/639/5 293/4861/5 1845/2416/5 4237/2415/5
f 2546/2428/5 4238/2411/5 2913/2414/5 1058/2429/5
f 191/345/5 1504/4452/5 4238/2411/5 2546/2428/5
f 1504/4452/5 628/637/5 2912/2412/5 4238/2411/5
f 1934/1274/5 4239/2407/5 2329/2410/37 349/1275/37
f 1058/2429/5 2913/2414/5 4239/2407/5 1934/1274/5
f 2913/2414/5 1180/2413/5 2911/2408/5 4239/2407/5
f 2908/2400/4 4240/2403/4 2910/2406/4 1179/2401/4
f 842/3848/38 2330/868/38 4240/2403/4 2908/2400/4
f 2330/868/38 397/867/38 1843/2404/4 4240/2403/4
f 2545/2438/4 4241/2399/4 2909/2402/4 1057/2439/4
f 350/771/38 1718/3849/38 4241/2399/4 2545/2438/4
f 1718/3849/38 842/3848/38 2908/2400/4 4241/2399/4
f 1933/1272/4 4242/2396/4 1440/2398/4 128/121/4
f 1057/2439/4 2909/2402/4 4242/2396/4 1933/1272/4
f 2909/2402/4 1179/2401/4 2907/2397/4 4242/2396/4
f 2904/2389/2 4243/2392/2 2906/2395/2 1178/2390/2
f 613/603/2 2101/602/2 4243/2392/2 2904/2389/2
f 2101/602/2 285/601/2 1883/2393/2 4243/2392/2
f 1935/2382/2 4244/2388/2 2905/2391/2 1059/2383/2
f 159/605/2 1489/604/2 4244/2388/2 1935/2382/2
f 1489/604/2 613/603/2 2904/2389/2 4244/2388/2
f 2547/1288/2 4245/2385/2 2246/776/40 352/775/40
f 1059/2383/2 2905/2391/2 4245/2385/2 2547/1288/2
f 2905/2391/2 1178/2390/2 2903/2386/2 4245/2385/2
f 2900/2378/2 4246/2381/2 2902/2384/2 1177/2379/2
f 528/4484/2 2016/4483/2 4246/2381/2 2900/2378/2
f 2016/4483/2 159/605/2 1935/2382/2 4246/2381/2
f 2442/3240/2 4247/2377/2 2901/2380/2 954/3241/2
f 228/1492/2 1404/4923/2 4247/2377/2 2442/3240/2
f 1404/4923/2 528/4484/2 2900/2378/2 4247/2377/2
f 1830/1081/2 4248/2374/2 2332/872/40 399/871/40
f 954/3241/2 2901/2380/2 4248/2374/2 1830/1081/2
f 2901/2380/2 1177/2379/2 2899/2375/2 4248/2374/2
f 2896/2367/5 4249/2370/5 2898/2373/5 1176/2368/5
f 843/4719/39 2331/4721/39 4249/2370/5 2896/2367/5
f 2331/4721/39 351/4629/39 2548/2371/5 4249/2370/5
f 2437/3264/5 4250/2366/5 2897/2369/5 949/3265/5
f 400/4533/39 1719/4720/39 4250/2366/5 2437/3264/5
f 1719/4720/39 843/4719/39 2896/2367/5 4250/2366/5
f 1825/1073/5 4251/2363/5 1450/2365/5 257/1074/5
f 949/3265/5 2897/2369/5 4251/2363/5 1825/1073/5
f 2897/2369/5 1176/2368/5 2895/2364/5 4251/2363/5
f 2892/2356/5 4252/2359/5 2894/2362/5 1175/2357/5
f 756/4627/39 2244/4631/39 4252/2359/5 2892/2356/5
f 2244/4631/39 448/4630/39 1884/2360/5 4252/2359/5
f 2548/2371/5 4253/2355/5 2893/2358/5 1060/2372/5
f 351/4629/39 1632/4628/39 4253/2355/5 2548/2371/5
f 1632/4628/39 756/4627/39 2892/2356/5 4253/2355/5
f 1936/1291/5 4254/2353/5 1447/499/5 120/89/5
f 1060/2372/5 2893/2358/5 4254/2353/5 1936/1291/5
f 2893/2358/5 1175/2357/5 2891/2354/5 4254/2353/5
f 2888/2346/4 4255/2349/4 2890/2352/4 1174/2347/4
f 605/571/4 2093/570/4 4255/2349/4 2888/2346/4
f 2093/570/4 279/569/4 1889/2350/4 4255/2349/4
f 1937/2339/4 4256/2345/4 2889/2348/4 1061/2340/4
f 135/573/4 1481/572/4 4256/2345/4 1937/2339/4
f 1481/572/4 605/571/4 2888/2346/4 4256/2345/4
f 2549/1298/4 4257/2342/4 2250/780/42 354/779/42
f 1061/2340/4 2889/2348/4 4257/2342/4 2549/1298/4
f 2889/2348/4 1174/2347/4 2887/2343/4 4257/2342/4
f 2884/2335/4 4258/2338/4 2886/2341/4 1173/2336/4
f 556/4476/4 2044/4475/4 4258/2338/4 2884/2335/4
f 2044/4475/4 135/573/4 1937/2339/4 4258/2338/4
f 2454/3170/4 4259/2334/4 2885/2337/4 966/3171/4
f 246/1370/4 1432/4924/4 4259/2334/4 2454/3170/4
f 1432/4924/4 556/4476/4 2884/2335/4 4259/2334/4
f 1842/1100/4 4260/2331/4 2334/876/42 401/875/42
f 966/3171/4 2885/2337/4 4260/2331/4 1842/1100/4
f 2885/2337/4 1173/2336/4 2883/2332/4 4260/2331/4
f 2880/2324/1 4261/2327/1 2882/2330/1 1172/2325/1
f 845/4722/41 2333/4724/41 4261/2327/1 2880/2324/1
f 2333/4724/41 353/4634/41 2550/2328/1 4261/2327/1
f 2451/3182/1 4262/2323/1 2881/2326/1 963/3183/1
f 402/4538/41 1721/4723/41 4262/2323/1 2451/3182/1
f 1721/4723/41 845/4722/41 2880/2324/1 4262/2323/1
f 1839/1096/1 4263/2320/1 1394/2322/1 221/1097/1
f 963/3183/1 2881/2326/1 4263/2320/1 1839/1096/1
f 2881/2326/1 1172/2325/1 2879/2321/1 4263/2320/1
f 2876/2313/1 4264/2316/1 2878/2319/1 1171/2314/1
f 760/4632/41 2248/4636/41 4264/2316/1 2876/2313/1
f 2248/4636/41 450/4635/41 1890/2317/1 4264/2316/1
f 2550/2328/1 4265/2312/1 2877/2315/1 1062/2329/1
f 353/4634/41 1636/4633/41 4265/2312/1 2550/2328/1
f 1636/4633/41 760/4632/41 2876/2313/1 4265/2312/1
f 1938/1301/1 4266/2310/1 1391/427/1 168/265/1
f 1062/2329/1 2877/2315/1 4266/2310/1 1938/1301/1
f 2877/2315/1 1171/2314/1 2875/2311/1 4266/2310/1
f 2872/2303/6 4267/2306/6 2874/2309/6 1170/2304/6
f 490/329/6 1978/328/6 4267/2306/6 2872/2303/6
f 1978/328/6 195/327/6 2551/2307/6 4267/2306/6
f 2505/2825/6 4268/2302/6 2873/2305/6 1017/2826/6
f 201/322/6 1366/330/6 4268/2302/6 2505/2825/6
f 1366/330/6 490/329/6 2872/2303/6 4268/2302/6
f 1893/1185/6 4269/2298/6 2252/2301/43 452/1186/43
f 1017/2826/6 2873/2305/6 4269/2298/6 1893/1185/6
f 2873/2305/6 1170/2304/6 2871/2299/6 4269/2298/6
f 2868/2291/6 4270/2294/6 2870/2297/6 1169/2292/6
f 630/640/6 2118/642/6 4270/2294/6 2868/2291/6
f 2118/642/6 294/4862/6 1847/2295/6 4270/2294/6
f 2551/2307/6 4271/2290/6 2869/2293/6 1063/2308/6
f 195/327/6 1506/4449/6 4271/2290/6 2551/2307/6
f 1506/4449/6 630/640/6 2868/2291/6 4271/2290/6
f 1939/1305/6 4272/2286/6 2335/2289/43 355/1306/43
f 1063/2308/6 2869/2293/6 4272/2286/6 1939/1305/6
f 2869/2293/6 1169/2292/6 2867/2287/6 4272/2286/6
f 2864/2279/5 4273/2282/5 2866/2285/5 1168/2280/5
f 1064/2264/5 1940/1315/5 4273/2282/5 2864/2279/5
f 1940/1315/5 356/783/44 1724/2283/44 4273/2282/5
f 2115/4450/5 4274/2278/5 2865/2281/5 627/4451/5
f 194/335/5 2552/2265/5 4274/2278/5 2115/4450/5
f 2552/2265/5 1064/2264/5 2864/2279/5 4274/2278/5
f 1503/4925/5 4275/2274/5 2458/2277/5 293/4861/5
f 627/4451/5 2865/2281/5 4275/2274/5 1503/4925/5
f 2865/2281/5 1168/2280/5 2863/2275/5 4275/2274/5
f 2860/2267/5 4276/2270/5 2862/2273/5 1167/2268/5
f 1019/2806/5 2507/1189/5 4276/2270/5 2860/2267/5
f 2507/1189/5 451/975/44 1642/2271/44 4276/2270/5
f 1979/332/5 4277/2266/5 2861/2269/5 491/333/5
f 202/331/5 1895/2807/5 4277/2266/5 1979/332/5
f 1895/2807/5 1019/2806/5 2860/2267/5 4277/2266/5
f 1367/334/5 4278/2262/5 2552/2265/5 194/335/5
f 491/333/5 2861/2269/5 4278/2262/5 1367/334/5
f 2861/2269/5 1167/2268/5 2859/2263/5 4278/2262/5
f 2856/2257/6 4279/2260/6 2858/2261/6 1166/2258/6
f 1023/2774/6 2511/1195/6 4279/2260/6 2856/2257/6
f 2511/1195/6 263/58/6 2069/64/6 4279/2260/6
f 2256/4646/45 4280/2256/6 2857/2259/6 768/4642/45
f 454/4645/45 1899/2775/6 4280/2256/6 2256/4646/45
f 1899/2775/6 1023/2774/6 2856/2257/6 4280/2256/6
f 1644/4643/45 4281/2252/6 1941/2255/6 357/4644/45
f 768/4642/45 2857/2259/6 4281/2252/6 1644/4643/45
f 2857/2259/6 1166/2258/6 2855/2253/6 4281/2252/6
f 2852/2246/6 4282/2249/6 2854/2251/6 1165/2247/6
f 1065/2254/6 2553/1317/6 4282/2249/6 2852/2246/6
f 2553/1317/6 113/61/6 2071/2250/6 4282/2249/6
f 2337/4730/45 4283/2245/6 2853/2248/6 849/4728/45
f 357/4644/45 1941/2255/6 4283/2245/6 2337/4730/45
f 1941/2255/6 1065/2254/6 2852/2246/6 4283/2245/6
f 1725/4729/45 4284/2241/6 2431/2244/6 406/4547/45
f 849/4728/45 2853/2248/6 4284/2241/6 1725/4729/45
f 2853/2248/6 1165/2247/6 2851/2242/6 4284/2241/6
f 2848/2234/2 4285/2237/2 2850/2240/2 1164/2235/2
f 1066/2219/2 1942/1324/2 4285/2237/2 2848/2234/2
f 1942/1324/2 358/787/46 1726/2238/46 4285/2237/2
f 2109/4459/2 4286/2233/2 2849/2236/2 621/4460/2
f 182/389/2 2554/2220/2 4286/2233/2 2109/4459/2
f 2554/2220/2 1066/2219/2 2848/2234/2 4286/2233/2
f 1497/4926/2 4287/2229/2 2434/2232/2 290/4841/2
f 621/4460/2 2849/2236/2 4287/2229/2 1497/4926/2
f 2849/2236/2 1164/2235/2 2847/2230/2 4287/2229/2
f 2844/2222/2 4288/2225/2 2846/2228/2 1163/2223/2
f 1025/2762/2 2513/1197/2 4288/2225/2 2844/2222/2
f 2513/1197/2 453/979/46 1646/2226/46 4288/2225/2
f 1991/386/2 4289/2221/2 2845/2224/2 503/387/2
f 211/385/2 1901/2763/2 4289/2221/2 1991/386/2
f 1901/2763/2 1025/2762/2 2844/2222/2 4289/2221/2
f 1379/388/2 4290/2217/2 2554/2220/2 182/389/2
f 503/387/2 2845/2224/2 4290/2217/2 1379/388/2
f 2845/2224/2 1163/2223/2 2843/2218/2 4290/2217/2
f 2840/2212/5 4291/2215/5 2842/2216/5 1162/2213/5
f 1067/2186/5 1943/1332/5 4291/2215/5 2840/2212/5
f 1943/1332/5 121/91/5 2064/504/5 4291/2215/5
f 2262/4927/48 4292/2211/5 2841/2214/5 774/4928/48
f 360/4929/48 2555/2187/5 4292/2211/5 2262/4927/48
f 2555/2187/5 1067/2186/5 2840/2212/5 4292/2211/5
f 1650/4930/48 4293/2207/5 2517/2210/5 455/4897/48
f 774/4928/48 2841/2214/5 4293/2207/5 1650/4930/48
f 2841/2214/5 1162/2213/5 2839/2208/5 4293/2207/5
f 2836/2200/3 4294/2203/3 2838/2206/3 1161/2201/3
f 624/631/3 2112/633/3 4294/2203/3 2836/2200/3
f 2112/633/3 291/4846/3 1827/2204/3 4294/2203/3
f 1944/2181/3 4295/2199/3 2837/2202/3 1068/2182/3
f 183/381/3 1500/4458/3 4295/2199/3 1944/2181/3
f 1500/4458/3 624/631/3 2836/2200/3 4295/2199/3
f 2556/1334/3 4296/2195/3 2339/2198/47 359/1335/47
f 1068/2182/3 2837/2202/3 4296/2195/3 2556/1334/3
f 2837/2202/3 1161/2201/3 2835/2196/3 4296/2195/3
f 2832/2189/5 4297/2192/5 2834/2194/5 1160/2190/5
f 950/3257/5 2438/1075/5 4297/2192/5 2832/2189/5
f 2438/1075/5 257/1074/5 2061/2193/5 4297/2192/5
f 2340/4931/48 4298/2188/5 2833/2191/5 852/4932/48
f 407/4845/48 1826/3258/5 4298/2188/5 2340/4931/48
f 1826/3258/5 950/3257/5 2832/2189/5 4298/2188/5
f 1728/4933/48 4299/2184/5 2555/2187/5 360/4929/48
f 852/4932/48 2833/2191/5 4299/2184/5 1728/4933/48
f 2833/2191/5 1160/2190/5 2831/2185/5 4299/2184/5
f 2828/2177/3 4300/2180/3 2830/2183/3 1159/2178/3
f 502/383/3 1990/382/3 4300/2180/3 2828/2177/3
f 1990/382/3 183/381/3 1944/2181/3 4300/2180/3
f 2520/2713/3 4301/2176/3 2829/2179/3 1032/2714/3
f 210/376/3 1378/384/3 4301/2176/3 2520/2713/3
f 1378/384/3 502/383/3 2828/2177/3 4301/2176/3
f 1908/1209/3 4302/2172/3 2260/2175/47 456/1210/47
f 1032/2714/3 2829/2179/3 4302/2172/3 1908/1209/3
f 2829/2179/3 1159/2178/3 2827/2173/3 4302/2172/3
f 2824/2165/6 4303/2168/6 2826/2171/6 1158/2166/6
f 1069/2138/6 1945/1346/6 4303/2168/6 2824/2165/6
f 1945/1346/6 361/1345/49 1652/2169/49 4303/2168/6
f 2084/534/6 4304/2164/6 2825/2167/6 596/535/6
f 106/533/6 2557/2139/6 4304/2164/6 2084/534/6
f 2557/2139/6 1069/2138/6 2824/2165/6 4304/2164/6
f 1472/536/6 4305/2160/6 2526/2163/6 271/529/6
f 596/535/6 2825/2167/6 4305/2160/6 1472/536/6
f 2825/2167/6 1158/2166/6 2823/2161/6 4305/2160/6
f 2820/2153/4 4306/2156/4 2822/2159/4 1157/2154/4
f 1070/2126/4 1946/1348/4 4306/2156/4 2820/2153/4
f 1946/1348/4 362/795/50 1730/2157/50 4306/2156/4
f 2113/4453/4 4307/2152/4 2821/2155/4 625/4454/4
f 190/353/4 2558/2127/4 4307/2152/4 2113/4453/4
f 2558/2127/4 1070/2126/4 2820/2153/4 4307/2152/4
f 1501/4934/4 4308/2148/4 2446/2151/4 292/4852/4
f 625/4454/4 2821/2155/4 4308/2148/4 1501/4934/4
f 2821/2155/4 1157/2154/4 2819/2149/4 4308/2148/4
f 2816/2141/6 4309/2144/6 2818/2147/6 1156/2142/6
f 956/3222/6 2444/1086/6 4309/2144/6 2816/2141/6
f 2444/1086/6 410/1085/49 1729/2145/49 4309/2144/6
f 2079/4935/6 4310/2140/6 2817/2143/6 591/4465/6
f 268/1480/6 1832/3223/6 4310/2140/6 2079/4935/6
f 1832/3223/6 956/3222/6 2816/2141/6 4310/2140/6
f 1467/4466/6 4311/2136/6 2557/2139/6 106/533/6
f 591/4465/6 2817/2143/6 4311/2136/6 1467/4466/6
f 2817/2143/6 1156/2142/6 2815/2137/6 4311/2136/6
f 2812/2129/4 4312/2132/4 2814/2135/4 1155/2130/4
f 1036/2682/4 2524/1217/4 4312/2132/4 2812/2129/4
f 2524/1217/4 457/987/50 1654/2133/50 4312/2132/4
f 1983/350/4 4313/2128/4 2813/2131/4 495/351/4
f 205/349/4 1912/2683/4 4313/2128/4 1983/350/4
f 1912/2683/4 1036/2682/4 2812/2129/4 4313/2128/4
f 1371/352/4 4314/2124/4 2558/2127/4 190/353/4
f 495/351/4 2813/2131/4 4314/2124/4 1371/352/4
f 2813/2131/4 1155/2130/4 2811/2125/4 4314/2124/4
f 2808/2117/6 4315/2120/6 2810/2123/6 1154/2118/6
f 780/4936/51 2268/4937/51 4315/2120/6 2808/2117/6
f 2268/4937/51 460/4906/51 1920/2121/6 4315/2120/6
f 1947/2099/6 4316/2116/6 2809/2119/6 1071/2100/6
f 363/4938/51 1656/4939/51 4316/2116/6 1947/2099/6
f 1656/4939/51 780/4936/51 2808/2117/6 4316/2116/6
f 2559/1354/6 4317/2114/6 1461/517/6 108/45/6
f 1071/2100/6 2809/2119/6 4317/2114/6 2559/1354/6
f 2809/2119/6 1154/2118/6 2807/2115/6 4317/2114/6
f 2804/2107/1 4318/2110/1 2806/2113/1 1153/2108/1
f 1072/2081/1 1948/1356/1 4318/2110/1 2804/2107/1
f 1948/1356/1 364/799/52 1732/2111/52 4318/2110/1
f 2107/4462/1 4319/2106/1 2805/2109/1 619/4463/1
f 178/407/1 2560/2082/1 4319/2106/1 2107/4462/1
f 2560/2082/1 1072/2081/1 2804/2107/1 4319/2106/1
f 1495/4940/1 4320/2102/1 2422/2105/1 289/4836/1
f 619/4463/1 2805/2109/1 4320/2102/1 1495/4940/1
f 2805/2109/1 1153/2108/1 2803/2103/1 4320/2102/1
f 2800/2095/6 4321/2098/6 2802/2101/6 1152/2096/6
f 855/4941/51 2343/4942/51 4321/2098/6 2800/2095/6
f 2343/4942/51 363/4938/51 1947/2099/6 4321/2098/6
f 2419/3369/6 4322/2094/6 2801/2097/6 931/3370/6
f 412/4834/51 1731/4943/51 4322/2094/6 2419/3369/6
f 1731/4943/51 855/4941/51 2800/2095/6 4322/2094/6
f 1807/1046/6 4323/2091/6 1464/2093/6 266/1047/6
f 931/3370/6 2801/2097/6 4323/2091/6 1807/1046/6
f 2801/2097/6 1152/2096/6 2799/2092/6 4323/2091/6
f 2796/2084/1 4324/2087/1 2798/2090/1 1151/2085/1
f 1042/2636/1 2530/1227/1 4324/2087/1 2796/2084/1
f 2530/1227/1 459/991/52 1658/2088/52 4324/2087/1
f 1995/404/1 4325/2083/1 2797/2086/1 507/405/1
f 214/403/1 1918/2637/1 4325/2083/1 1995/404/1
f 1918/2637/1 1042/2636/1 2796/2084/1 4325/2083/1
f 1383/406/1 4326/2079/1 2560/2082/1 178/407/1
f 507/405/1 2797/2086/1 4326/2079/1 1383/406/1
f 2797/2086/1 1151/2085/1 2795/2080/1 4326/2079/1
f 2792/2072/3 4327/2075/3 2794/2078/3 1150/2073/3
f 1073/2036/3 1949/1368/3 4327/2075/3 2792/2072/3
f 1949/1368/3 365/1367/53 1660/2076/53 4327/2075/3
f 2096/582/3 4328/2071/3 2793/2074/3 608/583/3
f 142/581/3 2561/2037/3 4328/2071/3 2096/582/3
f 2561/2037/3 1073/2036/3 2792/2072/3 4328/2071/3
f 1484/584/3 4329/2067/3 2536/2070/3 280/577/3
f 608/583/3 2793/2074/3 4329/2067/3 1484/584/3
f 2793/2074/3 1150/2073/3 2791/2068/3 4329/2067/3
f 2788/2062/2 4330/2065/2 2790/2066/2 1149/2063/2
f 1074/2048/2 1950/1364/2 4330/2065/2 2788/2062/2
f 1950/1364/2 157/223/2 2022/450/2 4330/2065/2
f 2274/804/54 4331/2061/2 2789/2064/2 786/4024/54
f 366/803/54 2562/2049/2 4331/2061/2 2274/804/54
f 2562/2049/2 1074/2048/2 2788/2062/2 4331/2061/2
f 1662/4025/54 4332/2057/2 2535/2060/2 461/995/54
f 786/4024/54 2789/2064/2 4332/2057/2 1662/4025/54
f 2789/2064/2 1149/2063/2 2787/2058/2 4332/2057/2
f 2784/2051/2 4333/2054/2 2786/2056/2 1148/2052/2
f 938/3327/2 2426/1056/2 4333/2054/2 2784/2051/2
f 2426/1056/2 230/1055/2 2019/2055/2 4333/2054/2
f 2346/900/54 4334/2050/2 2785/2053/2 858/3764/54
f 413/899/54 1814/3328/2 4334/2050/2 2346/900/54
f 1814/3328/2 938/3327/2 2784/2051/2 4334/2050/2
f 1734/3765/54 4335/2046/2 2562/2049/2 366/803/54
f 858/3764/54 2785/2053/2 4335/2046/2 1734/3765/54
f 2785/2053/2 1148/2052/2 2783/2047/2 4335/2046/2
f 2780/2039/3 4336/2042/3 2782/2045/3 1147/2040/3
f 940/3315/3 2428/1060/3 4336/2042/3 2780/2039/3
f 2428/1060/3 414/1059/53 1733/2043/53 4336/2042/3
f 2037/4944/3 4337/2038/3 2781/2041/3 549/4477/3
f 241/1380/3 1816/3316/3 4337/2038/3 2037/4944/3
f 1816/3316/3 940/3315/3 2780/2039/3 4337/2038/3
f 1425/4478/3 4338/2034/3 2561/2037/3 142/581/3
f 549/4477/3 2781/2041/3 4338/2034/3 1425/4478/3
f 2781/2041/3 1147/2040/3 2779/2035/3 4338/2034/3
f 2776/2028/4 4339/2031/4 2778/2033/4 1146/2029/4
f 1075/2005/4 1951/1375/4 4339/2031/4 2776/2028/4
f 1951/1375/4 137/149/4 2043/2032/4 4339/2031/4
f 2278/4945/32 4340/2027/4 2777/2030/4 790/4946/32
f 368/4947/32 2563/2006/4 4340/2027/4 2278/4945/32
f 2563/2006/4 1075/2005/4 2776/2028/4 4340/2027/4
f 1666/4948/32 4341/2023/4 2453/2026/4 463/4859/32
f 790/4946/32 2777/2030/4 4341/2023/4 1666/4948/32
f 2777/2030/4 1146/2029/4 2775/2024/4 4341/2023/4
f 2772/2018/3 4342/2021/3 2774/2022/3 1145/2019/3
f 1076/1994/3 1952/1377/3 4342/2021/3 2772/2018/3
f 1952/1377/3 145/179/3 2036/468/3 4342/2021/3
f 2347/4739/31 4343/2017/3 2773/2020/3 859/4737/31
f 367/4659/31 2564/1995/3 4343/2017/3 2347/4739/31
f 2564/1995/3 1076/1994/3 2772/2018/3 4343/2017/3
f 1735/4738/31 4344/2013/3 2470/2016/3 416/4560/31
f 859/4737/31 2773/2020/3 4344/2013/3 1735/4738/31
f 2773/2020/3 1145/2019/3 2771/2014/3 4344/2013/3
f 2768/2008/4 4345/2011/4 2770/2012/4 1144/2009/4
f 980/3082/4 2468/1123/4 4345/2011/4 2768/2008/4
f 2468/1123/4 245/146/4 2041/152/4 4345/2011/4
f 2348/4949/32 4346/2007/4 2769/2010/4 860/4950/32
f 415/4876/32 1856/3083/4 4346/2007/4 2348/4949/32
f 1856/3083/4 980/3082/4 2768/2008/4 4346/2007/4
f 1736/4951/32 4347/2003/4 2563/2006/4 368/4947/32
f 860/4950/32 2769/2010/4 4347/2003/4 1736/4951/32
f 2769/2010/4 1144/2009/4 2767/2004/4 4347/2003/4
f 2764/1997/3 4348/2000/3 2766/2002/3 1143/1998/3
f 962/3187/3 2450/1094/3 4348/2000/3 2764/1997/3
f 2450/1094/3 239/1093/3 2033/2001/3 4348/2000/3
f 2276/4661/31 4349/1996/3 2765/1999/3 788/4657/31
f 464/4660/31 1838/3188/3 4349/1996/3 2276/4661/31
f 1838/3188/3 962/3187/3 2764/1997/3 4349/1996/3
f 1664/4658/31 4350/1992/3 2564/1995/3 367/4659/31
f 788/4657/31 2765/1999/3 4350/1992/3 1664/4658/31
f 2765/1999/3 1143/1998/3 2763/1993/3 4350/1992/3
f 2760/1985/3 4351/1988/3 2762/1991/3 1142/1986/3
f 792/4662/33 2280/4666/33 4351/1988/3 2760/1985/3
f 2280/4666/33 466/4665/33 1815/1989/3 4351/1988/3
f 1953/1957/3 4352/1984/3 2761/1987/3 1077/1958/3
f 369/4664/33 1668/4663/33 4352/1984/3 1953/1957/3
f 1668/4663/33 792/4662/33 2760/1985/3 4352/1984/3
f 2565/1387/3 4353/1981/3 1426/1983/3 140/165/3
f 1077/1958/3 2761/1987/3 4353/1981/3 2565/1387/3
f 2761/1987/3 1142/1986/3 2759/1982/3 4353/1981/3
f 2756/1975/1 4354/1978/1 2758/1980/1 1141/1976/1
f 1078/1962/1 1954/1385/1 4354/1978/1 2756/1975/1
f 1954/1385/1 173/281/1 2001/1979/1 4354/1978/1
f 2282/4952/34 4355/1974/1 2757/1977/1 794/4953/34
f 370/4954/34 2566/1963/1 4355/1974/1 2282/4952/34
f 2566/1963/1 1078/1962/1 2756/1975/1 4355/1974/1
f 1670/4955/34 4356/1970/1 2429/1973/1 465/4839/34
f 794/4953/34 2757/1977/1 4356/1970/1 1670/4955/34
f 2757/1977/1 1141/1976/1 2755/1971/1 4356/1970/1
f 2752/1965/1 4357/1968/1 2754/1969/1 1140/1966/1
f 988/3032/1 2476/1133/1 4357/1968/1 2752/1965/1
f 2476/1133/1 218/278/1 1999/284/1 4357/1968/1
f 2350/4956/34 4358/1964/1 2753/1967/1 862/4957/34
f 417/4885/34 1864/3033/1 4358/1964/1 2350/4956/34
f 1864/3033/1 988/3032/1 2752/1965/1 4358/1964/1
f 1738/4958/34 4359/1960/1 2566/1963/1 370/4954/34
f 862/4957/34 2753/1967/1 4359/1960/1 1738/4958/34
f 2753/1967/1 1140/1966/1 2751/1961/1 4359/1960/1
f 2748/1953/3 4360/1956/3 2750/1959/3 1139/1954/3
f 861/4740/33 2349/4742/33 4360/1956/3 2748/1953/3
f 2349/4742/33 369/4664/33 1953/1957/3 4360/1956/3
f 2474/3047/3 4361/1952/3 2749/1955/3 986/3048/3
f 418/4565/33 1737/4741/33 4361/1952/3 2474/3047/3
f 1737/4741/33 861/4740/33 2748/1953/3 4361/1952/3
f 1862/1131/3 4362/1950/3 1428/162/3 242/161/3
f 986/3048/3 2749/1955/3 4362/1950/3 1862/1131/3
f 2749/1955/3 1139/1954/3 2747/1951/3 4362/1950/3
f 2744/1943/1 4363/1946/1 2746/1949/1 1138/1944/1
f 620/625/1 2108/627/1 4363/1946/1 2744/1943/1
f 2108/627/1 289/4836/1 1809/1947/1 4363/1946/1
f 1955/1936/1 4364/1942/1 2745/1945/1 1079/1937/1
f 175/417/1 1496/4464/1 4364/1942/1 1955/1936/1
f 1496/4464/1 620/625/1 2744/1943/1 4364/1942/1
f 2567/1392/1 4365/1939/1 2286/816/36 372/815/36
f 1079/1937/1 2745/1945/1 4365/1939/1 2567/1392/1
f 2745/1945/1 1138/1944/1 2743/1940/1 4365/1939/1
f 2740/1932/1 4366/1935/1 2742/1938/1 1137/1933/1
f 510/419/1 1998/418/1 4366/1935/1 2740/1932/1
f 1998/418/1 175/417/1 1955/1936/1 4366/1935/1
f 2482/2997/1 4367/1931/1 2741/1934/1 994/2998/1
f 216/412/1 1386/420/1 4367/1931/1 2482/2997/1
f 1386/420/1 510/419/1 2740/1932/1 4367/1931/1
f 1870/1141/1 4368/1928/1 2352/912/36 419/911/36
f 994/2998/1 2741/1934/1 4368/1928/1 1870/1141/1
f 2741/1934/1 1137/1933/1 2739/1929/1 4368/1928/1
f 2736/1921/2 4369/1924/2 2738/1927/2 1136/1922/2
f 863/4743/35 2351/4745/35 4369/1924/2 2736/1921/2
f 2351/4745/35 371/4669/35 2568/1925/2 4369/1924/2
f 2480/3007/2 4370/1920/2 2737/1923/2 992/3008/2
f 420/4570/35 1739/4744/35 4370/1920/2 2480/3007/2
f 1739/4744/35 863/4743/35 2736/1921/2 4370/1920/2
f 1868/1139/2 4371/1918/2 1414/206/2 233/205/2
f 992/3008/2 2737/1923/2 4371/1918/2 1868/1139/2
f 2737/1923/2 1136/1922/2 2735/1919/2 4371/1918/2
f 2732/1911/2 4372/1914/2 2734/1917/2 1135/1912/2
f 796/4667/35 2284/4671/35 4372/1914/2 2732/1911/2
f 2284/4671/35 468/4670/35 1811/1915/2 4372/1914/2
f 2568/1925/2 4373/1910/2 2733/1913/2 1080/1926/2
f 371/4669/35 1672/4668/35 4373/1910/2 2568/1925/2
f 1672/4668/35 796/4667/35 2732/1911/2 4373/1910/2
f 1956/1395/2 4374/1907/2 1412/1909/2 152/209/2
f 1080/1926/2 2733/1913/2 4374/1907/2 1956/1395/2
f 2733/1913/2 1135/1912/2 2731/1908/2 4374/1907/2
f 2728/1900/4 4375/1903/4 2730/1906/4 1134/1901/4
f 802/3978/38 2290/820/38 4375/1903/4 2728/1900/4
f 2290/820/38 374/819/38 2569/1904/4 4375/1903/4
f 2461/3123/4 4376/1899/4 2729/1902/4 973/3124/4
f 469/1011/38 1678/3979/38 4376/1899/4 2461/3123/4
f 1678/3979/38 802/3978/38 2728/1900/4 4376/1899/4
f 1849/1111/4 4377/1896/4 1436/1898/4 248/1112/4
f 973/3124/4 2729/1902/4 4377/1896/4 1849/1111/4
f 2729/1902/4 1134/1901/4 2727/1897/4 4377/1896/4
f 2724/1889/5 4378/1892/5 2726/1895/5 1133/1890/5
f 570/4472/5 2058/4471/5 4378/1892/5 2724/1889/5
f 2058/4471/5 123/557/5 2570/1893/5 4378/1892/5
f 2464/3111/5 4379/1888/5 2725/1891/5 976/3112/5
f 255/1454/5 1446/4959/5 4379/1888/5 2464/3111/5
f 1446/4959/5 570/4472/5 2724/1889/5 4379/1888/5
f 1852/1115/5 4380/1884/5 2288/1887/37 470/1116/37
f 976/3112/5 2725/1891/5 4380/1884/5 1852/1115/5
f 2725/1891/5 1133/1890/5 2723/1885/5 4380/1884/5
f 2720/1877/5 4381/1880/5 2722/1883/5 1132/1878/5
f 601/555/5 2089/554/5 4381/1880/5 2720/1877/5
f 2089/554/5 276/553/5 1875/1881/5 4381/1880/5
f 2570/1893/5 4382/1876/5 2721/1879/5 1082/1894/5
f 123/557/5 1477/556/5 4382/1876/5 2570/1893/5
f 1477/556/5 601/555/5 2720/1877/5 4382/1876/5
f 1958/1402/5 4383/1872/5 2353/1875/37 373/1403/37
f 1082/1894/5 2721/1879/5 4383/1872/5 1958/1402/5
f 2721/1879/5 1132/1878/5 2719/1873/5 4383/1872/5
f 2716/1865/4 4384/1868/4 2718/1871/4 1131/1866/4
f 866/3718/38 2354/916/38 4384/1868/4 2716/1865/4
f 2354/916/38 421/915/38 1873/1869/4 4384/1868/4
f 2569/1904/4 4385/1864/4 2717/1867/4 1081/1905/4
f 374/819/38 1742/3719/38 4385/1864/4 2569/1904/4
f 1742/3719/38 866/3718/38 2716/1865/4 4385/1864/4
f 1957/1400/4 4386/1862/4 1433/481/4 132/133/4
f 1081/1905/4 2717/1867/4 4386/1862/4 1957/1400/4
f 2717/1867/4 1131/1866/4 2715/1863/4 4386/1862/4
f 2712/1855/2 4387/1858/2 2714/1861/2 1130/1856/2
f 622/628/2 2110/630/2 4387/1858/2 2712/1855/2
f 2110/630/2 290/4841/2 1821/1859/2 4387/1858/2
f 1959/1848/2 4388/1854/2 2713/1857/2 1083/1849/2
f 179/399/2 1498/4461/2 4388/1854/2 1959/1848/2
f 1498/4461/2 622/628/2 2712/1855/2 4388/1854/2
f 2571/1415/2 4389/1851/2 2294/824/40 376/823/40
f 1083/1849/2 2713/1857/2 4389/1851/2 2571/1415/2
f 2713/1857/2 1130/1856/2 2711/1852/2 4389/1851/2
f 2708/1844/2 4390/1847/2 2710/1850/2 1129/1845/2
f 506/401/2 1994/400/2 4390/1847/2 2708/1844/2
f 1994/400/2 179/399/2 1959/1848/2 4390/1847/2
f 2494/2911/2 4391/1843/2 2709/1846/2 1006/2912/2
f 213/394/2 1382/402/2 4391/1843/2 2494/2911/2
f 1382/402/2 506/401/2 2708/1844/2 4391/1843/2
f 1882/1163/2 4392/1840/2 2356/920/40 423/919/40
f 1006/2912/2 2709/1846/2 4392/1840/2 1882/1163/2
f 2709/1846/2 1129/1845/2 2707/1841/2 4392/1840/2
f 2704/1833/5 4393/1836/5 2706/1839/5 1128/1834/5
f 867/4749/39 2355/4751/39 4393/1836/5 2704/1833/5
f 2355/4751/39 375/4679/39 2572/1837/5 4393/1836/5
f 2492/2921/5 4394/1832/5 2705/1835/5 1004/2922/5
f 424/4580/39 1743/4750/39 4394/1832/5 2492/2921/5
f 1743/4750/39 867/4749/39 2704/1833/5 4394/1832/5
f 1880/1161/5 4395/1830/5 1456/74/5 260/73/5
f 1004/2922/5 2705/1835/5 4395/1830/5 1880/1161/5
f 2705/1835/5 1128/1834/5 2703/1831/5 4395/1830/5
f 2700/1823/5 4396/1826/5 2702/1829/5 1127/1824/5
f 804/4677/39 2292/4681/39 4396/1826/5 2700/1823/5
f 2292/4681/39 472/4680/39 1823/1827/5 4396/1826/5
f 2572/1837/5 4397/1822/5 2701/1825/5 1084/1838/5
f 375/4679/39 1680/4678/39 4397/1822/5 2572/1837/5
f 1680/4678/39 804/4677/39 2700/1823/5 4397/1822/5
f 1960/1418/5 4398/1819/5 1454/1821/5 116/77/5
f 1084/1838/5 2701/1825/5 4398/1819/5 1960/1418/5
f 2701/1825/5 1127/1824/5 2699/1820/5 4398/1819/5
f 2696/1812/4 4399/1815/4 2698/1818/4 1126/1813/4
f 626/634/4 2114/636/4 4399/1815/4 2696/1812/4
f 2114/636/4 292/4852/4 1833/1816/4 4399/1815/4
f 1961/1805/4 4400/1811/4 2697/1814/4 1085/1806/4
f 187/363/4 1502/4455/4 4400/1811/4 1961/1805/4
f 1502/4455/4 626/634/4 2696/1812/4 4400/1811/4
f 2573/1426/4 4401/1808/4 2298/828/42 378/827/42
f 1085/1806/4 2697/1814/4 4401/1808/4 2573/1426/4
f 2697/1814/4 1126/1813/4 2695/1809/4 4401/1808/4
f 2692/1801/4 4402/1804/4 2694/1807/4 1125/1802/4
f 498/365/4 1986/364/4 4402/1804/4 2692/1801/4
f 1986/364/4 187/363/4 1961/1805/4 4402/1804/4
f 2500/2869/4 4403/1800/4 2693/1803/4 1012/2870/4
f 207/358/4 1374/366/4 4403/1800/4 2500/2869/4
f 1374/366/4 498/365/4 2692/1801/4 4403/1800/4
f 1888/1173/4 4404/1797/4 2358/924/42 425/923/42
f 1012/2870/4 2693/1803/4 4404/1797/4 1888/1173/4
f 2693/1803/4 1125/1802/4 2691/1798/4 4404/1797/4
f 2688/1790/1 4405/1793/1 2690/1796/1 1124/1791/1
f 869/4752/41 2357/4754/41 4405/1793/1 2688/1790/1
f 2357/4754/41 377/4684/41 2574/1794/1 4405/1793/1
f 2498/2879/1 4406/1789/1 2689/1792/1 1010/2880/1
f 426/4585/41 1745/4753/41 4406/1789/1 2498/2879/1
f 1745/4753/41 869/4752/41 2688/1790/1 4406/1789/1
f 1886/1171/1 4407/1787/1 1400/250/1 224/249/1
f 1010/2880/1 2689/1792/1 4407/1787/1 1886/1171/1
f 2689/1792/1 1124/1791/1 2687/1788/1 4407/1787/1
f 2684/1780/1 4408/1783/1 2686/1786/1 1123/1781/1
f 808/4682/41 2296/4686/41 4408/1783/1 2684/1780/1
f 2296/4686/41 474/4685/41 1835/1784/1 4408/1783/1
f 2574/1794/1 4409/1779/1 2685/1782/1 1086/1795/1
f 377/4684/41 1684/4683/41 4409/1779/1 2574/1794/1
f 1684/4683/41 808/4682/41 2684/1780/1 4409/1779/1
f 1962/1429/1 4410/1776/1 1398/1778/1 164/253/1
f 1086/1795/1 2685/1782/1 4410/1776/1 1962/1429/1
f 2685/1782/1 1123/1781/1 2683/1777/1 4410/1776/1
f 2680/1769/5 4411/1772/5 2682/1775/5 1122/1770/5
f 948/3269/5 2436/1071/5 4411/1772/5 2680/1769/5
f 2436/1071/5 475/1023/44 1690/1773/44 4411/1772/5
f 2065/4960/5 4412/1768/5 2681/1771/5 577/4469/5
f 259/1421/5 1824/3270/5 4412/1768/5 2065/4960/5
f 1824/3270/5 948/3269/5 2680/1769/5 4412/1768/5
f 1453/4470/5 4413/1764/5 1963/1767/5 118/549/5
f 577/4469/5 2681/1771/5 4413/1764/5 1453/4470/5
f 2681/1771/5 1122/1770/5 2679/1765/5 4413/1764/5
f 2676/1757/6 4414/1760/6 2678/1763/6 1121/1758/6
f 584/4468/6 2072/4467/6 4414/1760/6 2676/1757/6
f 2072/4467/6 111/541/6 2576/1761/6 4414/1760/6
f 2432/3299/6 4415/1756/6 2677/1759/6 944/3300/6
f 264/1319/6 1460/4961/6 4415/1756/6 2432/3299/6
f 1460/4961/6 584/4468/6 2676/1757/6 4415/1756/6
f 1820/1065/6 4416/1752/6 2300/1755/43 476/1066/43
f 944/3300/6 2677/1759/6 4416/1752/6 1820/1065/6
f 2677/1759/6 1121/1758/6 2675/1753/6 4416/1752/6
f 2672/1745/6 4417/1748/6 2674/1751/6 1120/1746/6
f 597/539/6 2085/538/6 4417/1748/6 2672/1745/6
f 2085/538/6 273/537/6 1891/1749/6 4417/1748/6
f 2576/1761/6 4418/1744/6 2673/1747/6 1088/1762/6
f 111/541/6 1473/540/6 4418/1744/6 2576/1761/6
f 1473/540/6 597/539/6 2672/1745/6 4418/1744/6
f 1964/1436/6 4419/1740/6 2359/1743/43 379/1437/43
f 1088/1762/6 2673/1747/6 4419/1740/6 1964/1436/6
f 2673/1747/6 1120/1746/6 2671/1741/6 4419/1740/6
f 2668/1733/5 4420/1736/5 2670/1739/5 1119/1734/5
f 1087/1766/5 2575/1434/5 4420/1736/5 2668/1733/5
f 2575/1434/5 380/831/44 1748/1737/44 4420/1736/5
f 2088/550/5 4421/1732/5 2669/1735/5 600/551/5
f 118/549/5 1963/1767/5 4421/1732/5 2088/550/5
f 1963/1767/5 1087/1766/5 2668/1733/5 4421/1732/5
f 1476/552/5 4422/1728/5 2508/1731/5 274/545/5
f 600/551/5 2669/1735/5 4422/1728/5 1476/552/5
f 2669/1735/5 1119/1734/5 2667/1729/5 4422/1728/5
f 2664/1722/6 4423/1725/6 2666/1727/6 1118/1723/6
f 932/3362/6 2420/1048/6 4423/1725/6 2664/1722/6
f 2420/1048/6 266/1047/6 2075/1726/6 4423/1725/6
f 2304/4696/45 4424/1721/6 2665/1724/6 816/4692/45
f 478/4695/45 1808/3363/6 4424/1721/6 2304/4696/45
f 1808/3363/6 932/3362/6 2664/1722/6 4424/1721/6
f 1692/4693/45 4425/1717/6 1965/1720/6 381/4694/45
f 816/4692/45 2665/1724/6 4425/1717/6 1692/4693/45
f 2665/1724/6 1118/1723/6 2663/1718/6 4425/1717/6
f 2660/1712/6 4426/1715/6 2662/1716/6 1117/1713/6
f 1089/1719/6 2577/1446/6 4426/1715/6 2660/1712/6
f 2577/1446/6 109/47/6 2078/522/6 4426/1715/6
f 2361/4760/45 4427/1711/6 2661/1714/6 873/4758/45
f 381/4694/45 1965/1720/6 4427/1711/6 2361/4760/45
f 1965/1720/6 1089/1719/6 2660/1712/6 4427/1711/6
f 1749/4759/45 4428/1707/6 2509/1710/6 430/4595/45
f 873/4758/45 2661/1714/6 4428/1707/6 1749/4759/45
f 2661/1714/6 1117/1713/6 2659/1708/6 4428/1707/6
f 2656/1700/2 4429/1703/2 2658/1706/2 1116/1701/2
f 1090/1685/2 1966/1452/2 4429/1703/2 2656/1700/2
f 1966/1452/2 382/835/46 1750/1704/46 4429/1703/2
f 2100/598/2 4430/1699/2 2657/1702/2 612/599/2
f 154/597/2 2578/1686/2 4430/1699/2 2100/598/2
f 2578/1686/2 1090/1685/2 2656/1700/2 4430/1699/2
f 1488/600/2 4431/1695/2 2514/1698/2 283/593/2
f 612/599/2 2657/1702/2 4431/1695/2 1488/600/2
f 2657/1702/2 1116/1701/2 2655/1696/2 4431/1695/2
f 2652/1688/2 4432/1691/2 2654/1694/2 1115/1689/2
f 936/3339/2 2424/1052/2 4432/1691/2 2652/1688/2
f 2424/1052/2 477/1027/46 1694/1692/46 4432/1691/2
f 2023/4962/2 4433/1687/2 2653/1690/2 535/4481/2
f 232/1398/2 1812/3340/2 4433/1687/2 2023/4962/2
f 1812/3340/2 936/3339/2 2652/1688/2 4433/1687/2
f 1411/4482/2 4434/1683/2 2578/1686/2 154/597/2
f 535/4481/2 2653/1690/2 4434/1683/2 1411/4482/2
f 2653/1690/2 1115/1689/2 2651/1684/2 4434/1683/2
f 2648/1677/5 4435/1680/5 2650/1682/5 1114/1678/5
f 1091/1652/5 1967/1461/5 4435/1680/5 2648/1677/5
f 1967/1461/5 125/105/5 2057/1681/5 4435/1680/5
f 2310/4963/48 4436/1676/5 2649/1679/5 822/4964/48
f 384/4965/48 2579/1653/5 4436/1676/5 2310/4963/48
f 2579/1653/5 1091/1652/5 2648/1677/5 4436/1676/5
f 1698/4966/48 4437/1672/5 2463/1675/5 479/4869/48
f 822/4964/48 2649/1679/5 4437/1672/5 1698/4966/48
f 2649/1679/5 1114/1678/5 2647/1673/5 4437/1672/5
f 2644/1665/3 4438/1668/3 2646/1671/3 1113/1666/3
f 609/587/3 2097/586/3 4438/1668/3 2644/1665/3
f 2097/586/3 282/585/3 1906/1669/3 4438/1668/3
f 1968/1647/3 4439/1664/3 2645/1667/3 1092/1648/3
f 147/589/3 1485/588/3 4439/1664/3 1968/1647/3
f 1485/588/3 609/587/3 2644/1665/3 4439/1664/3
f 2580/1463/3 4440/1660/3 2363/1663/47 383/1464/47
f 1092/1648/3 2645/1667/3 4440/1660/3 2580/1463/3
f 2645/1667/3 1113/1666/3 2643/1661/3 4440/1660/3
f 2640/1655/5 4441/1658/5 2642/1659/5 1112/1656/5
f 1028/2740/5 2516/1201/5 4441/1658/5 2640/1655/5
f 2516/1201/5 254/102/5 2055/108/5 4441/1658/5
f 2364/4967/48 4442/1654/5 2641/1657/5 876/4968/48
f 431/4894/48 1904/2741/5 4442/1654/5 2364/4967/48
f 1904/2741/5 1028/2740/5 2640/1655/5 4442/1654/5
f 1752/4969/48 4443/1650/5 2579/1653/5 384/4965/48
f 876/4968/48 2641/1657/5 4443/1650/5 1752/4969/48
f 2641/1657/5 1112/1656/5 2639/1651/5 4443/1650/5
f 2636/1643/3 4444/1646/3 2638/1649/3 1111/1644/3
f 542/4480/3 2030/4479/3 4444/1646/3 2636/1643/3
f 2030/4479/3 147/589/3 1968/1647/3 4444/1646/3
f 2466/3099/3 4445/1642/3 2637/1645/3 978/3100/3
f 237/1247/3 1418/4970/3 4445/1642/3 2466/3099/3
f 1418/4970/3 542/4480/3 2636/1643/3 4445/1642/3
f 1854/1119/3 4446/1638/3 2308/1641/47 480/1120/47
f 978/3100/3 2637/1645/3 4446/1638/3 1854/1119/3
f 2637/1645/3 1111/1644/3 2635/1639/3 4446/1638/3
f 2632/1631/6 4447/1634/6 2634/1637/6 1110/1632/6
f 1093/1592/6 1969/1477/6 4447/1634/6 2632/1631/6
f 1969/1477/6 385/1476/49 1700/1635/49 4447/1634/6
f 2117/4447/6 4448/1630/6 2633/1633/6 629/4448/6
f 198/317/6 2581/1593/6 4448/1630/6 2117/4447/6
f 2581/1593/6 1093/1592/6 2632/1631/6 4448/1630/6
f 1505/4971/6 4449/1626/6 2460/1629/6 294/4862/6
f 629/4448/6 2633/1633/6 4449/1626/6 1505/4971/6
f 2633/1633/6 1110/1632/6 2631/1627/6 4449/1626/6
f 2628/1619/4 4450/1622/4 2630/1625/4 1109/1620/4
f 1094/1604/4 1970/1473/4 4450/1622/4 2628/1619/4
f 1970/1473/4 386/843/50 1754/1623/50 4450/1622/4
f 2092/566/4 4451/1618/4 2629/1621/4 604/567/4
f 130/565/4 2582/1605/4 4451/1618/4 2092/566/4
f 2582/1605/4 1094/1604/4 2628/1619/4 4451/1618/4
f 1480/568/4 4452/1614/4 2525/1617/4 277/561/4
f 604/567/4 2629/1621/4 4452/1614/4 1480/568/4
f 2629/1621/4 1109/1620/4 2627/1615/4 4452/1614/4
f 2624/1607/4 4453/1610/4 2626/1613/4 1108/1608/4
f 968/3152/4 2456/1103/4 4453/1610/4 2624/1607/4
f 2456/1103/4 481/1035/50 1702/1611/50 4453/1610/4
f 2051/4972/4 4454/1606/4 2625/1609/4 563/4473/4
f 250/1283/4 1844/3153/4 4454/1606/4 2051/4972/4
f 1844/3153/4 968/3152/4 2624/1607/4 4454/1606/4
f 1439/4474/4 4455/1602/4 2582/1605/4 130/565/4
f 563/4473/4 2625/1609/4 4455/1602/4 1439/4474/4
f 2625/1609/4 1108/1608/4 2623/1603/4 4455/1602/4
f 2620/1595/6 4456/1598/6 2622/1601/6 1107/1596/6
f 1034/2694/6 2522/1215/6 4456/1598/6 2620/1595/6
f 2522/1215/6 434/1214/49 1753/1599/49 4456/1598/6
f 1975/314/6 4457/1594/6 2621/1597/6 487/315/6
f 199/313/6 1910/2695/6 4457/1594/6 1975/314/6
f 1910/2695/6 1034/2694/6 2620/1595/6 4457/1594/6
f 1363/316/6 4458/1590/6 2581/1593/6 198/317/6
f 487/315/6 2621/1597/6 4458/1590/6 1363/316/6
f 2621/1597/6 1107/1596/6 2619/1591/6 4458/1590/6
f 2616/1583/6 4459/1586/6 2618/1589/6 1106/1584/6
f 828/4973/51 2316/4974/51 4459/1586/6 2616/1583/6
f 2316/4974/51 484/4850/51 1831/1587/6 4459/1586/6
f 1971/1564/6 4460/1582/6 2617/1585/6 1095/1565/6
f 387/4975/51 1704/4976/51 4460/1582/6 1971/1564/6
f 1704/4976/51 828/4973/51 2616/1583/6 4460/1582/6
f 2583/1484/6 4461/1579/6 1468/1581/6 104/33/6
f 1095/1565/6 2617/1585/6 4461/1579/6 2583/1484/6
f 2617/1585/6 1106/1584/6 2615/1580/6 4461/1579/6
f 2612/1572/1 4462/1575/1 2614/1578/1 1105/1573/1
f 1096/1547/1 1972/1486/1 4462/1575/1 2612/1572/1
f 1972/1486/1 388/847/52 1756/1576/52 4462/1575/1
f 2104/614/1 4463/1571/1 2613/1574/1 616/615/1
f 166/613/1 2584/1548/1 4463/1571/1 2104/614/1
f 2584/1548/1 1096/1547/1 2612/1572/1 4463/1571/1
f 1492/616/1 4464/1567/1 2531/1570/1 286/609/1
f 616/615/1 2613/1574/1 4464/1567/1 1492/616/1
f 2613/1574/1 1105/1573/1 2611/1568/1 4464/1567/1
f 2608/1560/6 4465/1563/6 2610/1566/6 1104/1561/6
f 879/4977/51 2367/4978/51 4465/1563/6 2608/1560/6
f 2367/4978/51 387/4975/51 1971/1564/6 4465/1563/6
f 2528/2653/6 4466/1559/6 2609/1562/6 1040/2654/6
f 436/4901/51 1755/4979/51 4466/1559/6 2528/2653/6
f 1755/4979/51 879/4977/51 2608/1560/6 4466/1559/6
f 1916/1225/6 4467/1557/6 1470/30/6 269/29/6
f 1040/2654/6 2609/1562/6 4467/1557/6 1916/1225/6
f 2609/1562/6 1104/1561/6 2607/1558/6 4467/1557/6
f 2604/1550/1 4468/1553/1 2606/1556/1 1103/1551/1
f 960/3199/1 2448/1090/1 4468/1553/1 2604/1550/1
f 2448/1090/1 483/1039/52 1706/1554/52 4468/1553/1
f 2009/4980/1 4469/1549/1 2605/1552/1 521/4485/1
f 223/1432/1 1836/3200/1 4469/1549/1 2009/4980/1
f 1836/3200/1 960/3199/1 2604/1550/1 4469/1549/1
f 1397/4486/1 4470/1545/1 2584/1548/1 166/613/1
f 521/4485/1 2605/1552/1 4470/1545/1 1397/4486/1
f 2605/1552/1 1103/1551/1 2603/1546/1 4470/1545/1
f 2600/1538/3 4471/1541/3 2602/1544/3 1102/1539/3
f 1097/1502/3 1973/1499/3 4471/1541/3 2600/1538/3
f 1973/1499/3 389/1498/53 1708/1542/53 4471/1541/3
f 2111/4456/3 4472/1537/3 2601/1540/3 623/4457/3
f 186/371/3 2585/1503/3 4472/1537/3 2111/4456/3
f 2585/1503/3 1097/1502/3 2600/1538/3 4472/1537/3
f 1499/4981/3 4473/1533/3 2440/1536/3 291/4846/3
f 623/4457/3 2601/1540/3 4473/1533/3 1499/4981/3
f 2601/1540/3 1102/1539/3 2599/1534/3 4473/1533/3
f 2596/1527/2 4474/1530/2 2598/1532/2 1101/1528/2
f 1098/1514/2 1974/1495/2 4474/1530/2 2596/1527/2
f 1974/1495/2 161/237/2 2015/1531/2 4474/1530/2
f 2322/852/54 4475/1526/2 2597/1529/2 834/3894/54
f 390/851/54 2586/1515/2 4475/1526/2 2322/852/54
f 2586/1515/2 1098/1514/2 2596/1527/2 4475/1526/2
f 1710/3895/54 4476/1522/2 2441/1525/2 485/1043/54
f 834/3894/54 2597/1529/2 4476/1522/2 1710/3895/54
f 2597/1529/2 1101/1528/2 2595/1523/2 4476/1522/2
f 2592/1517/2 4477/1520/2 2594/1521/2 1100/1518/2
f 1046/2604/2 2534/1233/2 4477/1520/2 2592/1517/2
f 2534/1233/2 227/234/2 2013/240/2 4477/1520/2
f 2370/948/54 4478/1516/2 2593/1519/2 882/3634/54
f 437/947/54 1922/2605/2 4478/1516/2 2370/948/54
f 1922/2605/2 1046/2604/2 2592/1517/2 4478/1516/2
f 1758/3635/54 4479/1512/2 2586/1515/2 390/851/54
f 882/3634/54 2593/1519/2 4479/1512/2 1758/3635/54
f 2593/1519/2 1100/1518/2 2591/1513/2 4479/1512/2
f 2588/1505/3 4480/1508/3 2590/1511/3 1099/1506/3
f 1050/2570/3 2538/1243/3 4480/1508/3 2588/1505/3
f 2538/1243/3 438/1242/53 1757/1509/53 4480/1508/3
f 1987/368/3 4481/1504/3 2589/1507/3 499/369/3
f 208/367/3 1926/2571/3 4481/1504/3 1987/368/3
f 1926/2571/3 1050/2570/3 2588/1505/3 4481/1504/3
f 1375/370/3 4482/1500/3 2585/1503/3 186/371/3
f 499/369/3 2589/1507/3 4482/1500/3 1375/370/3
f 2589/1507/3 1099/1506/3 2587/1501/3 4482/1500/3
f 2587/1501/3 4483/1496/3 1973/1499/3 1097/1502/3
f 1099/1506/3 2590/1511/3 4483/1496/3 2587/1501/3
f 2590/1511/3 881/1510/53 2369/1497/53 4483/1496/3
f 2591/1513/2 4484/1494/2 1974/1495/2 1098/1514/2
f 1100/1518/2 2594/1521/2 4484/1494/2 2591/1513/2
f 2594/1521/2 525/239/2 1401/238/2 4484/1494/2
f 2595/1523/2 4485/1491/2 1829/1493/2 953/1524/2
f 1101/1528/2 2598/1532/2 4485/1491/2 2595/1523/2
f 2598/1532/2 527/442/2 1403/444/2 4485/1491/2
f 2599/1534/3 4486/1487/3 1828/1490/3 952/1535/3
f 1102/1539/3 2602/1544/3 4486/1487/3 2599/1534/3
f 2602/1544/3 832/1543/53 2320/1488/53 4486/1487/3
f 2603/1546/1 4487/1485/1 1972/1486/1 1096/1547/1
f 1103/1551/1 2606/1556/1 4487/1485/1 2603/1546/1
f 2606/1556/1 830/1555/52 2318/848/52 4487/1485/1
f 2607/1558/6 4488/1483/6 2082/32/6 594/31/6
f 1104/1561/6 2610/1566/6 4488/1483/6 2607/1558/6
f 2610/1566/6 1095/1565/6 2583/1484/6 4488/1483/6
f 2611/1568/1 4489/1481/1 1919/1482/1 1043/1569/1
f 1105/1573/1 2614/1578/1 4489/1481/1 2611/1568/1
f 2614/1578/1 880/1577/52 2368/944/52 4489/1481/1
f 2615/1580/6 4490/1478/6 2080/524/6 592/523/6
f 1106/1584/6 2618/1589/6 4490/1478/6 2615/1580/6
f 2618/1589/6 955/1588/6 2443/1479/6 4490/1478/6
f 2619/1591/6 4491/1474/6 1969/1477/6 1093/1592/6
f 1107/1596/6 2622/1601/6 4491/1474/6 2619/1591/6
f 2622/1601/6 877/1600/49 2365/1475/49 4491/1474/6
f 2623/1603/4 4492/1472/4 1970/1473/4 1094/1604/4
f 1108/1608/4 2626/1613/4 4492/1472/4 2623/1603/4
f 2626/1613/4 826/1612/50 2314/844/50 4492/1472/4
f 2627/1615/4 4493/1470/4 1913/1471/4 1037/1616/4
f 1109/1620/4 2630/1625/4 4493/1470/4 2627/1615/4
f 2630/1625/4 878/1624/50 2366/940/50 4493/1470/4
f 2631/1627/6 4494/1466/6 1848/1469/6 972/1628/6
f 1110/1632/6 2634/1637/6 4494/1466/6 2631/1627/6
f 2634/1637/6 824/1636/49 2312/1467/49 4494/1466/6
f 2635/1639/3 4495/1462/3 1696/1465/47 820/1640/47
f 1111/1644/3 2638/1649/3 4495/1462/3 2635/1639/3
f 2638/1649/3 1092/1648/3 2580/1463/3 4495/1462/3
f 2639/1651/5 4496/1460/5 1967/1461/5 1091/1652/5
f 1112/1656/5 2642/1659/5 4496/1460/5 2639/1651/5
f 2642/1659/5 567/107/5 1443/106/5 4496/1460/5
f 2643/1661/3 4497/1456/3 1751/1459/47 875/1662/47
f 1113/1666/3 2646/1671/3 4497/1456/3 2643/1661/3
f 2646/1671/3 1030/1670/3 2518/1457/3 4497/1456/3
f 2647/1673/5 4498/1453/5 1851/1455/5 975/1674/5
f 1114/1678/5 2650/1682/5 4498/1453/5 2647/1673/5
f 2650/1682/5 569/496/5 1445/498/5 4498/1453/5
f 2651/1684/2 4499/1451/2 1966/1452/2 1090/1685/2
f 1115/1689/2 2654/1694/2 4499/1451/2 2651/1684/2
f 2654/1694/2 818/1693/46 2306/836/46 4499/1451/2
f 2655/1696/2 4500/1449/2 1902/1450/2 1026/1697/2
f 1116/1701/2 2658/1706/2 4500/1449/2 2655/1696/2
f 2658/1706/2 874/1705/46 2362/932/46 4500/1449/2
f 2659/1708/6 4501/1447/6 1897/1448/6 1021/1709/6
f 1117/1713/6 2662/1716/6 4501/1447/6 2659/1708/6
f 2662/1716/6 590/521/6 1466/520/6 4501/1447/6
f 2663/1718/6 4502/1445/6 2577/1446/6 1089/1719/6
f 1118/1723/6 2666/1727/6 4502/1445/6 2663/1718/6
f 2666/1727/6 587/49/6 1463/48/6 4502/1445/6
f 2667/1729/5 4503/1443/5 1896/1444/5 1020/1730/5
f 1119/1734/5 2670/1739/5 4503/1443/5 2667/1729/5
f 2670/1739/5 872/1738/44 2360/928/44 4503/1443/5
f 2671/1741/6 4504/1439/6 1747/1442/43 871/1742/43
f 1120/1746/6 2674/1751/6 4504/1439/6 2671/1741/6
f 2674/1751/6 1015/1750/6 2503/1440/6 4504/1439/6
f 2675/1753/6 4505/1435/6 1688/1438/43 812/1754/43
f 1121/1758/6 2678/1763/6 4505/1435/6 2675/1753/6
f 2678/1763/6 1088/1762/6 1964/1436/6 4505/1435/6
f 2679/1765/5 4506/1433/5 2575/1434/5 1087/1766/5
f 1122/1770/5 2682/1775/5 4506/1433/5 2679/1765/5
f 2682/1775/5 814/1774/44 2302/832/44 4506/1433/5
f 2683/1777/1 4507/1430/1 2010/434/1 522/433/1
f 1123/1781/1 2686/1786/1 4507/1430/1 2683/1777/1
f 2686/1786/1 959/1785/1 2447/1431/1 4507/1430/1
f 2687/1788/1 4508/1428/1 2012/252/1 524/251/1
f 1124/1791/1 2690/1796/1 4508/1428/1 2687/1788/1
f 2690/1796/1 1086/1795/1 1962/1429/1 4508/1428/1
f 2691/1798/4 4509/1425/4 1746/1427/42 870/1799/42
f 1125/1802/4 2694/1807/4 4509/1425/4 2691/1798/4
f 2694/1807/4 1085/1806/4 2573/1426/4 4509/1425/4
f 2695/1809/4 4510/1422/4 1686/1424/42 810/1810/42
f 1126/1813/4 2698/1818/4 4510/1422/4 2695/1809/4
f 2698/1818/4 957/1817/4 2445/1423/4 4510/1422/4
f 2699/1820/5 4511/1419/5 2066/506/5 578/505/5
f 1127/1824/5 2702/1829/5 4511/1419/5 2699/1820/5
f 2702/1829/5 947/1828/5 2435/1420/5 4511/1419/5
f 2703/1831/5 4512/1417/5 2068/76/5 580/75/5
f 1128/1834/5 2706/1839/5 4512/1417/5 2703/1831/5
f 2706/1839/5 1084/1838/5 1960/1418/5 4512/1417/5
f 2707/1841/2 4513/1414/2 1744/1416/40 868/1842/40
f 1129/1845/2 2710/1850/2 4513/1414/2 2707/1841/2
f 2710/1850/2 1083/1849/2 2571/1415/2 4513/1414/2
f 2711/1852/2 4514/1411/2 1682/1413/40 806/1853/40
f 1130/1856/2 2714/1861/2 4514/1411/2 2711/1852/2
f 2714/1861/2 945/1860/2 2433/1412/2 4514/1411/2
f 2715/1863/4 4515/1409/4 2045/483/4 557/482/4
f 1131/1866/4 2718/1871/4 4515/1409/4 2715/1863/4
f 2718/1871/4 997/1870/4 2485/1410/4 4515/1409/4
f 2719/1873/5 4516/1405/5 1741/1408/37 865/1874/37
f 1132/1878/5 2722/1883/5 4516/1405/5 2719/1873/5
f 2722/1883/5 999/1882/5 2487/1406/5 4516/1405/5
f 2723/1885/5 4517/1401/5 1676/1404/37 800/1886/37
f 1133/1890/5 2726/1895/5 4517/1401/5 2723/1885/5
f 2726/1895/5 1082/1894/5 1958/1402/5 4517/1401/5
f 2727/1897/4 4518/1399/4 2048/132/4 560/131/4
f 1134/1901/4 2730/1906/4 4518/1399/4 2727/1897/4
f 2730/1906/4 1081/1905/4 1957/1400/4 4518/1399/4
f 2731/1908/2 4519/1396/2 2024/452/2 536/451/2
f 1135/1912/2 2734/1917/2 4519/1396/2 2731/1908/2
f 2734/1917/2 935/1916/2 2423/1397/2 4519/1396/2
f 2735/1919/2 4520/1394/2 2026/208/2 538/207/2
f 1136/1922/2 2738/1927/2 4520/1394/2 2735/1919/2
f 2738/1927/2 1080/1926/2 1956/1395/2 4520/1394/2
f 2739/1929/1 4521/1391/1 1740/1393/36 864/1930/36
f 1137/1933/1 2742/1938/1 4521/1391/1 2739/1929/1
f 2742/1938/1 1079/1937/1 2567/1392/1 4521/1391/1
f 2743/1940/1 4522/1388/1 1674/1390/36 798/1941/36
f 1138/1944/1 2746/1949/1 4522/1388/1 2743/1940/1
f 2746/1949/1 933/1948/1 2421/1389/1 4522/1388/1
f 2747/1951/3 4523/1386/3 2040/164/3 552/163/3
f 1139/1954/3 2750/1959/3 4523/1386/3 2747/1951/3
f 2750/1959/3 1077/1958/3 2565/1387/3 4523/1386/3
f 2751/1961/1 4524/1384/1 1954/1385/1 1078/1962/1
f 1140/1966/1 2754/1969/1 4524/1384/1 2751/1961/1
f 2754/1969/1 511/283/1 1387/282/1 4524/1384/1
f 2755/1971/1 4525/1381/1 1817/1383/1 941/1972/1
f 1141/1976/1 2758/1980/1 4525/1381/1 2755/1971/1
f 2758/1980/1 513/424/1 1389/426/1 4525/1381/1
f 2759/1982/3 4526/1378/3 2038/470/3 550/469/3
f 1142/1986/3 2762/1991/3 4526/1378/3 2759/1982/3
f 2762/1991/3 939/1990/3 2427/1379/3 4526/1378/3
f 2763/1993/3 4527/1376/3 1952/1377/3 1076/1994/3
f 1143/1998/3 2766/2002/3 4527/1376/3 2763/1993/3
f 2766/2002/3 545/181/3 1421/180/3 4527/1376/3
f 2767/2004/4 4528/1374/4 1951/1375/4 1075/2005/4
f 1144/2009/4 2770/2012/4 4528/1374/4 2767/2004/4
f 2770/2012/4 553/151/4 1429/150/4 4528/1374/4
f 2771/2014/3 4529/1372/3 1858/1373/3 982/2015/3
f 1145/2019/3 2774/2022/3 4529/1372/3 2771/2014/3
f 2774/2022/3 548/467/3 1424/466/3 4529/1372/3
f 2775/2024/4 4530/1369/4 1841/1371/4 965/2025/4
f 1146/2029/4 2778/2033/4 4530/1369/4 2775/2024/4
f 2778/2033/4 555/478/4 1431/480/4 4530/1369/4
f 2779/2035/3 4531/1365/3 1949/1368/3 1073/2036/3
f 1147/2040/3 2782/2045/3 4531/1365/3 2779/2035/3
f 2782/2045/3 857/2044/53 2345/1366/53 4531/1365/3
f 2783/2047/2 4532/1363/2 1950/1364/2 1074/2048/2
f 1148/2052/2 2786/2056/2 4532/1363/2 2783/2047/2
f 2786/2056/2 531/225/2 1407/224/2 4532/1363/2
f 2787/2058/2 4533/1361/2 1923/1362/2 1047/2059/2
f 1149/2063/2 2790/2066/2 4533/1361/2 2787/2058/2
f 2790/2066/2 534/449/2 1410/448/2 4533/1361/2
f 2791/2068/3 4534/1357/3 1924/1360/3 1048/2069/3
f 1150/2073/3 2794/2078/3 4534/1357/3 2791/2068/3
f 2794/2078/3 784/2077/53 2272/1358/53 4534/1357/3
f 2795/2080/1 4535/1355/1 1948/1356/1 1072/2081/1
f 1151/2085/1 2798/2090/1 4535/1355/1 2795/2080/1
f 2798/2090/1 782/2089/52 2270/800/52 4535/1355/1
f 2799/2092/6 4536/1353/6 2076/44/6 588/43/6
f 1152/2096/6 2802/2101/6 4536/1353/6 2799/2092/6
f 2802/2101/6 1071/2100/6 2559/1354/6 4536/1353/6
f 2803/2103/1 4537/1351/1 1810/1352/1 934/2104/1
f 1153/2108/1 2806/2113/1 4537/1351/1 2803/2103/1
f 2806/2113/1 856/2112/52 2344/896/52 4537/1351/1
f 2807/2115/6 4538/1349/6 2073/519/6 585/518/6
f 1154/2118/6 2810/2123/6 4538/1349/6 2807/2115/6
f 2810/2123/6 1044/2122/6 2532/1350/6 4538/1349/6
f 2811/2125/4 4539/1347/4 1946/1348/4 1070/2126/4
f 1155/2130/4 2814/2135/4 4539/1347/4 2811/2125/4
f 2814/2135/4 778/2134/50 2266/796/50 4539/1347/4
f 2815/2137/6 4540/1343/6 1945/1346/6 1069/2138/6
f 1156/2142/6 2818/2147/6 4540/1343/6 2815/2137/6
f 2818/2147/6 853/2146/49 2341/1344/49 4540/1343/6
f 2819/2149/4 4541/1341/4 1834/1342/4 958/2150/4
f 1157/2154/4 2822/2159/4 4541/1341/4 2819/2149/4
f 2822/2159/4 854/2158/50 2342/892/50 4541/1341/4
f 2823/2161/6 4542/1337/6 1914/1340/6 1038/2162/6
f 1158/2166/6 2826/2171/6 4542/1337/6 2823/2161/6
f 2826/2171/6 776/2170/49 2264/1338/49 4542/1337/6
f 2827/2173/3 4543/1333/3 1648/1336/47 772/2174/47
f 1159/2178/3 2830/2183/3 4543/1333/3 2827/2173/3
f 2830/2183/3 1068/2182/3 2556/1334/3 4543/1333/3
f 2831/2185/5 4544/1331/5 1943/1332/5 1067/2186/5
f 1160/2190/5 2834/2194/5 4544/1331/5 2831/2185/5
f 2834/2194/5 573/93/5 1449/92/5 4544/1331/5
f 2835/2196/3 4545/1327/3 1727/1330/47 851/2197/47
f 1161/2201/3 2838/2206/3 4545/1327/3 2835/2196/3
f 2838/2206/3 951/2205/3 2439/1328/3 4545/1327/3
f 2839/2208/5 4546/1325/5 1905/1326/5 1029/2209/5
f 1162/2213/5 2842/2216/5 4546/1325/5 2839/2208/5
f 2842/2216/5 576/503/5 1452/502/5 4546/1325/5
f 2843/2218/2 4547/1323/2 1942/1324/2 1066/2219/2
f 1163/2223/2 2846/2228/2 4547/1323/2 2843/2218/2
f 2846/2228/2 770/2227/46 2258/788/46 4547/1323/2
f 2847/2230/2 4548/1321/2 1822/1322/2 946/2231/2
f 1164/2235/2 2850/2240/2 4548/1321/2 2847/2230/2
f 2850/2240/2 850/2239/46 2338/884/46 4548/1321/2
f 2851/2242/6 4549/1318/6 1819/1320/6 943/2243/6
f 1165/2247/6 2854/2251/6 4549/1318/6 2851/2242/6
f 2854/2251/6 583/514/6 1459/516/6 4549/1318/6
f 2855/2253/6 4550/1316/6 2553/1317/6 1065/2254/6
f 1166/2258/6 2858/2261/6 4550/1316/6 2855/2253/6
f 2858/2261/6 581/63/6 1457/62/6 4550/1316/6
f 2859/2263/5 4551/1314/5 1940/1315/5 1064/2264/5
f 1167/2268/5 2862/2273/5 4551/1314/5 2859/2263/5
f 2862/2273/5 766/2272/44 2254/784/44 4551/1314/5
f 2863/2275/5 4552/1312/5 1846/1313/5 970/2276/5
f 1168/2280/5 2866/2285/5 4552/1312/5 2863/2275/5
f 2866/2285/5 848/2284/44 2336/880/44 4552/1312/5
f 2867/2287/6 4553/1308/6 1723/1311/43 847/2288/43
f 1169/2292/6 2870/2297/6 4553/1308/6 2867/2287/6
f 2870/2297/6 971/2296/6 2459/1309/6 4553/1308/6
f 2871/2299/6 4554/1304/6 1640/1307/43 764/2300/43
f 1170/2304/6 2874/2309/6 4554/1304/6 2871/2299/6
f 2874/2309/6 1063/2308/6 1939/1305/6 4554/1304/6
f 2875/2311/1 4555/1302/1 2003/429/1 515/428/1
f 1171/2314/1 2878/2319/1 4555/1302/1 2875/2311/1
f 2878/2319/1 1014/2318/1 2502/1303/1 4555/1302/1
f 2879/2321/1 4556/1300/1 2006/264/1 518/263/1
f 1172/2325/1 2882/2330/1 4556/1300/1 2879/2321/1
f 2882/2330/1 1062/2329/1 1938/1301/1 4556/1300/1
f 2883/2332/4 4557/1297/4 1722/1299/42 846/2333/42
f 1173/2336/4 2886/2341/4 4557/1297/4 2883/2332/4
f 2886/2341/4 1061/2340/4 2549/1298/4 4557/1297/4
f 2887/2343/4 4558/1294/4 1638/1296/42 762/2344/42
f 1174/2347/4 2890/2352/4 4558/1294/4 2887/2343/4
f 2890/2352/4 1013/2351/4 2501/1295/4 4558/1294/4
f 2891/2354/5 4559/1292/5 2059/501/5 571/500/5
f 1175/2357/5 2894/2362/5 4559/1292/5 2891/2354/5
f 2894/2362/5 1008/2361/5 2496/1293/5 4559/1292/5
f 2895/2364/5 4560/1290/5 2062/88/5 574/87/5
f 1176/2368/5 2898/2373/5 4560/1290/5 2895/2364/5
f 2898/2373/5 1060/2372/5 1936/1291/5 4560/1290/5
f 2899/2375/2 4561/1287/2 1720/1289/40 844/2376/40
f 1177/2379/2 2902/2384/2 4561/1287/2 2899/2375/2
f 2902/2384/2 1059/2383/2 2547/1288/2 4561/1287/2
f 2903/2386/2 4562/1284/2 1634/1286/40 758/2387/40
f 1178/2390/2 2906/2395/2 4562/1284/2 2903/2386/2
f 2906/2395/2 1007/2394/2 2495/1285/2 4562/1284/2
f 2907/2397/4 4563/1281/4 2052/488/4 564/487/4
f 1179/2401/4 2910/2406/4 4563/1281/4 2907/2397/4
f 2910/2406/4 967/2405/4 2455/1282/4 4563/1281/4
f 2911/2408/5 4564/1277/5 1717/1280/37 841/2409/37
f 1180/2413/5 2914/2418/5 4564/1277/5 2911/2408/5
f 2914/2418/5 969/2417/5 2457/1278/5 4564/1277/5
f 2915/2420/5 4565/1273/5 1628/1276/37 752/2421/37
f 1181/2425/5 2918/2430/5 4565/1273/5 2915/2420/5
f 2918/2430/5 1058/2429/5 1934/1274/5 4565/1273/5
f 2919/2432/4 4566/1271/4 2054/120/4 566/119/4
f 1182/2435/4 2922/2440/4 4566/1271/4 2919/2432/4
f 2922/2440/4 1057/2439/4 1933/1272/4 4566/1271/4
f 2923/2442/2 4567/1269/2 2017/447/2 529/446/2
f 1183/2445/2 2926/2450/2 4567/1269/2 2923/2442/2
f 2926/2450/2 996/2449/2 2484/1270/2 4567/1269/2
f 2927/2452/2 4568/1267/2 2020/220/2 532/219/2
f 1184/2456/2 2930/2461/2 4568/1267/2 2927/2452/2
f 2930/2461/2 1056/2460/2 1932/1268/2 4568/1267/2
f 2931/2463/1 4569/1264/1 1716/1266/36 840/2464/36
f 1185/2467/1 2934/2472/1 4569/1264/1 2931/2463/1
f 2934/2472/1 1055/2471/1 2543/1265/1 4569/1264/1
f 2935/2474/1 4570/1261/1 1626/1263/36 750/2475/36
f 1186/2478/1 2938/2483/1 4570/1261/1 2935/2474/1
f 2938/2483/1 995/2482/1 2483/1262/1 4570/1261/1
f 2939/2485/3 4571/1259/3 2034/176/3 546/175/3
f 1187/2489/3 2942/2494/3 4571/1259/3 2939/2485/3
f 2942/2494/3 1053/2493/3 2541/1260/3 4571/1259/3
f 2943/2496/1 4572/1257/1 1930/1258/1 1054/2497/1
f 1188/2501/1 2946/2505/1 4572/1257/1 2943/2496/1
f 2946/2505/1 517/269/1 1393/268/1 4572/1257/1
f 2947/2507/1 4573/1255/1 1865/1256/1 989/2508/1
f 1189/2512/1 2950/2515/1 4573/1255/1 2947/2507/1
f 2950/2515/1 520/431/1 1396/430/1 4573/1255/1
f 2951/2517/3 4574/1253/3 2031/465/3 543/464/3
f 1190/2520/3 2954/2525/3 4574/1253/3 2951/2517/3
f 2954/2525/3 990/2524/3 2478/1254/3 4574/1253/3
f 2955/2527/3 4575/1251/3 1928/1252/3 1052/2528/3
f 1191/2532/3 2958/2535/3 4575/1251/3 2955/2527/3
f 2958/2535/3 539/195/3 1415/194/3 4575/1251/3
f 2959/2537/4 4576/1249/4 1927/1250/4 1051/2538/4
f 1192/2542/4 2962/2546/4 4576/1249/4 2959/2537/4
f 2962/2546/4 559/137/4 1435/136/4 4576/1249/4
f 2963/2548/3 4577/1246/3 1853/1248/3 977/2549/3
f 1193/2553/3 2966/2557/3 4577/1246/3 2963/2548/3
f 2966/2557/3 541/460/3 1417/462/3 4577/1246/3
f 2967/2559/4 4578/1244/4 1857/1245/4 981/2560/4
f 1194/2564/4 2970/2567/4 4578/1244/4 2967/2559/4
f 2970/2567/4 562/485/4 1438/484/4 4578/1244/4
f 2971/2569/3 4579/1240/3 2538/1243/3 1050/2570/3
f 1195/2574/3 2974/2579/3 4579/1240/3 2971/2569/3
f 2974/2579/3 736/2578/53 2224/1241/53 4579/1240/3
f 2975/2581/3 4580/1236/3 2537/1239/3 1049/2582/3
f 1196/2586/3 2978/2591/3 4580/1236/3 2975/2581/3
f 2978/2591/3 905/2590/53 2393/1237/53 4580/1236/3
f 2979/2593/2 4581/1234/2 1921/1235/2 1045/2594/2
f 1197/2598/2 2982/2601/2 4581/1234/2 2979/2593/2
f 2982/2601/2 533/217/2 1409/216/2 4581/1234/2
f 2983/2603/2 4582/1232/2 2534/1233/2 1046/2604/2
f 1198/2608/2 2986/2611/2 4582/1232/2 2983/2603/2
f 2986/2611/2 526/440/2 1402/439/2 4582/1232/2
f 2987/2613/6 4583/1230/6 2074/54/6 586/53/6
f 1199/2616/6 2990/2621/6 4583/1230/6 2987/2613/6
f 2990/2621/6 1039/2620/6 2527/1231/6 4583/1230/6
f 2991/2623/1 4584/1228/1 1917/1229/1 1041/2624/1
f 1200/2628/1 2994/2633/1 4584/1228/1 2991/2623/1
f 2994/2633/1 734/2632/52 2222/752/52 4584/1228/1
f 2995/2635/1 4585/1226/1 2530/1227/1 1042/2636/1
f 1201/2640/1 2998/2645/1 4585/1226/1 2995/2635/1
f 2998/2645/1 904/2644/52 2392/992/52 4585/1226/1
f 2999/2647/6 4586/1224/6 2081/528/6 593/527/6
f 1202/2650/6 3002/2655/6 4586/1224/6 2999/2647/6
f 3002/2655/6 1040/2654/6 1916/1225/6 4586/1224/6
f 3003/2657/6 4587/1220/6 1909/1223/6 1033/2658/6
f 1203/2662/6 3006/2667/6 4587/1220/6 3003/2657/6
f 3006/2667/6 901/2666/49 2389/1221/49 4587/1220/6
f 3007/2669/4 4588/1218/4 1911/1219/4 1035/2670/4
f 1204/2674/4 3010/2679/4 4588/1218/4 3007/2669/4
f 3010/2679/4 730/2678/50 2218/748/50 4588/1218/4
f 3011/2681/4 4589/1216/4 2524/1217/4 1036/2682/4
f 1205/2686/4 3014/2691/4 4589/1216/4 3011/2681/4
f 3014/2691/4 902/2690/50 2390/988/50 4589/1216/4
f 3015/2693/6 4590/1212/6 2522/1215/6 1034/2694/6
f 1206/2698/6 3018/2703/6 4590/1212/6 3015/2693/6
f 3018/2703/6 728/2702/49 2216/1213/49 4590/1212/6
f 3019/2705/3 4591/1208/3 1775/1211/47 899/2706/47
f 1207/2710/3 3022/2715/3 4591/1208/3 3019/2705/3
f 3022/2715/3 1032/2714/3 1908/1209/3 4591/1208/3
f 3023/2717/3 4592/1204/3 1600/1207/47 724/2718/47
f 1208/2722/3 3026/2727/3 4592/1204/3 3023/2717/3
f 3026/2727/3 1031/2726/3 1907/1205/3 4592/1204/3
f 3027/2729/5 4593/1202/5 1903/1203/5 1027/2730/5
f 1209/2734/5 3030/2737/5 4593/1202/5 3027/2729/5
f 3030/2737/5 575/85/5 1451/84/5 4593/1202/5
f 3031/2739/5 4594/1200/5 2516/1201/5 1028/2740/5
f 1210/2744/5 3034/2747/5 4594/1200/5 3031/2739/5
f 3034/2747/5 568/494/5 1444/493/5 4594/1200/5
f 3035/2749/2 4595/1198/2 1900/1199/2 1024/2750/2
f 1211/2754/2 3038/2759/2 4595/1198/2 3035/2749/2
f 3038/2759/2 722/2758/46 2210/740/46 4595/1198/2
f 3039/2761/2 4596/1196/2 2513/1197/2 1025/2762/2
f 1212/2766/2 3042/2771/2 4596/1196/2 3039/2761/2
f 3042/2771/2 898/2770/46 2386/980/46 4596/1196/2
f 3043/2773/6 4597/1194/6 2511/1195/6 1023/2774/6
f 1213/2778/6 3046/2781/6 4597/1194/6 3043/2773/6
f 3046/2781/6 582/512/6 1458/511/6 4597/1194/6
f 3047/2783/6 4598/1192/6 2510/1193/6 1022/2784/6
f 1214/2788/6 3050/2791/6 4598/1192/6 3047/2783/6
f 3050/2791/6 589/41/6 1465/40/6 4598/1192/6
f 3051/2793/5 4599/1190/5 1894/1191/5 1018/2794/5
f 1215/2798/5 3054/2803/5 4599/1190/5 3051/2793/5
f 3054/2803/5 718/2802/44 2206/736/44 4599/1190/5
f 3055/2805/5 4600/1188/5 2507/1189/5 1019/2806/5
f 1216/2810/5 3058/2815/5 4600/1188/5 3055/2805/5
f 3058/2815/5 896/2814/44 2384/976/44 4600/1188/5
f 3059/2817/6 4601/1184/6 1771/1187/43 895/2818/43
f 1217/2822/6 3062/2827/6 4601/1184/6 3059/2817/6
f 3062/2827/6 1017/2826/6 1893/1185/6 4601/1184/6
f 3063/2829/6 4602/1180/6 1592/1183/43 716/2830/43
f 1218/2834/6 3066/2839/6 4602/1180/6 3063/2829/6
f 3066/2839/6 1016/2838/6 1892/1181/6 4602/1180/6
f 3067/2841/1 4603/1178/1 2004/274/1 516/273/1
f 1219/2844/1 3070/2849/1 4603/1178/1 3067/2841/1
f 3070/2849/1 1009/2848/1 2497/1179/1 4603/1178/1
f 3071/2851/4 4604/1175/4 1770/1177/42 894/2852/42
f 1220/2855/4 3074/2860/4 4604/1175/4 3071/2851/4
f 3074/2860/4 1011/2859/4 2499/1176/4 4604/1175/4
f 3075/2862/4 4605/1172/4 1590/1174/42 714/2863/42
f 1221/2866/4 3078/2871/4 4605/1172/4 3075/2862/4
f 3078/2871/4 1012/2870/4 1888/1173/4 4605/1172/4
f 3079/2873/1 4606/1170/1 2011/438/1 523/437/1
f 1222/2876/1 3082/2881/1 4606/1170/1 3079/2873/1
f 3082/2881/1 1010/2880/1 1886/1171/1 4606/1170/1
f 3083/2883/5 4607/1168/5 2060/98/5 572/97/5
f 1223/2886/5 3086/2891/5 4607/1168/5 3083/2883/5
f 3086/2891/5 1003/2890/5 2491/1169/5 4607/1168/5
f 3087/2893/2 4608/1165/2 1768/1167/40 892/2894/40
f 1224/2897/2 3090/2902/2 4608/1165/2 3087/2893/2
f 3090/2902/2 1005/2901/2 2493/1166/2 4608/1165/2
f 3091/2904/2 4609/1162/2 1586/1164/40 710/2905/40
f 1225/2908/2 3094/2913/2 4609/1162/2 3091/2904/2
f 3094/2913/2 1006/2912/2 1882/1163/2 4609/1162/2
f 3095/2915/5 4610/1160/5 2067/510/5 579/509/5
f 1226/2918/5 3098/2923/5 4610/1160/5 3095/2915/5
f 3098/2923/5 1004/2922/5 1880/1161/5 4610/1160/5
f 3099/2925/4 4611/1158/4 2053/492/4 565/491/4
f 1227/2928/4 3102/2933/4 4611/1158/4 3099/2925/4
f 3102/2933/4 1002/2932/4 1878/1159/4 4611/1158/4
f 3103/2935/5 4612/1154/5 1765/1157/37 889/2936/37
f 1228/2940/5 3106/2945/5 4612/1154/5 3103/2935/5
f 3106/2945/5 1001/2944/5 1877/1155/5 4612/1154/5
f 3107/2947/5 4613/1150/5 1580/1153/37 704/2948/37
f 1229/2952/5 3110/2957/5 4613/1150/5 3107/2947/5
f 3110/2957/5 1000/2956/5 1876/1151/5 4613/1150/5
f 3111/2959/4 4614/1148/4 2046/142/4 558/141/4
f 1230/2962/4 3114/2967/4 4614/1148/4 3111/2959/4
f 3114/2967/4 998/2966/4 1874/1149/4 4614/1148/4
f 3115/2969/2 4615/1146/2 2018/230/2 530/229/2
f 1231/2972/2 3118/2977/2 4615/1146/2 3115/2969/2
f 3118/2977/2 991/2976/2 2479/1147/2 4615/1146/2
f 3119/2979/1 4616/1143/1 1764/1145/36 888/2980/36
f 1232/2983/1 3122/2988/1 4616/1143/1 3119/2979/1
f 3122/2988/1 993/2987/1 2481/1144/1 4616/1143/1
f 3123/2990/1 4617/1140/1 1578/1142/36 702/2991/36
f 1233/2994/1 3126/2999/1 4617/1140/1 3123/2990/1
f 3126/2999/1 994/2998/1 1870/1141/1 4617/1140/1
f 3127/3001/2 4618/1138/2 2025/456/2 537/455/2
f 1234/3004/2 3130/3009/2 4618/1138/2 3127/3001/2
f 3130/3009/2 992/3008/2 1868/1139/2 4618/1138/2
f 3131/3011/3 4619/1136/3 2032/186/3 544/185/3
f 1235/3014/3 3134/3019/3 4619/1136/3 3131/3011/3
f 3134/3019/3 985/3018/3 2473/1137/3 4619/1136/3
f 3135/3021/1 4620/1134/1 1863/1135/1 987/3022/1
f 1236/3026/1 3138/3029/1 4620/1134/1 3135/3021/1
f 3138/3029/1 519/261/1 1395/260/1 4620/1134/1
f 3139/3031/1 4621/1132/1 2476/1133/1 988/3032/1
f 1237/3036/1 3142/3039/1 4621/1132/1 3139/3031/1
f 3142/3039/1 512/422/1 1388/421/1 4621/1132/1
f 3143/3041/3 4622/1130/3 2039/474/3 551/473/3
f 1238/3044/3 3146/3049/3 4622/1130/3 3143/3041/3
f 3146/3049/3 986/3048/3 1862/1131/3 4622/1130/3
f 3147/3051/3 4623/1128/3 2472/1129/3 984/3052/3
f 1239/3056/3 3150/3059/3 4623/1128/3 3147/3051/3
f 3150/3059/3 540/458/3 1416/457/3 4623/1128/3
f 3151/3061/3 4624/1126/3 2471/1127/3 983/3062/3
f 1240/3066/3 3154/3069/3 4624/1126/3 3151/3061/3
f 3154/3069/3 547/173/3 1423/172/3 4624/1126/3
f 3155/3071/4 4625/1124/4 1855/1125/4 979/3072/4
f 1241/3076/4 3158/3079/4 4625/1124/4 3155/3071/4
f 3158/3079/4 561/129/4 1437/128/4 4625/1124/4
f 3159/3081/4 4626/1122/4 2468/1123/4 980/3082/4
f 1242/3086/4 3162/3089/4 4626/1122/4 3159/3081/4
f 3162/3089/4 554/476/4 1430/475/4 4626/1122/4
f 3163/3091/3 4627/1118/3 1799/1121/47 923/3092/47
f 1243/3096/3 3166/3101/3 4627/1118/3 3163/3091/3
f 3166/3101/3 978/3100/3 1854/1119/3 4627/1118/3
f 3167/3103/5 4628/1114/5 1789/1117/37 913/3104/37
f 1244/3108/5 3170/3113/5 4628/1114/5 3167/3103/5
f 3170/3113/5 976/3112/5 1852/1115/5 4628/1114/5
f 3171/3115/4 4629/1110/4 2462/1113/4 974/3116/4
f 1245/3120/4 3174/3125/4 4629/1110/4 3171/3115/4
f 3174/3125/4 973/3124/4 1849/1111/4 4629/1110/4
f 3175/3127/6 4630/1106/6 1550/1109/43 674/3128/43
f 1246/3132/6 3178/3137/6 4630/1106/6 3175/3127/6
f 3178/3137/6 925/3136/49 2413/1107/49 4630/1106/6
f 3179/3139/5 4631/1104/5 1541/1105/37 665/3140/37
f 1247/3144/5 3182/3149/5 4631/1104/5 3179/3139/5
f 3182/3149/5 675/3148/44 2163/688/44 4631/1104/5
f 3183/3151/4 4632/1102/4 2456/1103/4 968/3152/4
f 1248/3156/4 3186/3161/4 4632/1102/4 3183/3151/4
f 3186/3161/4 926/3160/50 2414/1036/50 4632/1102/4
f 3187/3163/4 4633/1099/4 1548/1101/42 672/3164/42
f 1249/3167/4 3190/3172/4 4633/1099/4 3187/3163/4
f 3190/3172/4 966/3171/4 1842/1100/4 4633/1099/4
f 3191/3174/1 4634/1095/1 2452/1098/1 964/3175/1
f 1250/3179/1 3194/3184/1 4634/1095/1 3191/3174/1
f 3194/3184/1 963/3183/1 1839/1096/1 4634/1095/1
f 3195/3186/3 4635/1091/3 2450/1094/3 962/3187/3
f 1251/3191/3 3198/3196/3 4635/1091/3 3195/3186/3
f 3198/3196/3 961/3195/3 1837/1092/3 4635/1091/3
f 3199/3198/1 4636/1089/1 2448/1090/1 960/3199/1
f 1252/3203/1 3202/3208/1 4636/1089/1 3199/3198/1
f 3202/3208/1 928/3207/52 2416/1040/52 4636/1089/1
f 3203/3210/4 4637/1087/4 1794/1088/42 918/3211/42
f 1253/3214/4 3206/3219/4 4637/1087/4 3203/3210/4
f 3206/3219/4 684/3218/50 2172/700/50 4637/1087/4
f 3207/3221/6 4638/1083/6 2444/1086/6 956/3222/6
f 1254/3226/6 3210/3231/6 4638/1083/6 3207/3221/6
f 3210/3231/6 683/3230/49 2171/1084/49 4638/1083/6
f 3211/3233/2 4639/1080/2 1545/1082/40 669/3234/40
f 1255/3237/2 3214/3242/2 4639/1080/2 3211/3233/2
f 3214/3242/2 954/3241/2 1830/1081/2 4639/1080/2
f 3215/3244/3 4640/1076/3 1556/1079/47 680/3245/47
f 1256/3249/3 3218/3254/3 4640/1076/3 3215/3244/3
f 3218/3254/3 929/3253/53 2417/1077/53 4640/1076/3
f 3219/3256/5 4641/1072/5 2438/1075/5 950/3257/5
f 1257/3261/5 3222/3266/5 4641/1072/5 3219/3256/5
f 3222/3266/5 949/3265/5 1825/1073/5 4641/1072/5
f 3223/3268/5 4642/1070/5 2436/1071/5 948/3269/5
f 1258/3273/5 3226/3278/5 4642/1070/5 3223/3268/5
f 3226/3278/5 920/3277/44 2408/1024/44 4642/1070/5
f 3227/3280/2 4643/1068/2 1792/1069/40 916/3281/40
f 1259/3284/2 3230/3289/2 4643/1068/2 3227/3280/2
f 3230/3289/2 678/3288/46 2166/692/46 4643/1068/2
f 3231/3291/6 4644/1064/6 1795/1067/43 919/3292/43
f 1260/3296/6 3234/3301/6 4644/1064/6 3231/3291/6
f 3234/3301/6 944/3300/6 1820/1065/6 4644/1064/6
f 3235/3303/1 4645/1061/1 1539/1063/36 663/3304/36
f 1261/3307/1 3238/3312/1 4645/1061/1 3235/3303/1
f 3238/3312/1 942/3311/1 1818/1062/1 4645/1061/1
f 3239/3314/3 4646/1057/3 2428/1060/3 940/3315/3
f 1262/3319/3 3242/3324/3 4646/1057/3 3239/3314/3
f 3242/3324/3 689/3323/53 2177/1058/53 4646/1057/3
f 3243/3326/2 4647/1053/2 2426/1056/2 938/3327/2
f 1263/3331/2 3246/3336/2 4647/1053/2 3243/3326/2
f 3246/3336/2 937/3335/2 1813/1054/2 4647/1053/2
f 3247/3338/2 4648/1051/2 2424/1052/2 936/3339/2
f 1264/3343/2 3250/3348/2 4648/1051/2 3247/3338/2
f 3250/3348/2 922/3347/46 2410/1028/46 4648/1051/2
f 3251/3350/1 4649/1049/1 1788/1050/36 912/3351/36
f 1265/3354/1 3254/3359/1 4649/1049/1 3251/3350/1
f 3254/3359/1 687/3358/52 2175/704/52 4649/1049/1
f 3255/3361/6 4650/1045/6 2420/1048/6 932/3362/6
f 1266/3366/6 3258/3371/6 4650/1045/6 3255/3361/6
f 3258/3371/6 931/3370/6 1807/1046/6 4650/1045/6
f 3259/3373/90 4651/1041/90 2418/1044/54 930/3374/54
f 1267/3378/90 3262/3383/90 4651/1041/90 3259/3373/90
f 3262/3383/90 831/3382/90 2319/1042/90 4651/1041/90
f 3263/3385/89 4652/1037/89 2416/1040/52 928/3207/52
f 1268/3388/89 3266/3393/89 4652/1037/89 3263/3385/89
f 3266/3393/89 827/3392/89 2315/1038/89 4652/1037/89
f 3267/3395/88 4653/1033/88 2414/1036/50 926/3160/50
f 1269/3398/88 3270/3403/88 4653/1033/88 3267/3395/88
f 3270/3403/88 823/3402/88 2311/1034/88 4653/1033/88
f 3271/3405/87 4654/1029/87 2412/1032/48 924/3406/48
f 1270/3410/87 3274/3415/87 4654/1029/87 3271/3405/87
f 3274/3415/87 819/3414/87 2307/1030/87 4654/1029/87
f 3275/3417/86 4655/1025/86 2410/1028/46 922/3347/46
f 1271/3420/86 3278/3425/86 4655/1025/86 3275/3417/86
f 3278/3425/86 815/3424/86 2303/1026/86 4655/1025/86
f 3279/3427/85 4656/1021/85 2408/1024/44 920/3277/44
f 1272/3430/85 3282/3435/85 4656/1021/85 3279/3427/85
f 3282/3435/85 811/3434/85 2299/1022/85 4656/1021/85
f 3283/3437/84 4657/1017/84 2406/1020/42 918/3211/42
f 1273/3440/84 3286/3445/84 4657/1017/84 3283/3437/84
f 3286/3445/84 807/3444/84 2295/1018/84 4657/1017/84
f 3287/3447/83 4658/1013/83 2404/1016/40 916/3281/40
f 1274/3450/83 3290/3455/83 4658/1013/83 3287/3447/83
f 3290/3455/83 803/3454/83 2291/1014/83 4658/1013/83
f 3291/3457/82 4659/1009/82 2402/1012/38 914/3458/38
f 1275/3462/82 3294/3467/82 4659/1009/82 3291/3457/82
f 3294/3467/82 799/3466/82 2287/1010/82 4659/1009/82
f 3295/3469/81 4660/1005/81 2400/1008/36 912/3351/36
f 1276/3472/81 3298/3477/81 4660/1005/81 3295/3469/81
f 3298/3477/81 795/3476/81 2283/1006/81 4660/1005/81
f 3299/3479/80 4661/1001/80 2398/1004/34 910/3480/34
f 1277/3484/80 3302/3489/80 4661/1001/80 3299/3479/80
f 3302/3489/80 791/3488/80 2279/1002/80 4661/1001/80
f 3303/3491/79 4662/997/79 2396/1000/32 908/3492/32
f 1278/3496/79 3306/3501/79 4662/997/79 3303/3491/79
f 3306/3501/79 787/3500/79 2275/998/79 4662/997/79
f 3307/3503/90 4663/993/90 2394/996/54 906/3504/54
f 1279/3508/90 3310/3513/90 4663/993/90 3307/3503/90
f 3310/3513/90 783/3512/90 2271/994/90 4663/993/90
f 3311/3515/89 4664/989/89 2392/992/52 904/2644/52
f 1280/3518/89 3314/3523/89 4664/989/89 3311/3515/89
f 3314/3523/89 779/3522/89 2267/990/89 4664/989/89
f 3315/3525/88 4665/985/88 2390/988/50 902/2690/50
f 1281/3528/88 3318/3533/88 4665/985/88 3315/3525/88
f 3318/3533/88 775/3532/88 2263/986/88 4665/985/88
f 3319/3535/87 4666/981/87 2388/984/48 900/3536/48
f 1282/3540/87 3322/3545/87 4666/981/87 3319/3535/87
f 3322/3545/87 771/3544/87 2259/982/87 4666/981/87
f 3323/3547/86 4667/977/86 2386/980/46 898/2770/46
f 1283/3550/86 3326/3555/86 4667/977/86 3323/3547/86
f 3326/3555/86 767/3554/86 2255/978/86 4667/977/86
f 3327/3557/85 4668/973/85 2384/976/44 896/2814/44
f 1284/3560/85 3330/3565/85 4668/973/85 3327/3557/85
f 3330/3565/85 763/3564/85 2251/974/85 4668/973/85
f 3331/3567/84 4669/969/84 2382/972/42 894/2852/42
f 1285/3570/84 3334/3575/84 4669/969/84 3331/3567/84
f 3334/3575/84 759/3574/84 2247/970/84 4669/969/84
f 3335/3577/83 4670/965/83 2380/968/40 892/2894/40
f 1286/3580/83 3338/3585/83 4670/965/83 3335/3577/83
f 3338/3585/83 755/3584/83 2243/966/83 4670/965/83
f 3339/3587/82 4671/961/82 2378/964/38 890/3588/38
f 1287/3592/82 3342/3597/82 4671/961/82 3339/3587/82
f 3342/3597/82 751/3596/82 2239/962/82 4671/961/82
f 3343/3599/81 4672/957/81 2376/960/36 888/2980/36
f 1288/3602/81 3346/3607/81 4672/957/81 3343/3599/81
f 3346/3607/81 747/3606/81 2235/958/81 4672/957/81
f 3347/3609/80 4673/953/80 2374/956/34 886/3610/34
f 1289/3614/80 3350/3619/80 4673/953/80 3347/3609/80
f 3350/3619/80 743/3618/80 2231/954/80 4673/953/80
f 3351/3621/79 4674/949/79 2372/952/32 884/3622/32
f 1290/3626/79 3354/3631/79 4674/949/79 3351/3621/79
f 3354/3631/79 739/3630/79 2227/950/79 4674/949/79
f 3355/3633/90 4675/945/90 2370/948/54 882/3634/54
f 1291/3638/90 3358/3643/90 4675/945/90 3355/3633/90
f 3358/3643/90 735/3642/90 2223/946/90 4675/945/90
f 3359/3645/89 4676/941/89 2368/944/52 880/1577/52
f 1292/3648/89 3362/3653/89 4676/941/89 3359/3645/89
f 3362/3653/89 731/3652/89 2219/942/89 4676/941/89
f 3363/3655/88 4677/937/88 2366/940/50 878/1624/50
f 1293/3658/88 3366/3663/88 4677/937/88 3363/3655/88
f 3366/3663/88 727/3662/88 2215/938/88 4677/937/88
f 3367/3665/87 4678/933/87 2364/936/48 876/3666/48
f 1294/3670/87 3370/3675/87 4678/933/87 3367/3665/87
f 3370/3675/87 723/3674/87 2211/934/87 4678/933/87
f 3371/3677/86 4679/929/86 2362/932/46 874/1705/46
f 1295/3680/86 3374/3685/86 4679/929/86 3371/3677/86
f 3374/3685/86 719/3684/86 2207/930/86 4679/929/86
f 3375/3687/85 4680/925/85 2360/928/44 872/1738/44
f 1296/3690/85 3378/3695/85 4680/925/85 3375/3687/85
f 3378/3695/85 715/3694/85 2203/926/85 4680/925/85
f 3379/3697/84 4681/921/84 2358/924/42 870/1799/42
f 1297/3700/84 3382/3705/84 4681/921/84 3379/3697/84
f 3382/3705/84 711/3704/84 2199/922/84 4681/921/84
f 3383/3707/83 4682/917/83 2356/920/40 868/1842/40
f 1298/3710/83 3386/3715/83 4682/917/83 3383/3707/83
f 3386/3715/83 707/3714/83 2195/918/83 4682/917/83
f 3387/3717/82 4683/913/82 2354/916/38 866/3718/38
f 1299/3722/82 3390/3727/82 4683/913/82 3387/3717/82
f 3390/3727/82 703/3726/82 2191/914/82 4683/913/82
f 3391/3729/81 4684/909/81 2352/912/36 864/1930/36
f 1300/3732/81 3394/3737/81 4684/909/81 3391/3729/81
f 3394/3737/81 699/3736/81 2187/910/81 4684/909/81
f 3395/3739/80 4685/905/80 2350/908/34 862/3740/34
f 1301/3744/80 3398/3749/80 4685/905/80 3395/3739/80
f 3398/3749/80 695/3748/80 2183/906/80 4685/905/80
f 3399/3751/79 4686/901/79 2348/904/32 860/3752/32
f 1302/3756/79 3402/3761/79 4686/901/79 3399/3751/79
f 3402/3761/79 691/3760/79 2179/902/79 4686/901/79
f 3403/3763/90 4687/897/90 2346/900/54 858/3764/54
f 1303/3768/90 3406/3773/90 4687/897/90 3403/3763/90
f 3406/3773/90 688/3772/90 2176/898/90 4687/897/90
f 3407/3775/89 4688/893/89 2344/896/52 856/2112/52
f 1304/3778/89 3410/3783/89 4688/893/89 3407/3775/89
f 3410/3783/89 685/3782/89 2173/894/89 4688/893/89
f 3411/3785/88 4689/889/88 2342/892/50 854/2158/50
f 1305/3788/88 3414/3793/88 4689/889/88 3411/3785/88
f 3414/3793/88 682/3792/88 2170/890/88 4689/889/88
f 3415/3795/87 4690/885/87 2340/888/48 852/3796/48
f 1306/3800/87 3418/3805/87 4690/885/87 3415/3795/87
f 3418/3805/87 679/3804/87 2167/886/87 4690/885/87
f 3419/3807/86 4691/881/86 2338/884/46 850/2239/46
f 1307/3810/86 3422/3815/86 4691/881/86 3419/3807/86
f 3422/3815/86 676/3814/86 2164/882/86 4691/881/86
f 3423/3817/85 4692/877/85 2336/880/44 848/2284/44
f 1308/3820/85 3426/3825/85 4692/877/85 3423/3817/85
f 3426/3825/85 673/3824/85 2161/878/85 4692/877/85
f 3427/3827/84 4693/873/84 2334/876/42 846/2333/42
f 1309/3830/84 3430/3835/84 4693/873/84 3427/3827/84
f 3430/3835/84 670/3834/84 2158/874/84 4693/873/84
f 3431/3837/83 4694/869/83 2332/872/40 844/2376/40
f 1310/3840/83 3434/3845/83 4694/869/83 3431/3837/83
f 3434/3845/83 667/3844/83 2155/870/83 4694/869/83
f 3435/3847/82 4695/865/82 2330/868/38 842/3848/38
f 1311/3852/82 3438/3857/82 4695/865/82 3435/3847/82
f 3438/3857/82 664/3856/82 2152/866/82 4695/865/82
f 3439/3859/81 4696/861/81 2328/864/36 840/2464/36
f 1312/3862/81 3442/3867/81 4696/861/81 3439/3859/81
f 3442/3867/81 661/3866/81 2149/862/81 4696/861/81
f 3443/3869/80 4697/857/80 2326/860/34 838/3870/34
f 1313/3874/80 3446/3879/80 4697/857/80 3443/3869/80
f 3446/3879/80 658/3878/80 2146/858/80 4697/857/80
f 3447/3881/79 4698/853/79 2324/856/32 836/3882/32
f 1314/3886/79 3450/3891/79 4698/853/79 3447/3881/79
f 3450/3891/79 655/3890/79 2143/854/79 4698/853/79
f 3451/3893/90 4699/849/90 2322/852/54 834/3894/54
f 1315/3898/90 3454/3903/90 4699/849/90 3451/3893/90
f 3454/3903/90 833/3902/90 1709/850/90 4699/849/90
f 3455/3905/89 4700/845/89 2318/848/52 830/1555/52
f 1316/3908/89 3458/3913/89 4700/845/89 3455/3905/89
f 3458/3913/89 829/3912/89 1705/846/89 4700/845/89
f 3459/3915/88 4701/841/88 2314/844/50 826/1612/50
f 1317/3918/88 3462/3923/88 4701/841/88 3459/3915/88
f 3462/3923/88 825/3922/88 1701/842/88 4701/841/88
f 3463/3925/87 4702/837/87 2310/840/48 822/3926/48
f 1318/3930/87 3466/3935/87 4702/837/87 3463/3925/87
f 3466/3935/87 821/3934/87 1697/838/87 4702/837/87
f 3467/3937/86 4703/833/86 2306/836/46 818/1693/46
f 1319/3940/86 3470/3945/86 4703/833/86 3467/3937/86
f 3470/3945/86 817/3944/86 1693/834/86 4703/833/86
f 3471/3947/85 4704/829/85 2302/832/44 814/1774/44
f 1320/3950/85 3474/3955/85 4704/829/85 3471/3947/85
f 3474/3955/85 813/3954/85 1689/830/85 4704/829/85
f 3475/3957/84 4705/825/84 2298/828/42 810/1810/42
f 1321/3960/84 3478/3965/84 4705/825/84 3475/3957/84
f 3478/3965/84 809/3964/84 1685/826/84 4705/825/84
f 3479/3967/83 4706/821/83 2294/824/40 806/1853/40
f 1322/3970/83 3482/3975/83 4706/821/83 3479/3967/83
f 3482/3975/83 805/3974/83 1681/822/83 4706/821/83
f 3483/3977/82 4707/817/82 2290/820/38 802/3978/38
f 1323/3982/82 3486/3987/82 4707/817/82 3483/3977/82
f 3486/3987/82 801/3986/82 1677/818/82 4707/817/82
f 3487/3989/81 4708/813/81 2286/816/36 798/1941/36
f 1324/3992/81 3490/3997/81 4708/813/81 3487/3989/81
f 3490/3997/81 797/3996/81 1673/814/81 4708/813/81
f 3491/3999/80 4709/809/80 2282/812/34 794/4000/34
f 1325/4004/80 3494/4009/80 4709/809/80 3491/3999/80
f 3494/4009/80 793/4008/80 1669/810/80 4709/809/80
f 3495/4011/79 4710/805/79 2278/808/32 790/4012/32
f 1326/4016/79 3498/4021/79 4710/805/79 3495/4011/79
f 3498/4021/79 789/4020/79 1665/806/79 4710/805/79
f 3499/4023/90 4711/801/90 2274/804/54 786/4024/54
f 1327/4028/90 3502/4033/90 4711/801/90 3499/4023/90
f 3502/4033/90 785/4032/90 1661/802/90 4711/801/90
f 3503/4035/89 4712/797/89 2270/800/52 782/2089/52
f 1328/4038/89 3506/4043/89 4712/797/89 3503/4035/89
f 3506/4043/89 781/4042/89 1657/798/89 4712/797/89
f 3507/4045/88 4713/793/88 2266/796/50 778/2134/50
f 1329/4048/88 3510/4053/88 4713/793/88 3507/4045/88
f 3510/4053/88 777/4052/88 1653/794/88 4713/793/88
f 3511/4055/87 4714/789/87 2262/792/48 774/4056/48
f 1330/4060/87 3514/4065/87 4714/789/87 3511/4055/87
f 3514/4065/87 773/4064/87 1649/790/87 4714/789/87
f 3515/4067/86 4715/785/86 2258/788/46 770/2227/46
f 1331/4070/86 3518/4075/86 4715/785/86 3515/4067/86
f 3518/4075/86 769/4074/86 1645/786/86 4715/785/86
f 3519/4077/85 4716/781/85 2254/784/44 766/2272/44
f 1332/4080/85 3522/4085/85 4716/781/85 3519/4077/85
f 3522/4085/85 765/4084/85 1641/782/85 4716/781/85
f 3523/4087/84 4717/777/84 2250/780/42 762/2344/42
f 1333/4090/84 3526/4095/84 4717/777/84 3523/4087/84
f 3526/4095/84 761/4094/84 1637/778/84 4717/777/84
f 3527/4097/83 4718/773/83 2246/776/40 758/2387/40
f 1334/4100/83 3530/4105/83 4718/773/83 3527/4097/83
f 3530/4105/83 757/4104/83 1633/774/83 4718/773/83
f 3531/4107/82 4719/769/82 2242/772/38 754/4108/38
f 1335/4112/82 3534/4117/82 4719/769/82 3531/4107/82
f 3534/4117/82 753/4116/82 1629/770/82 4719/769/82
f 3535/4119/81 4720/765/81 2238/768/36 750/2475/36
f 1336/4122/81 3538/4127/81 4720/765/81 3535/4119/81
f 3538/4127/81 749/4126/81 1625/766/81 4720/765/81
f 3539/4129/80 4721/761/80 2234/764/34 746/4130/34
f 1337/4134/80 3542/4139/80 4721/761/80 3539/4129/80
f 3542/4139/80 745/4138/80 1621/762/80 4721/761/80
f 3543/4141/79 4722/757/79 2230/760/32 742/4142/32
f 1338/4146/79 3546/4151/79 4722/757/79 3543/4141/79
f 3546/4151/79 741/4150/79 1617/758/79 4722/757/79
f 3547/4153/90 4723/753/90 2226/756/54 738/4154/54
f 1339/4158/90 3550/4163/90 4723/753/90 3547/4153/90
f 3550/4163/90 737/4162/90 1613/754/90 4723/753/90
f 3551/4165/89 4724/749/89 2222/752/52 734/2632/52
f 1340/4168/89 3554/4173/89 4724/749/89 3551/4165/89
f 3554/4173/89 733/4172/89 1609/750/89 4724/749/89
f 3555/4175/88 4725/745/88 2218/748/50 730/2678/50
f 1341/4178/88 3558/4183/88 4725/745/88 3555/4175/88
f 3558/4183/88 729/4182/88 1605/746/88 4725/745/88
f 3559/4185/87 4726/741/87 2214/744/48 726/4186/48
f 1342/4190/87 3562/4195/87 4726/741/87 3559/4185/87
f 3562/4195/87 725/4194/87 1601/742/87 4726/741/87
f 3563/4197/86 4727/737/86 2210/740/46 722/2758/46
f 1343/4200/86 3566/4205/86 4727/737/86 3563/4197/86
f 3566/4205/86 721/4204/86 1597/738/86 4727/737/86
f 3567/4207/85 4728/733/85 2206/736/44 718/2802/44
f 1344/4210/85 3570/4215/85 4728/733/85 3567/4207/85
f 3570/4215/85 717/4214/85 1593/734/85 4728/733/85
f 3571/4217/84 4729/729/84 2202/732/42 714/2863/42
f 1345/4220/84 3574/4225/84 4729/729/84 3571/4217/84
f 3574/4225/84 713/4224/84 1589/730/84 4729/729/84
f 3575/4227/83 4730/725/83 2198/728/40 710/2905/40
f 1346/4230/83 3578/4235/83 4730/725/83 3575/4227/83
f 3578/4235/83 709/4234/83 1585/726/83 4730/725/83
f 3579/4237/82 4731/721/82 2194/724/38 706/4238/38
f 1347/4242/82 3582/4247/82 4731/721/82 3579/4237/82
f 3582/4247/82 705/4246/82 1581/722/82 4731/721/82
f 3583/4249/81 4732/717/81 2190/720/36 702/2991/36
f 1348/4252/81 3586/4257/81 4732/717/81 3583/4249/81
f 3586/4257/81 701/4256/81 1577/718/81 4732/717/81
f 3587/4259/80 4733/713/80 2186/716/34 698/4260/34
f 1349/4264/80 3590/4269/80 4733/713/80 3587/4259/80
f 3590/4269/80 697/4268/80 1573/714/80 4733/713/80
f 3591/4271/79 4734/709/79 2182/712/32 694/4272/32
f 1350/4276/79 3594/4281/79 4734/709/79 3591/4271/79
f 3594/4281/79 693/4280/79 1569/710/79 4734/709/79
f 3595/4283/90 4735/705/90 2178/708/54 690/4284/54
f 1351/4288/90 3598/4293/90 4735/705/90 3595/4283/90
f 3598/4293/90 636/4292/60 2124/706/60 4735/705/90
f 3599/4295/89 4736/701/89 2175/704/52 687/3358/52
f 1352/4298/89 3602/4302/89 4736/701/89 3599/4295/89
f 3602/4302/89 631/4301/55 2119/702/55 4736/701/89
f 3603/4304/88 4737/697/88 2172/700/50 684/3218/50
f 1353/4307/88 3606/4311/88 4737/697/88 3603/4304/88
f 3606/4311/88 643/4310/67 2131/698/67 4737/697/88
f 3607/4313/87 4738/693/87 2169/696/48 681/4314/48
f 1354/4318/87 3610/4323/87 4738/693/87 3607/4313/87
f 3610/4323/87 642/4322/66 2130/694/66 4738/693/87
f 3611/4325/86 4739/689/86 2166/692/46 678/3288/46
f 1355/4328/86 3614/4332/86 4739/689/86 3611/4325/86
f 3614/4332/86 637/4331/61 2125/690/61 4739/689/86
f 3615/4334/85 4740/685/85 2163/688/44 675/3148/44
f 1356/4337/85 3618/4342/85 4740/685/85 3615/4334/85
f 3618/4342/85 651/4341/75 2139/686/75 4740/685/85
f 3619/4344/84 4741/681/84 2160/684/42 672/3164/42
f 1357/4347/84 3622/4352/84 4741/681/84 3619/4344/84
f 3622/4352/84 648/4351/72 2136/682/72 4741/681/84
f 3623/4354/83 4742/679/83 2157/680/40 669/3234/40
f 1358/4357/83 3626/4362/83 4742/679/83 3623/4354/83
f 3626/4362/83 641/4361/65 2129/653/65 4742/679/83
f 3627/4364/82 4743/677/82 2154/678/38 666/4365/38
f 1359/4369/82 3630/4374/82 4743/677/82 3627/4364/82
f 3630/4374/82 650/4373/74 2138/662/74 4743/677/82
f 3631/4376/81 4744/675/81 2151/676/36 663/3304/36
f 1360/4379/81 3634/4384/81 4744/675/81 3631/4376/81
f 3634/4384/81 635/4383/59 2123/647/59 4744/675/81
f 3635/4386/80 4745/671/80 2148/674/34 660/4387/34
f 1361/4391/80 3638/4395/80 4745/671/80 3635/4386/80
f 3638/4395/80 646/4394/70 2134/672/70 4745/671/80
f 3639/4397/79 4746/667/79 2145/670/32 657/4398/32
f 1362/4402/79 3642/4406/79 4746/667/79 3639/4397/79
f 3642/4406/79 652/4405/76 2140/668/76 4746/667/79
f 1528/666/76 3644/4408/92 652/4405/76
f 1528/666/76 2141/665/77 3644/4408/92
f 2141/665/77 653/4409/77 3644/4408/92
f 1525/663/73 3647/4415/95 649/4412/73
f 1525/663/73 2138/662/74 3647/4415/95
f 2138/662/74 650/4373/74 3647/4415/95
f 1522/660/70 3650/4418/98 646/4394/70
f 1522/660/70 2135/659/71 3650/4418/98
f 2135/659/71 647/4419/71 3650/4418/98
f 1519/657/67 3653/4423/101 643/4310/67
f 1519/657/67 2132/656/68 3653/4423/101
f 2132/656/68 644/4424/68 3653/4423/101
f 1516/654/64 3656/4430/104 640/4427/64
f 1516/654/64 2129/653/65 3656/4430/104
f 2129/653/65 641/4361/65 3656/4430/104
f 1513/651/61 3659/4433/107 637/4331/61
f 1513/651/61 2126/650/62 3659/4433/107
f 2126/650/62 638/4434/62 3659/4433/107
f 1510/648/58 3662/4440/110 634/4437/58
f 1510/648/58 2123/647/59 3662/4440/110
f 2123/647/59 635/4383/59 3662/4440/110
f 1507/645/55 3665/4443/113 631/4301/55
f 1507/645/55 2120/644/56 3665/4443/113
f 2120/644/56 632/4444/56 3665/4443/113
f 2118/642/6 1505/4971/6 294/4862/6
f 2118/642/6 3667/641/6 1505/4971/6
f 3667/641/6 629/4448/6 1505/4971/6
f 2116/639/5 1503/4925/5 293/4861/5
f 2116/639/5 3668/638/5 1503/4925/5
f 3668/638/5 627/4451/5 1503/4925/5
f 2114/636/4 1501/4934/4 292/4852/4
f 2114/636/4 3669/635/4 1501/4934/4
f 3669/635/4 625/4454/4 1501/4934/4
f 2112/633/3 1499/4981/3 291/4846/3
f 2112/633/3 3670/632/3 1499/4981/3
f 3670/632/3 623/4457/3 1499/4981/3
f 2110/630/2 1497/4926/2 290/4841/2
f 2110/630/2 3671/629/2 1497/4926/2
f 3671/629/2 621/4460/2 1497/4926/2
f 2108/627/1 1495/4940/1 289/4836/1
f 2108/627/1 3672/626/1 1495/4940/1
f 3672/626/1 619/4463/1 1495/4940/1
f 3673/525/6 2079/4935/6 591/4465/6
f 3673/525/6 2080/524/6 2079/4935/6
f 2080/524/6 268/1480/6 2079/4935/6
f 1459/516/6 1460/4961/6 264/1319/6
f 1459/516/6 3674/515/6 1460/4961/6
f 3674/515/6 584/4468/6 1460/4961/6
f 3675/507/5 2065/4960/5 577/4469/5
f 3675/507/5 2066/506/5 2065/4960/5
f 2066/506/5 259/1421/5 2065/4960/5
f 1445/498/5 1446/4959/5 255/1454/5
f 1445/498/5 3676/497/5 1446/4959/5
f 3676/497/5 570/4472/5 1446/4959/5
f 3677/489/4 2051/4972/4 563/4473/4
f 3677/489/4 2052/488/4 2051/4972/4
f 2052/488/4 250/1283/4 2051/4972/4
f 1431/480/4 1432/4924/4 246/1370/4
f 1431/480/4 3678/479/4 1432/4924/4
f 3678/479/4 556/4476/4 1432/4924/4
f 3679/471/3 2037/4944/3 549/4477/3
f 3679/471/3 2038/470/3 2037/4944/3
f 2038/470/3 241/1380/3 2037/4944/3
f 1417/462/3 1418/4970/3 237/1247/3
f 1417/462/3 3680/461/3 1418/4970/3
f 3680/461/3 542/4480/3 1418/4970/3
f 3681/453/2 2023/4962/2 535/4481/2
f 3681/453/2 2024/452/2 2023/4962/2
f 2024/452/2 232/1398/2 2023/4962/2
f 1403/444/2 1404/4923/2 228/1492/2
f 1403/444/2 3682/443/2 1404/4923/2
f 3682/443/2 528/4484/2 1404/4923/2
f 3683/435/1 2009/4980/1 521/4485/1
f 3683/435/1 2010/434/1 2009/4980/1
f 2010/434/1 223/1432/1 2009/4980/1
f 1389/426/1 1390/4922/1 219/1382/1
f 1389/426/1 3684/425/1 1390/4922/1
f 3684/425/1 514/4488/1 1390/4922/1
